Month, Demand
Jan,102
Feb,102
Mar,101
Apr,97
May,125
Jun,136
Jul,99.200000000000003
Aug,101
Sep,98.933000000000007
Oct,96.799999999999997
Nov,93
Dec,87.200000000000003
