,DateTime,Year,Month,Day,Hour,DayOfWeek,DayType,MonthName,BaseLoadFactor,LoadFactor,MonthlyConsumption_kWh,MonthlyDemand_kW,HourlyLoad_kW,season,time,TOU
0,2025-01-01 00:00:00,2025,1,1,0,2,Weekday,Jan,0.1105,0.1105,46035,231,24.71,low,00:00,OP
1,2025-01-01 01:00:00,2025,1,1,1,2,Weekday,Jan,0.1022,0.1022,46035,231,22.85,low,01:00,OP
2,2025-01-01 02:00:00,2025,1,1,2,2,Weekday,Jan,0.1079,0.1079,46035,231,24.12,low,02:00,OP
3,2025-01-01 03:00:00,2025,1,1,3,2,Weekday,Jan,0.1285,0.1285,46035,231,28.72,low,03:00,OP
4,2025-01-01 04:00:00,2025,1,1,4,2,Weekday,Jan,0.1432,0.1432,46035,231,32.01,low,04:00,OP
5,2025-01-01 05:00:00,2025,1,1,5,2,Weekday,Jan,0.157,0.157,46035,231,35.1,low,05:00,OP
6,2025-01-01 06:00:00,2025,1,1,6,2,Weekday,Jan,0.289,0.289,46035,231,64.61,low,06:00,STD
7,2025-01-01 07:00:00,2025,1,1,7,2,Weekday,Jan,0.046,0.1,46035,231,22.35,low,07:00,PK
8,2025-01-01 08:00:00,2025,1,1,8,2,Weekday,Jan,0.3365,0.3365,46035,231,75.22,low,08:00,PK
9,2025-01-01 09:00:00,2025,1,1,9,2,Weekday,Jan,0.6077,0.6077,46035,231,135.85,low,09:00,STD
10,2025-01-01 10:00:00,2025,1,1,10,2,Weekday,Jan,0.5644,0.5644,46035,231,126.17,low,10:00,STD
11,2025-01-01 11:00:00,2025,1,1,11,2,Weekday,Jan,0.5577,0.5577,46035,231,124.67,low,11:00,STD
12,2025-01-01 12:00:00,2025,1,1,12,2,Weekday,Jan,0.5319,0.5319,46035,231,118.91,low,12:00,STD
13,2025-01-01 13:00:00,2025,1,1,13,2,Weekday,Jan,0.5076,0.5076,46035,231,113.48,low,13:00,STD
14,2025-01-01 14:00:00,2025,1,1,14,2,Weekday,Jan,0.4855,0.4855,46035,231,108.53,low,14:00,STD
15,2025-01-01 15:00:00,2025,1,1,15,2,Weekday,Jan,0.4967,0.4967,46035,231,111.04,low,15:00,STD
16,2025-01-01 16:00:00,2025,1,1,16,2,Weekday,Jan,0.5252,0.5252,46035,231,117.41,low,16:00,STD
17,2025-01-01 17:00:00,2025,1,1,17,2,Weekday,Jan,0.2875,0.2875,46035,231,64.27,low,17:00,STD
18,2025-01-01 18:00:00,2025,1,1,18,2,Weekday,Jan,0.0394,0.1,46035,231,22.35,low,18:00,PK
19,2025-01-01 19:00:00,2025,1,1,19,2,Weekday,Jan,0.0369,0.1,46035,231,22.35,low,19:00,PK
20,2025-01-01 20:00:00,2025,1,1,20,2,Weekday,Jan,0.2441,0.2441,46035,231,54.57,low,20:00,PK
21,2025-01-01 21:00:00,2025,1,1,21,2,Weekday,Jan,0.4107,0.4107,46035,231,91.81,low,21:00,STD
22,2025-01-01 22:00:00,2025,1,1,22,2,Weekday,Jan,0.1291,0.1291,46035,231,28.86,low,22:00,OP
23,2025-01-01 23:00:00,2025,1,1,23,2,Weekday,Jan,0.0986,0.1,46035,231,22.35,low,23:00,OP
24,2025-01-02 00:00:00,2025,1,2,0,3,Weekday,Jan,0.1105,0.1105,46035,231,24.71,low,00:00,OP
25,2025-01-02 01:00:00,2025,1,2,1,3,Weekday,Jan,0.1022,0.1022,46035,231,22.85,low,01:00,OP
26,2025-01-02 02:00:00,2025,1,2,2,3,Weekday,Jan,0.1079,0.1079,46035,231,24.12,low,02:00,OP
27,2025-01-02 03:00:00,2025,1,2,3,3,Weekday,Jan,0.1285,0.1285,46035,231,28.72,low,03:00,OP
28,2025-01-02 04:00:00,2025,1,2,4,3,Weekday,Jan,0.1432,0.1432,46035,231,32.01,low,04:00,OP
29,2025-01-02 05:00:00,2025,1,2,5,3,Weekday,Jan,0.157,0.157,46035,231,35.1,low,05:00,OP
30,2025-01-02 06:00:00,2025,1,2,6,3,Weekday,Jan,0.289,0.289,46035,231,64.61,low,06:00,STD
31,2025-01-02 07:00:00,2025,1,2,7,3,Weekday,Jan,0.046,0.1,46035,231,22.35,low,07:00,PK
32,2025-01-02 08:00:00,2025,1,2,8,3,Weekday,Jan,0.3365,0.3365,46035,231,75.22,low,08:00,PK
33,2025-01-02 09:00:00,2025,1,2,9,3,Weekday,Jan,0.6077,0.6077,46035,231,135.85,low,09:00,STD
34,2025-01-02 10:00:00,2025,1,2,10,3,Weekday,Jan,0.5644,0.5644,46035,231,126.17,low,10:00,STD
35,2025-01-02 11:00:00,2025,1,2,11,3,Weekday,Jan,0.5577,0.5577,46035,231,124.67,low,11:00,STD
36,2025-01-02 12:00:00,2025,1,2,12,3,Weekday,Jan,0.5319,0.5319,46035,231,118.91,low,12:00,STD
37,2025-01-02 13:00:00,2025,1,2,13,3,Weekday,Jan,0.5076,0.5076,46035,231,113.48,low,13:00,STD
38,2025-01-02 14:00:00,2025,1,2,14,3,Weekday,Jan,0.4855,0.4855,46035,231,108.53,low,14:00,STD
39,2025-01-02 15:00:00,2025,1,2,15,3,Weekday,Jan,0.4967,0.4967,46035,231,111.04,low,15:00,STD
40,2025-01-02 16:00:00,2025,1,2,16,3,Weekday,Jan,0.5252,0.5252,46035,231,117.41,low,16:00,STD
41,2025-01-02 17:00:00,2025,1,2,17,3,Weekday,Jan,0.2875,0.2875,46035,231,64.27,low,17:00,STD
42,2025-01-02 18:00:00,2025,1,2,18,3,Weekday,Jan,0.0394,0.1,46035,231,22.35,low,18:00,PK
43,2025-01-02 19:00:00,2025,1,2,19,3,Weekday,Jan,0.0369,0.1,46035,231,22.35,low,19:00,PK
44,2025-01-02 20:00:00,2025,1,2,20,3,Weekday,Jan,0.2441,0.2441,46035,231,54.57,low,20:00,PK
45,2025-01-02 21:00:00,2025,1,2,21,3,Weekday,Jan,0.4107,0.4107,46035,231,91.81,low,21:00,STD
46,2025-01-02 22:00:00,2025,1,2,22,3,Weekday,Jan,0.1291,0.1291,46035,231,28.86,low,22:00,OP
47,2025-01-02 23:00:00,2025,1,2,23,3,Weekday,Jan,0.0986,0.1,46035,231,22.35,low,23:00,OP
48,2025-01-03 00:00:00,2025,1,3,0,4,Weekday,Jan,0.1105,0.1105,46035,231,24.71,low,00:00,OP
49,2025-01-03 01:00:00,2025,1,3,1,4,Weekday,Jan,0.1022,0.1022,46035,231,22.85,low,01:00,OP
50,2025-01-03 02:00:00,2025,1,3,2,4,Weekday,Jan,0.1079,0.1079,46035,231,24.12,low,02:00,OP
51,2025-01-03 03:00:00,2025,1,3,3,4,Weekday,Jan,0.1285,0.1285,46035,231,28.72,low,03:00,OP
52,2025-01-03 04:00:00,2025,1,3,4,4,Weekday,Jan,0.1432,0.1432,46035,231,32.01,low,04:00,OP
53,2025-01-03 05:00:00,2025,1,3,5,4,Weekday,Jan,0.157,0.157,46035,231,35.1,low,05:00,OP
54,2025-01-03 06:00:00,2025,1,3,6,4,Weekday,Jan,0.289,0.289,46035,231,64.61,low,06:00,STD
55,2025-01-03 07:00:00,2025,1,3,7,4,Weekday,Jan,0.046,0.1,46035,231,22.35,low,07:00,PK
56,2025-01-03 08:00:00,2025,1,3,8,4,Weekday,Jan,0.3365,0.3365,46035,231,75.22,low,08:00,PK
57,2025-01-03 09:00:00,2025,1,3,9,4,Weekday,Jan,0.6077,0.6077,46035,231,135.85,low,09:00,STD
58,2025-01-03 10:00:00,2025,1,3,10,4,Weekday,Jan,0.5644,0.5644,46035,231,126.17,low,10:00,STD
59,2025-01-03 11:00:00,2025,1,3,11,4,Weekday,Jan,0.5577,0.5577,46035,231,124.67,low,11:00,STD
60,2025-01-03 12:00:00,2025,1,3,12,4,Weekday,Jan,0.5319,0.5319,46035,231,118.91,low,12:00,STD
61,2025-01-03 13:00:00,2025,1,3,13,4,Weekday,Jan,0.5076,0.5076,46035,231,113.48,low,13:00,STD
62,2025-01-03 14:00:00,2025,1,3,14,4,Weekday,Jan,0.4855,0.4855,46035,231,108.53,low,14:00,STD
63,2025-01-03 15:00:00,2025,1,3,15,4,Weekday,Jan,0.4967,0.4967,46035,231,111.04,low,15:00,STD
64,2025-01-03 16:00:00,2025,1,3,16,4,Weekday,Jan,0.5252,0.5252,46035,231,117.41,low,16:00,STD
65,2025-01-03 17:00:00,2025,1,3,17,4,Weekday,Jan,0.2875,0.2875,46035,231,64.27,low,17:00,STD
66,2025-01-03 18:00:00,2025,1,3,18,4,Weekday,Jan,0.0394,0.1,46035,231,22.35,low,18:00,PK
67,2025-01-03 19:00:00,2025,1,3,19,4,Weekday,Jan,0.0369,0.1,46035,231,22.35,low,19:00,PK
68,2025-01-03 20:00:00,2025,1,3,20,4,Weekday,Jan,0.2441,0.2441,46035,231,54.57,low,20:00,PK
69,2025-01-03 21:00:00,2025,1,3,21,4,Weekday,Jan,0.4107,0.4107,46035,231,91.81,low,21:00,STD
70,2025-01-03 22:00:00,2025,1,3,22,4,Weekday,Jan,0.1291,0.1291,46035,231,28.86,low,22:00,OP
71,2025-01-03 23:00:00,2025,1,3,23,4,Weekday,Jan,0.0986,0.1,46035,231,22.35,low,23:00,OP
72,2025-01-04 00:00:00,2025,1,4,0,5,Sat,Jan,0.11,0.11,46035,231,24.59,low,00:00,OP
73,2025-01-04 01:00:00,2025,1,4,1,5,Sat,Jan,0.1034,0.1034,46035,231,23.12,low,01:00,OP
74,2025-01-04 02:00:00,2025,1,4,2,5,Sat,Jan,0.1073,0.1073,46035,231,23.99,low,02:00,OP
75,2025-01-04 03:00:00,2025,1,4,3,5,Sat,Jan,0.1261,0.1261,46035,231,28.19,low,03:00,OP
76,2025-01-04 04:00:00,2025,1,4,4,5,Sat,Jan,0.1426,0.1426,46035,231,31.87,low,04:00,OP
77,2025-01-04 05:00:00,2025,1,4,5,5,Sat,Jan,0.1505,0.1505,46035,231,33.65,low,05:00,OP
78,2025-01-04 06:00:00,2025,1,4,6,5,Sat,Jan,0.1655,0.1655,46035,231,37.0,low,06:00,OP
79,2025-01-04 07:00:00,2025,1,4,7,5,Sat,Jan,0.3932,0.3932,46035,231,87.9,low,07:00,STD
80,2025-01-04 08:00:00,2025,1,4,8,5,Sat,Jan,0.379,0.379,46035,231,84.73,low,08:00,STD
81,2025-01-04 09:00:00,2025,1,4,9,5,Sat,Jan,0.3775,0.3775,46035,231,84.38,low,09:00,STD
82,2025-01-04 10:00:00,2025,1,4,10,5,Sat,Jan,0.3608,0.3608,46035,231,80.65,low,10:00,STD
83,2025-01-04 11:00:00,2025,1,4,11,5,Sat,Jan,0.3558,0.3558,46035,231,79.54,low,11:00,STD
84,2025-01-04 12:00:00,2025,1,4,12,5,Sat,Jan,0.1722,0.1722,46035,231,38.5,low,12:00,OP
85,2025-01-04 13:00:00,2025,1,4,13,5,Sat,Jan,0.1653,0.1653,46035,231,36.95,low,13:00,OP
86,2025-01-04 14:00:00,2025,1,4,14,5,Sat,Jan,0.1541,0.1541,46035,231,34.45,low,14:00,OP
87,2025-01-04 15:00:00,2025,1,4,15,5,Sat,Jan,0.1547,0.1547,46035,231,34.59,low,15:00,OP
88,2025-01-04 16:00:00,2025,1,4,16,5,Sat,Jan,0.1634,0.1634,46035,231,36.53,low,16:00,OP
89,2025-01-04 17:00:00,2025,1,4,17,5,Sat,Jan,0.3292,0.3292,46035,231,73.59,low,17:00,OP
90,2025-01-04 18:00:00,2025,1,4,18,5,Sat,Jan,0.521,0.521,46035,231,116.46,low,18:00,STD
91,2025-01-04 19:00:00,2025,1,4,19,5,Sat,Jan,0.3252,0.3252,46035,231,72.69,low,19:00,STD
92,2025-01-04 20:00:00,2025,1,4,20,5,Sat,Jan,0.1437,0.1437,46035,231,32.12,low,20:00,OP
93,2025-01-04 21:00:00,2025,1,4,21,5,Sat,Jan,0.1337,0.1337,46035,231,29.88,low,21:00,OP
94,2025-01-04 22:00:00,2025,1,4,22,5,Sat,Jan,0.1291,0.1291,46035,231,28.86,low,22:00,OP
95,2025-01-04 23:00:00,2025,1,4,23,5,Sat,Jan,0.0971,0.1,46035,231,22.35,low,23:00,OP
96,2025-01-05 00:00:00,2025,1,5,0,6,Sun,Jan,0.11,0.11,46035,231,24.59,low,00:00,OP
97,2025-01-05 01:00:00,2025,1,5,1,6,Sun,Jan,0.1034,0.1034,46035,231,23.12,low,01:00,OP
98,2025-01-05 02:00:00,2025,1,5,2,6,Sun,Jan,0.1073,0.1073,46035,231,23.99,low,02:00,OP
99,2025-01-05 03:00:00,2025,1,5,3,6,Sun,Jan,0.1261,0.1261,46035,231,28.19,low,03:00,OP
100,2025-01-05 04:00:00,2025,1,5,4,6,Sun,Jan,0.1426,0.1426,46035,231,31.87,low,04:00,OP
101,2025-01-05 05:00:00,2025,1,5,5,6,Sun,Jan,0.1505,0.1505,46035,231,33.65,low,05:00,OP
102,2025-01-05 06:00:00,2025,1,5,6,6,Sun,Jan,0.1655,0.1655,46035,231,37.0,low,06:00,OP
103,2025-01-05 07:00:00,2025,1,5,7,6,Sun,Jan,0.3932,0.3932,46035,231,87.9,low,07:00,OP
104,2025-01-05 08:00:00,2025,1,5,8,6,Sun,Jan,0.379,0.379,46035,231,84.73,low,08:00,OP
105,2025-01-05 09:00:00,2025,1,5,9,6,Sun,Jan,0.3775,0.3775,46035,231,84.38,low,09:00,OP
106,2025-01-05 10:00:00,2025,1,5,10,6,Sun,Jan,0.3608,0.3608,46035,231,80.65,low,10:00,OP
107,2025-01-05 11:00:00,2025,1,5,11,6,Sun,Jan,0.3558,0.3558,46035,231,79.54,low,11:00,OP
108,2025-01-05 12:00:00,2025,1,5,12,6,Sun,Jan,0.1722,0.1722,46035,231,38.5,low,12:00,OP
109,2025-01-05 13:00:00,2025,1,5,13,6,Sun,Jan,0.1653,0.1653,46035,231,36.95,low,13:00,OP
110,2025-01-05 14:00:00,2025,1,5,14,6,Sun,Jan,0.1541,0.1541,46035,231,34.45,low,14:00,OP
111,2025-01-05 15:00:00,2025,1,5,15,6,Sun,Jan,0.1547,0.1547,46035,231,34.59,low,15:00,OP
112,2025-01-05 16:00:00,2025,1,5,16,6,Sun,Jan,0.1634,0.1634,46035,231,36.53,low,16:00,OP
113,2025-01-05 17:00:00,2025,1,5,17,6,Sun,Jan,0.3292,0.3292,46035,231,73.59,low,17:00,OP
114,2025-01-05 18:00:00,2025,1,5,18,6,Sun,Jan,0.521,0.521,46035,231,116.46,low,18:00,STD
115,2025-01-05 19:00:00,2025,1,5,19,6,Sun,Jan,0.3252,0.3252,46035,231,72.69,low,19:00,STD
116,2025-01-05 20:00:00,2025,1,5,20,6,Sun,Jan,0.1437,0.1437,46035,231,32.12,low,20:00,OP
117,2025-01-05 21:00:00,2025,1,5,21,6,Sun,Jan,0.1337,0.1337,46035,231,29.88,low,21:00,OP
118,2025-01-05 22:00:00,2025,1,5,22,6,Sun,Jan,0.1291,0.1291,46035,231,28.86,low,22:00,OP
119,2025-01-05 23:00:00,2025,1,5,23,6,Sun,Jan,0.0971,0.1,46035,231,22.35,low,23:00,OP
120,2025-01-06 00:00:00,2025,1,6,0,0,Weekday,Jan,0.1105,0.1105,46035,231,24.71,low,00:00,OP
121,2025-01-06 01:00:00,2025,1,6,1,0,Weekday,Jan,0.1022,0.1022,46035,231,22.85,low,01:00,OP
122,2025-01-06 02:00:00,2025,1,6,2,0,Weekday,Jan,0.1079,0.1079,46035,231,24.12,low,02:00,OP
123,2025-01-06 03:00:00,2025,1,6,3,0,Weekday,Jan,0.1285,0.1285,46035,231,28.72,low,03:00,OP
124,2025-01-06 04:00:00,2025,1,6,4,0,Weekday,Jan,0.1432,0.1432,46035,231,32.01,low,04:00,OP
125,2025-01-06 05:00:00,2025,1,6,5,0,Weekday,Jan,0.157,0.157,46035,231,35.1,low,05:00,OP
126,2025-01-06 06:00:00,2025,1,6,6,0,Weekday,Jan,0.289,0.289,46035,231,64.61,low,06:00,STD
127,2025-01-06 07:00:00,2025,1,6,7,0,Weekday,Jan,0.046,0.1,46035,231,22.35,low,07:00,PK
128,2025-01-06 08:00:00,2025,1,6,8,0,Weekday,Jan,0.3365,0.3365,46035,231,75.22,low,08:00,PK
129,2025-01-06 09:00:00,2025,1,6,9,0,Weekday,Jan,0.6077,0.6077,46035,231,135.85,low,09:00,STD
130,2025-01-06 10:00:00,2025,1,6,10,0,Weekday,Jan,0.5644,0.5644,46035,231,126.17,low,10:00,STD
131,2025-01-06 11:00:00,2025,1,6,11,0,Weekday,Jan,0.5577,0.5577,46035,231,124.67,low,11:00,STD
132,2025-01-06 12:00:00,2025,1,6,12,0,Weekday,Jan,0.5319,0.5319,46035,231,118.91,low,12:00,STD
133,2025-01-06 13:00:00,2025,1,6,13,0,Weekday,Jan,0.5076,0.5076,46035,231,113.48,low,13:00,STD
134,2025-01-06 14:00:00,2025,1,6,14,0,Weekday,Jan,0.4855,0.4855,46035,231,108.53,low,14:00,STD
135,2025-01-06 15:00:00,2025,1,6,15,0,Weekday,Jan,0.4967,0.4967,46035,231,111.04,low,15:00,STD
136,2025-01-06 16:00:00,2025,1,6,16,0,Weekday,Jan,0.5252,0.5252,46035,231,117.41,low,16:00,STD
137,2025-01-06 17:00:00,2025,1,6,17,0,Weekday,Jan,0.2875,0.2875,46035,231,64.27,low,17:00,STD
138,2025-01-06 18:00:00,2025,1,6,18,0,Weekday,Jan,0.0394,0.1,46035,231,22.35,low,18:00,PK
139,2025-01-06 19:00:00,2025,1,6,19,0,Weekday,Jan,0.0369,0.1,46035,231,22.35,low,19:00,PK
140,2025-01-06 20:00:00,2025,1,6,20,0,Weekday,Jan,0.2441,0.2441,46035,231,54.57,low,20:00,PK
141,2025-01-06 21:00:00,2025,1,6,21,0,Weekday,Jan,0.4107,0.4107,46035,231,91.81,low,21:00,STD
142,2025-01-06 22:00:00,2025,1,6,22,0,Weekday,Jan,0.1291,0.1291,46035,231,28.86,low,22:00,OP
143,2025-01-06 23:00:00,2025,1,6,23,0,Weekday,Jan,0.0986,0.1,46035,231,22.35,low,23:00,OP
144,2025-01-07 00:00:00,2025,1,7,0,1,Weekday,Jan,0.1105,0.1105,46035,231,24.71,low,00:00,OP
145,2025-01-07 01:00:00,2025,1,7,1,1,Weekday,Jan,0.1022,0.1022,46035,231,22.85,low,01:00,OP
146,2025-01-07 02:00:00,2025,1,7,2,1,Weekday,Jan,0.1079,0.1079,46035,231,24.12,low,02:00,OP
147,2025-01-07 03:00:00,2025,1,7,3,1,Weekday,Jan,0.1285,0.1285,46035,231,28.72,low,03:00,OP
148,2025-01-07 04:00:00,2025,1,7,4,1,Weekday,Jan,0.1432,0.1432,46035,231,32.01,low,04:00,OP
149,2025-01-07 05:00:00,2025,1,7,5,1,Weekday,Jan,0.157,0.157,46035,231,35.1,low,05:00,OP
150,2025-01-07 06:00:00,2025,1,7,6,1,Weekday,Jan,0.289,0.289,46035,231,64.61,low,06:00,STD
151,2025-01-07 07:00:00,2025,1,7,7,1,Weekday,Jan,0.046,0.1,46035,231,22.35,low,07:00,PK
152,2025-01-07 08:00:00,2025,1,7,8,1,Weekday,Jan,0.3365,0.3365,46035,231,75.22,low,08:00,PK
153,2025-01-07 09:00:00,2025,1,7,9,1,Weekday,Jan,0.6077,0.6077,46035,231,135.85,low,09:00,STD
154,2025-01-07 10:00:00,2025,1,7,10,1,Weekday,Jan,0.5644,0.5644,46035,231,126.17,low,10:00,STD
155,2025-01-07 11:00:00,2025,1,7,11,1,Weekday,Jan,0.5577,0.5577,46035,231,124.67,low,11:00,STD
156,2025-01-07 12:00:00,2025,1,7,12,1,Weekday,Jan,0.5319,0.5319,46035,231,118.91,low,12:00,STD
157,2025-01-07 13:00:00,2025,1,7,13,1,Weekday,Jan,0.5076,0.5076,46035,231,113.48,low,13:00,STD
158,2025-01-07 14:00:00,2025,1,7,14,1,Weekday,Jan,0.4855,0.4855,46035,231,108.53,low,14:00,STD
159,2025-01-07 15:00:00,2025,1,7,15,1,Weekday,Jan,0.4967,0.4967,46035,231,111.04,low,15:00,STD
160,2025-01-07 16:00:00,2025,1,7,16,1,Weekday,Jan,0.5252,0.5252,46035,231,117.41,low,16:00,STD
161,2025-01-07 17:00:00,2025,1,7,17,1,Weekday,Jan,0.2875,0.2875,46035,231,64.27,low,17:00,STD
162,2025-01-07 18:00:00,2025,1,7,18,1,Weekday,Jan,0.0394,0.1,46035,231,22.35,low,18:00,PK
163,2025-01-07 19:00:00,2025,1,7,19,1,Weekday,Jan,0.0369,0.1,46035,231,22.35,low,19:00,PK
164,2025-01-07 20:00:00,2025,1,7,20,1,Weekday,Jan,0.2441,0.2441,46035,231,54.57,low,20:00,PK
165,2025-01-07 21:00:00,2025,1,7,21,1,Weekday,Jan,0.4107,0.4107,46035,231,91.81,low,21:00,STD
166,2025-01-07 22:00:00,2025,1,7,22,1,Weekday,Jan,0.1291,0.1291,46035,231,28.86,low,22:00,OP
167,2025-01-07 23:00:00,2025,1,7,23,1,Weekday,Jan,0.0986,0.1,46035,231,22.35,low,23:00,OP
168,2025-01-08 00:00:00,2025,1,8,0,2,Weekday,Jan,0.1105,0.1105,46035,231,24.71,low,00:00,OP
169,2025-01-08 01:00:00,2025,1,8,1,2,Weekday,Jan,0.1022,0.1022,46035,231,22.85,low,01:00,OP
170,2025-01-08 02:00:00,2025,1,8,2,2,Weekday,Jan,0.1079,0.1079,46035,231,24.12,low,02:00,OP
171,2025-01-08 03:00:00,2025,1,8,3,2,Weekday,Jan,0.1285,0.1285,46035,231,28.72,low,03:00,OP
172,2025-01-08 04:00:00,2025,1,8,4,2,Weekday,Jan,0.1432,0.1432,46035,231,32.01,low,04:00,OP
173,2025-01-08 05:00:00,2025,1,8,5,2,Weekday,Jan,0.157,0.157,46035,231,35.1,low,05:00,OP
174,2025-01-08 06:00:00,2025,1,8,6,2,Weekday,Jan,0.289,0.289,46035,231,64.61,low,06:00,STD
175,2025-01-08 07:00:00,2025,1,8,7,2,Weekday,Jan,0.046,0.1,46035,231,22.35,low,07:00,PK
176,2025-01-08 08:00:00,2025,1,8,8,2,Weekday,Jan,0.3365,0.3365,46035,231,75.22,low,08:00,PK
177,2025-01-08 09:00:00,2025,1,8,9,2,Weekday,Jan,0.6077,0.6077,46035,231,135.85,low,09:00,STD
178,2025-01-08 10:00:00,2025,1,8,10,2,Weekday,Jan,0.5644,0.5644,46035,231,126.17,low,10:00,STD
179,2025-01-08 11:00:00,2025,1,8,11,2,Weekday,Jan,0.5577,0.5577,46035,231,124.67,low,11:00,STD
180,2025-01-08 12:00:00,2025,1,8,12,2,Weekday,Jan,0.5319,0.5319,46035,231,118.91,low,12:00,STD
181,2025-01-08 13:00:00,2025,1,8,13,2,Weekday,Jan,0.5076,0.5076,46035,231,113.48,low,13:00,STD
182,2025-01-08 14:00:00,2025,1,8,14,2,Weekday,Jan,0.4855,0.4855,46035,231,108.53,low,14:00,STD
183,2025-01-08 15:00:00,2025,1,8,15,2,Weekday,Jan,0.4967,0.4967,46035,231,111.04,low,15:00,STD
184,2025-01-08 16:00:00,2025,1,8,16,2,Weekday,Jan,0.5252,0.5252,46035,231,117.41,low,16:00,STD
185,2025-01-08 17:00:00,2025,1,8,17,2,Weekday,Jan,0.2875,0.2875,46035,231,64.27,low,17:00,STD
186,2025-01-08 18:00:00,2025,1,8,18,2,Weekday,Jan,0.0394,0.1,46035,231,22.35,low,18:00,PK
187,2025-01-08 19:00:00,2025,1,8,19,2,Weekday,Jan,0.0369,0.1,46035,231,22.35,low,19:00,PK
188,2025-01-08 20:00:00,2025,1,8,20,2,Weekday,Jan,0.2441,0.2441,46035,231,54.57,low,20:00,PK
189,2025-01-08 21:00:00,2025,1,8,21,2,Weekday,Jan,0.4107,0.4107,46035,231,91.81,low,21:00,STD
190,2025-01-08 22:00:00,2025,1,8,22,2,Weekday,Jan,0.1291,0.1291,46035,231,28.86,low,22:00,OP
191,2025-01-08 23:00:00,2025,1,8,23,2,Weekday,Jan,0.0986,0.1,46035,231,22.35,low,23:00,OP
192,2025-01-09 00:00:00,2025,1,9,0,3,Weekday,Jan,0.1105,0.1105,46035,231,24.71,low,00:00,OP
193,2025-01-09 01:00:00,2025,1,9,1,3,Weekday,Jan,0.1022,0.1022,46035,231,22.85,low,01:00,OP
194,2025-01-09 02:00:00,2025,1,9,2,3,Weekday,Jan,0.1079,0.1079,46035,231,24.12,low,02:00,OP
195,2025-01-09 03:00:00,2025,1,9,3,3,Weekday,Jan,0.1285,0.1285,46035,231,28.72,low,03:00,OP
196,2025-01-09 04:00:00,2025,1,9,4,3,Weekday,Jan,0.1432,0.1432,46035,231,32.01,low,04:00,OP
197,2025-01-09 05:00:00,2025,1,9,5,3,Weekday,Jan,0.157,0.157,46035,231,35.1,low,05:00,OP
198,2025-01-09 06:00:00,2025,1,9,6,3,Weekday,Jan,0.289,0.289,46035,231,64.61,low,06:00,STD
199,2025-01-09 07:00:00,2025,1,9,7,3,Weekday,Jan,0.046,0.1,46035,231,22.35,low,07:00,PK
200,2025-01-09 08:00:00,2025,1,9,8,3,Weekday,Jan,0.3365,0.3365,46035,231,75.22,low,08:00,PK
201,2025-01-09 09:00:00,2025,1,9,9,3,Weekday,Jan,0.6077,0.6077,46035,231,135.85,low,09:00,STD
202,2025-01-09 10:00:00,2025,1,9,10,3,Weekday,Jan,0.5644,0.5644,46035,231,126.17,low,10:00,STD
203,2025-01-09 11:00:00,2025,1,9,11,3,Weekday,Jan,0.5577,0.5577,46035,231,124.67,low,11:00,STD
204,2025-01-09 12:00:00,2025,1,9,12,3,Weekday,Jan,0.5319,0.5319,46035,231,118.91,low,12:00,STD
205,2025-01-09 13:00:00,2025,1,9,13,3,Weekday,Jan,0.5076,0.5076,46035,231,113.48,low,13:00,STD
206,2025-01-09 14:00:00,2025,1,9,14,3,Weekday,Jan,0.4855,0.4855,46035,231,108.53,low,14:00,STD
207,2025-01-09 15:00:00,2025,1,9,15,3,Weekday,Jan,0.4967,0.4967,46035,231,111.04,low,15:00,STD
208,2025-01-09 16:00:00,2025,1,9,16,3,Weekday,Jan,0.5252,0.5252,46035,231,117.41,low,16:00,STD
209,2025-01-09 17:00:00,2025,1,9,17,3,Weekday,Jan,0.2875,0.2875,46035,231,64.27,low,17:00,STD
210,2025-01-09 18:00:00,2025,1,9,18,3,Weekday,Jan,0.0394,0.1,46035,231,22.35,low,18:00,PK
211,2025-01-09 19:00:00,2025,1,9,19,3,Weekday,Jan,0.0369,0.1,46035,231,22.35,low,19:00,PK
212,2025-01-09 20:00:00,2025,1,9,20,3,Weekday,Jan,0.2441,0.2441,46035,231,54.57,low,20:00,PK
213,2025-01-09 21:00:00,2025,1,9,21,3,Weekday,Jan,0.4107,0.4107,46035,231,91.81,low,21:00,STD
214,2025-01-09 22:00:00,2025,1,9,22,3,Weekday,Jan,0.1291,0.1291,46035,231,28.86,low,22:00,OP
215,2025-01-09 23:00:00,2025,1,9,23,3,Weekday,Jan,0.0986,0.1,46035,231,22.35,low,23:00,OP
216,2025-01-10 00:00:00,2025,1,10,0,4,Weekday,Jan,0.1105,0.1105,46035,231,24.71,low,00:00,OP
217,2025-01-10 01:00:00,2025,1,10,1,4,Weekday,Jan,0.1022,0.1022,46035,231,22.85,low,01:00,OP
218,2025-01-10 02:00:00,2025,1,10,2,4,Weekday,Jan,0.1079,0.1079,46035,231,24.12,low,02:00,OP
219,2025-01-10 03:00:00,2025,1,10,3,4,Weekday,Jan,0.1285,0.1285,46035,231,28.72,low,03:00,OP
220,2025-01-10 04:00:00,2025,1,10,4,4,Weekday,Jan,0.1432,0.1432,46035,231,32.01,low,04:00,OP
221,2025-01-10 05:00:00,2025,1,10,5,4,Weekday,Jan,0.157,0.157,46035,231,35.1,low,05:00,OP
222,2025-01-10 06:00:00,2025,1,10,6,4,Weekday,Jan,0.289,0.289,46035,231,64.61,low,06:00,STD
223,2025-01-10 07:00:00,2025,1,10,7,4,Weekday,Jan,0.046,0.1,46035,231,22.35,low,07:00,PK
224,2025-01-10 08:00:00,2025,1,10,8,4,Weekday,Jan,0.3365,0.3365,46035,231,75.22,low,08:00,PK
225,2025-01-10 09:00:00,2025,1,10,9,4,Weekday,Jan,0.6077,0.6077,46035,231,135.85,low,09:00,STD
226,2025-01-10 10:00:00,2025,1,10,10,4,Weekday,Jan,0.5644,0.5644,46035,231,126.17,low,10:00,STD
227,2025-01-10 11:00:00,2025,1,10,11,4,Weekday,Jan,0.5577,0.5577,46035,231,124.67,low,11:00,STD
228,2025-01-10 12:00:00,2025,1,10,12,4,Weekday,Jan,0.5319,0.5319,46035,231,118.91,low,12:00,STD
229,2025-01-10 13:00:00,2025,1,10,13,4,Weekday,Jan,0.5076,0.5076,46035,231,113.48,low,13:00,STD
230,2025-01-10 14:00:00,2025,1,10,14,4,Weekday,Jan,0.4855,0.4855,46035,231,108.53,low,14:00,STD
231,2025-01-10 15:00:00,2025,1,10,15,4,Weekday,Jan,0.4967,0.4967,46035,231,111.04,low,15:00,STD
232,2025-01-10 16:00:00,2025,1,10,16,4,Weekday,Jan,0.5252,0.5252,46035,231,117.41,low,16:00,STD
233,2025-01-10 17:00:00,2025,1,10,17,4,Weekday,Jan,0.2875,0.2875,46035,231,64.27,low,17:00,STD
234,2025-01-10 18:00:00,2025,1,10,18,4,Weekday,Jan,0.0394,0.1,46035,231,22.35,low,18:00,PK
235,2025-01-10 19:00:00,2025,1,10,19,4,Weekday,Jan,0.0369,0.1,46035,231,22.35,low,19:00,PK
236,2025-01-10 20:00:00,2025,1,10,20,4,Weekday,Jan,0.2441,0.2441,46035,231,54.57,low,20:00,PK
237,2025-01-10 21:00:00,2025,1,10,21,4,Weekday,Jan,0.4107,0.4107,46035,231,91.81,low,21:00,STD
238,2025-01-10 22:00:00,2025,1,10,22,4,Weekday,Jan,0.1291,0.1291,46035,231,28.86,low,22:00,OP
239,2025-01-10 23:00:00,2025,1,10,23,4,Weekday,Jan,0.0986,0.1,46035,231,22.35,low,23:00,OP
240,2025-01-11 00:00:00,2025,1,11,0,5,Sat,Jan,0.11,0.11,46035,231,24.59,low,00:00,OP
241,2025-01-11 01:00:00,2025,1,11,1,5,Sat,Jan,0.1034,0.1034,46035,231,23.12,low,01:00,OP
242,2025-01-11 02:00:00,2025,1,11,2,5,Sat,Jan,0.1073,0.1073,46035,231,23.99,low,02:00,OP
243,2025-01-11 03:00:00,2025,1,11,3,5,Sat,Jan,0.1261,0.1261,46035,231,28.19,low,03:00,OP
244,2025-01-11 04:00:00,2025,1,11,4,5,Sat,Jan,0.1426,0.1426,46035,231,31.87,low,04:00,OP
245,2025-01-11 05:00:00,2025,1,11,5,5,Sat,Jan,0.1505,0.1505,46035,231,33.65,low,05:00,OP
246,2025-01-11 06:00:00,2025,1,11,6,5,Sat,Jan,0.1655,0.1655,46035,231,37.0,low,06:00,OP
247,2025-01-11 07:00:00,2025,1,11,7,5,Sat,Jan,0.3932,0.3932,46035,231,87.9,low,07:00,STD
248,2025-01-11 08:00:00,2025,1,11,8,5,Sat,Jan,0.379,0.379,46035,231,84.73,low,08:00,STD
249,2025-01-11 09:00:00,2025,1,11,9,5,Sat,Jan,0.3775,0.3775,46035,231,84.38,low,09:00,STD
250,2025-01-11 10:00:00,2025,1,11,10,5,Sat,Jan,0.3608,0.3608,46035,231,80.65,low,10:00,STD
251,2025-01-11 11:00:00,2025,1,11,11,5,Sat,Jan,0.3558,0.3558,46035,231,79.54,low,11:00,STD
252,2025-01-11 12:00:00,2025,1,11,12,5,Sat,Jan,0.1722,0.1722,46035,231,38.5,low,12:00,OP
253,2025-01-11 13:00:00,2025,1,11,13,5,Sat,Jan,0.1653,0.1653,46035,231,36.95,low,13:00,OP
254,2025-01-11 14:00:00,2025,1,11,14,5,Sat,Jan,0.1541,0.1541,46035,231,34.45,low,14:00,OP
255,2025-01-11 15:00:00,2025,1,11,15,5,Sat,Jan,0.1547,0.1547,46035,231,34.59,low,15:00,OP
256,2025-01-11 16:00:00,2025,1,11,16,5,Sat,Jan,0.1634,0.1634,46035,231,36.53,low,16:00,OP
257,2025-01-11 17:00:00,2025,1,11,17,5,Sat,Jan,0.3292,0.3292,46035,231,73.59,low,17:00,OP
258,2025-01-11 18:00:00,2025,1,11,18,5,Sat,Jan,0.521,0.521,46035,231,116.46,low,18:00,STD
259,2025-01-11 19:00:00,2025,1,11,19,5,Sat,Jan,0.3252,0.3252,46035,231,72.69,low,19:00,STD
260,2025-01-11 20:00:00,2025,1,11,20,5,Sat,Jan,0.1437,0.1437,46035,231,32.12,low,20:00,OP
261,2025-01-11 21:00:00,2025,1,11,21,5,Sat,Jan,0.1337,0.1337,46035,231,29.88,low,21:00,OP
262,2025-01-11 22:00:00,2025,1,11,22,5,Sat,Jan,0.1291,0.1291,46035,231,28.86,low,22:00,OP
263,2025-01-11 23:00:00,2025,1,11,23,5,Sat,Jan,0.0971,0.1,46035,231,22.35,low,23:00,OP
264,2025-01-12 00:00:00,2025,1,12,0,6,Sun,Jan,0.11,0.11,46035,231,24.59,low,00:00,OP
265,2025-01-12 01:00:00,2025,1,12,1,6,Sun,Jan,0.1034,0.1034,46035,231,23.12,low,01:00,OP
266,2025-01-12 02:00:00,2025,1,12,2,6,Sun,Jan,0.1073,0.1073,46035,231,23.99,low,02:00,OP
267,2025-01-12 03:00:00,2025,1,12,3,6,Sun,Jan,0.1261,0.1261,46035,231,28.19,low,03:00,OP
268,2025-01-12 04:00:00,2025,1,12,4,6,Sun,Jan,0.1426,0.1426,46035,231,31.87,low,04:00,OP
269,2025-01-12 05:00:00,2025,1,12,5,6,Sun,Jan,0.1505,0.1505,46035,231,33.65,low,05:00,OP
270,2025-01-12 06:00:00,2025,1,12,6,6,Sun,Jan,0.1655,0.1655,46035,231,37.0,low,06:00,OP
271,2025-01-12 07:00:00,2025,1,12,7,6,Sun,Jan,0.3932,0.3932,46035,231,87.9,low,07:00,OP
272,2025-01-12 08:00:00,2025,1,12,8,6,Sun,Jan,0.379,0.379,46035,231,84.73,low,08:00,OP
273,2025-01-12 09:00:00,2025,1,12,9,6,Sun,Jan,0.3775,0.3775,46035,231,84.38,low,09:00,OP
274,2025-01-12 10:00:00,2025,1,12,10,6,Sun,Jan,0.3608,0.3608,46035,231,80.65,low,10:00,OP
275,2025-01-12 11:00:00,2025,1,12,11,6,Sun,Jan,0.3558,0.3558,46035,231,79.54,low,11:00,OP
276,2025-01-12 12:00:00,2025,1,12,12,6,Sun,Jan,0.1722,0.1722,46035,231,38.5,low,12:00,OP
277,2025-01-12 13:00:00,2025,1,12,13,6,Sun,Jan,0.1653,0.1653,46035,231,36.95,low,13:00,OP
278,2025-01-12 14:00:00,2025,1,12,14,6,Sun,Jan,0.1541,0.1541,46035,231,34.45,low,14:00,OP
279,2025-01-12 15:00:00,2025,1,12,15,6,Sun,Jan,0.1547,0.1547,46035,231,34.59,low,15:00,OP
280,2025-01-12 16:00:00,2025,1,12,16,6,Sun,Jan,0.1634,0.1634,46035,231,36.53,low,16:00,OP
281,2025-01-12 17:00:00,2025,1,12,17,6,Sun,Jan,0.3292,0.3292,46035,231,73.59,low,17:00,OP
282,2025-01-12 18:00:00,2025,1,12,18,6,Sun,Jan,0.521,0.521,46035,231,116.46,low,18:00,STD
283,2025-01-12 19:00:00,2025,1,12,19,6,Sun,Jan,0.3252,0.3252,46035,231,72.69,low,19:00,STD
284,2025-01-12 20:00:00,2025,1,12,20,6,Sun,Jan,0.1437,0.1437,46035,231,32.12,low,20:00,OP
285,2025-01-12 21:00:00,2025,1,12,21,6,Sun,Jan,0.1337,0.1337,46035,231,29.88,low,21:00,OP
286,2025-01-12 22:00:00,2025,1,12,22,6,Sun,Jan,0.1291,0.1291,46035,231,28.86,low,22:00,OP
287,2025-01-12 23:00:00,2025,1,12,23,6,Sun,Jan,0.0971,0.1,46035,231,22.35,low,23:00,OP
288,2025-01-13 00:00:00,2025,1,13,0,0,Weekday,Jan,0.1105,0.1105,46035,231,24.71,low,00:00,OP
289,2025-01-13 01:00:00,2025,1,13,1,0,Weekday,Jan,0.1022,0.1022,46035,231,22.85,low,01:00,OP
290,2025-01-13 02:00:00,2025,1,13,2,0,Weekday,Jan,0.1079,0.1079,46035,231,24.12,low,02:00,OP
291,2025-01-13 03:00:00,2025,1,13,3,0,Weekday,Jan,0.1285,0.1285,46035,231,28.72,low,03:00,OP
292,2025-01-13 04:00:00,2025,1,13,4,0,Weekday,Jan,0.1432,0.1432,46035,231,32.01,low,04:00,OP
293,2025-01-13 05:00:00,2025,1,13,5,0,Weekday,Jan,0.157,0.157,46035,231,35.1,low,05:00,OP
294,2025-01-13 06:00:00,2025,1,13,6,0,Weekday,Jan,0.289,0.289,46035,231,64.61,low,06:00,STD
295,2025-01-13 07:00:00,2025,1,13,7,0,Weekday,Jan,0.046,0.1,46035,231,22.35,low,07:00,PK
296,2025-01-13 08:00:00,2025,1,13,8,0,Weekday,Jan,0.3365,0.3365,46035,231,75.22,low,08:00,PK
297,2025-01-13 09:00:00,2025,1,13,9,0,Weekday,Jan,0.6077,0.6077,46035,231,135.85,low,09:00,STD
298,2025-01-13 10:00:00,2025,1,13,10,0,Weekday,Jan,0.5644,0.5644,46035,231,126.17,low,10:00,STD
299,2025-01-13 11:00:00,2025,1,13,11,0,Weekday,Jan,0.5577,0.5577,46035,231,124.67,low,11:00,STD
300,2025-01-13 12:00:00,2025,1,13,12,0,Weekday,Jan,0.5319,0.5319,46035,231,118.91,low,12:00,STD
301,2025-01-13 13:00:00,2025,1,13,13,0,Weekday,Jan,0.5076,0.5076,46035,231,113.48,low,13:00,STD
302,2025-01-13 14:00:00,2025,1,13,14,0,Weekday,Jan,0.4855,0.4855,46035,231,108.53,low,14:00,STD
303,2025-01-13 15:00:00,2025,1,13,15,0,Weekday,Jan,0.4967,0.4967,46035,231,111.04,low,15:00,STD
304,2025-01-13 16:00:00,2025,1,13,16,0,Weekday,Jan,0.5252,0.5252,46035,231,117.41,low,16:00,STD
305,2025-01-13 17:00:00,2025,1,13,17,0,Weekday,Jan,0.2875,0.2875,46035,231,64.27,low,17:00,STD
306,2025-01-13 18:00:00,2025,1,13,18,0,Weekday,Jan,0.0394,0.1,46035,231,22.35,low,18:00,PK
307,2025-01-13 19:00:00,2025,1,13,19,0,Weekday,Jan,0.0369,0.1,46035,231,22.35,low,19:00,PK
308,2025-01-13 20:00:00,2025,1,13,20,0,Weekday,Jan,0.2441,0.2441,46035,231,54.57,low,20:00,PK
309,2025-01-13 21:00:00,2025,1,13,21,0,Weekday,Jan,0.4107,0.4107,46035,231,91.81,low,21:00,STD
310,2025-01-13 22:00:00,2025,1,13,22,0,Weekday,Jan,0.1291,0.1291,46035,231,28.86,low,22:00,OP
311,2025-01-13 23:00:00,2025,1,13,23,0,Weekday,Jan,0.0986,0.1,46035,231,22.35,low,23:00,OP
312,2025-01-14 00:00:00,2025,1,14,0,1,Weekday,Jan,0.1105,0.1105,46035,231,24.71,low,00:00,OP
313,2025-01-14 01:00:00,2025,1,14,1,1,Weekday,Jan,0.1022,0.1022,46035,231,22.85,low,01:00,OP
314,2025-01-14 02:00:00,2025,1,14,2,1,Weekday,Jan,0.1079,0.1079,46035,231,24.12,low,02:00,OP
315,2025-01-14 03:00:00,2025,1,14,3,1,Weekday,Jan,0.1285,0.1285,46035,231,28.72,low,03:00,OP
316,2025-01-14 04:00:00,2025,1,14,4,1,Weekday,Jan,0.1432,0.1432,46035,231,32.01,low,04:00,OP
317,2025-01-14 05:00:00,2025,1,14,5,1,Weekday,Jan,0.157,0.157,46035,231,35.1,low,05:00,OP
318,2025-01-14 06:00:00,2025,1,14,6,1,Weekday,Jan,0.289,0.289,46035,231,64.61,low,06:00,STD
319,2025-01-14 07:00:00,2025,1,14,7,1,Weekday,Jan,0.046,0.1,46035,231,22.35,low,07:00,PK
320,2025-01-14 08:00:00,2025,1,14,8,1,Weekday,Jan,0.3365,0.3365,46035,231,75.22,low,08:00,PK
321,2025-01-14 09:00:00,2025,1,14,9,1,Weekday,Jan,0.6077,0.6077,46035,231,135.85,low,09:00,STD
322,2025-01-14 10:00:00,2025,1,14,10,1,Weekday,Jan,0.5644,0.5644,46035,231,126.17,low,10:00,STD
323,2025-01-14 11:00:00,2025,1,14,11,1,Weekday,Jan,0.5577,0.5577,46035,231,124.67,low,11:00,STD
324,2025-01-14 12:00:00,2025,1,14,12,1,Weekday,Jan,0.5319,0.5319,46035,231,118.91,low,12:00,STD
325,2025-01-14 13:00:00,2025,1,14,13,1,Weekday,Jan,0.5076,0.5076,46035,231,113.48,low,13:00,STD
326,2025-01-14 14:00:00,2025,1,14,14,1,Weekday,Jan,0.4855,0.4855,46035,231,108.53,low,14:00,STD
327,2025-01-14 15:00:00,2025,1,14,15,1,Weekday,Jan,0.4967,0.4967,46035,231,111.04,low,15:00,STD
328,2025-01-14 16:00:00,2025,1,14,16,1,Weekday,Jan,0.5252,0.5252,46035,231,117.41,low,16:00,STD
329,2025-01-14 17:00:00,2025,1,14,17,1,Weekday,Jan,0.2875,0.2875,46035,231,64.27,low,17:00,STD
330,2025-01-14 18:00:00,2025,1,14,18,1,Weekday,Jan,0.0394,0.1,46035,231,22.35,low,18:00,PK
331,2025-01-14 19:00:00,2025,1,14,19,1,Weekday,Jan,0.0369,0.1,46035,231,22.35,low,19:00,PK
332,2025-01-14 20:00:00,2025,1,14,20,1,Weekday,Jan,0.2441,0.2441,46035,231,54.57,low,20:00,PK
333,2025-01-14 21:00:00,2025,1,14,21,1,Weekday,Jan,0.4107,0.4107,46035,231,91.81,low,21:00,STD
334,2025-01-14 22:00:00,2025,1,14,22,1,Weekday,Jan,0.1291,0.1291,46035,231,28.86,low,22:00,OP
335,2025-01-14 23:00:00,2025,1,14,23,1,Weekday,Jan,0.0986,0.1,46035,231,22.35,low,23:00,OP
336,2025-01-15 00:00:00,2025,1,15,0,2,Weekday,Jan,0.1105,0.1105,46035,231,24.71,low,00:00,OP
337,2025-01-15 01:00:00,2025,1,15,1,2,Weekday,Jan,0.1022,0.1022,46035,231,22.85,low,01:00,OP
338,2025-01-15 02:00:00,2025,1,15,2,2,Weekday,Jan,0.1079,0.1079,46035,231,24.12,low,02:00,OP
339,2025-01-15 03:00:00,2025,1,15,3,2,Weekday,Jan,0.1285,0.1285,46035,231,28.72,low,03:00,OP
340,2025-01-15 04:00:00,2025,1,15,4,2,Weekday,Jan,0.1432,0.1432,46035,231,32.01,low,04:00,OP
341,2025-01-15 05:00:00,2025,1,15,5,2,Weekday,Jan,0.157,0.157,46035,231,35.1,low,05:00,OP
342,2025-01-15 06:00:00,2025,1,15,6,2,Weekday,Jan,0.289,0.289,46035,231,64.61,low,06:00,STD
343,2025-01-15 07:00:00,2025,1,15,7,2,Weekday,Jan,0.046,0.1,46035,231,22.35,low,07:00,PK
344,2025-01-15 08:00:00,2025,1,15,8,2,Weekday,Jan,0.3365,0.3365,46035,231,75.22,low,08:00,PK
345,2025-01-15 09:00:00,2025,1,15,9,2,Weekday,Jan,0.6077,0.6077,46035,231,135.85,low,09:00,STD
346,2025-01-15 10:00:00,2025,1,15,10,2,Weekday,Jan,0.5644,0.5644,46035,231,126.17,low,10:00,STD
347,2025-01-15 11:00:00,2025,1,15,11,2,Weekday,Jan,0.5577,0.5577,46035,231,124.67,low,11:00,STD
348,2025-01-15 12:00:00,2025,1,15,12,2,Weekday,Jan,0.5319,0.5319,46035,231,118.91,low,12:00,STD
349,2025-01-15 13:00:00,2025,1,15,13,2,Weekday,Jan,0.5076,0.5076,46035,231,113.48,low,13:00,STD
350,2025-01-15 14:00:00,2025,1,15,14,2,Weekday,Jan,0.4855,0.4855,46035,231,108.53,low,14:00,STD
351,2025-01-15 15:00:00,2025,1,15,15,2,Weekday,Jan,0.4967,0.4967,46035,231,111.04,low,15:00,STD
352,2025-01-15 16:00:00,2025,1,15,16,2,Weekday,Jan,0.5252,0.5252,46035,231,117.41,low,16:00,STD
353,2025-01-15 17:00:00,2025,1,15,17,2,Weekday,Jan,0.2875,0.2875,46035,231,64.27,low,17:00,STD
354,2025-01-15 18:00:00,2025,1,15,18,2,Weekday,Jan,0.0394,0.1,46035,231,22.35,low,18:00,PK
355,2025-01-15 19:00:00,2025,1,15,19,2,Weekday,Jan,0.0369,0.1,46035,231,22.35,low,19:00,PK
356,2025-01-15 20:00:00,2025,1,15,20,2,Weekday,Jan,0.2441,0.2441,46035,231,54.57,low,20:00,PK
357,2025-01-15 21:00:00,2025,1,15,21,2,Weekday,Jan,0.4107,0.4107,46035,231,91.81,low,21:00,STD
358,2025-01-15 22:00:00,2025,1,15,22,2,Weekday,Jan,0.1291,0.1291,46035,231,28.86,low,22:00,OP
359,2025-01-15 23:00:00,2025,1,15,23,2,Weekday,Jan,0.0986,0.1,46035,231,22.35,low,23:00,OP
360,2025-01-16 00:00:00,2025,1,16,0,3,Weekday,Jan,0.1105,0.1105,46035,231,24.71,low,00:00,OP
361,2025-01-16 01:00:00,2025,1,16,1,3,Weekday,Jan,0.1022,0.1022,46035,231,22.85,low,01:00,OP
362,2025-01-16 02:00:00,2025,1,16,2,3,Weekday,Jan,0.1079,0.1079,46035,231,24.12,low,02:00,OP
363,2025-01-16 03:00:00,2025,1,16,3,3,Weekday,Jan,0.1285,0.1285,46035,231,28.72,low,03:00,OP
364,2025-01-16 04:00:00,2025,1,16,4,3,Weekday,Jan,0.1432,0.1432,46035,231,32.01,low,04:00,OP
365,2025-01-16 05:00:00,2025,1,16,5,3,Weekday,Jan,0.157,0.157,46035,231,35.1,low,05:00,OP
366,2025-01-16 06:00:00,2025,1,16,6,3,Weekday,Jan,0.289,0.289,46035,231,64.61,low,06:00,STD
367,2025-01-16 07:00:00,2025,1,16,7,3,Weekday,Jan,0.046,0.1,46035,231,22.35,low,07:00,PK
368,2025-01-16 08:00:00,2025,1,16,8,3,Weekday,Jan,0.3365,0.3365,46035,231,75.22,low,08:00,PK
369,2025-01-16 09:00:00,2025,1,16,9,3,Weekday,Jan,0.6077,0.6077,46035,231,135.85,low,09:00,STD
370,2025-01-16 10:00:00,2025,1,16,10,3,Weekday,Jan,0.5644,0.5644,46035,231,126.17,low,10:00,STD
371,2025-01-16 11:00:00,2025,1,16,11,3,Weekday,Jan,0.5577,0.5577,46035,231,124.67,low,11:00,STD
372,2025-01-16 12:00:00,2025,1,16,12,3,Weekday,Jan,0.5319,0.5319,46035,231,118.91,low,12:00,STD
373,2025-01-16 13:00:00,2025,1,16,13,3,Weekday,Jan,0.5076,0.5076,46035,231,113.48,low,13:00,STD
374,2025-01-16 14:00:00,2025,1,16,14,3,Weekday,Jan,0.4855,0.4855,46035,231,108.53,low,14:00,STD
375,2025-01-16 15:00:00,2025,1,16,15,3,Weekday,Jan,0.4967,0.4967,46035,231,111.04,low,15:00,STD
376,2025-01-16 16:00:00,2025,1,16,16,3,Weekday,Jan,0.5252,0.5252,46035,231,117.41,low,16:00,STD
377,2025-01-16 17:00:00,2025,1,16,17,3,Weekday,Jan,0.2875,0.2875,46035,231,64.27,low,17:00,STD
378,2025-01-16 18:00:00,2025,1,16,18,3,Weekday,Jan,0.0394,0.1,46035,231,22.35,low,18:00,PK
379,2025-01-16 19:00:00,2025,1,16,19,3,Weekday,Jan,0.0369,0.1,46035,231,22.35,low,19:00,PK
380,2025-01-16 20:00:00,2025,1,16,20,3,Weekday,Jan,0.2441,0.2441,46035,231,54.57,low,20:00,PK
381,2025-01-16 21:00:00,2025,1,16,21,3,Weekday,Jan,0.4107,0.4107,46035,231,91.81,low,21:00,STD
382,2025-01-16 22:00:00,2025,1,16,22,3,Weekday,Jan,0.1291,0.1291,46035,231,28.86,low,22:00,OP
383,2025-01-16 23:00:00,2025,1,16,23,3,Weekday,Jan,0.0986,0.1,46035,231,22.35,low,23:00,OP
384,2025-01-17 00:00:00,2025,1,17,0,4,Weekday,Jan,0.1105,0.1105,46035,231,24.71,low,00:00,OP
385,2025-01-17 01:00:00,2025,1,17,1,4,Weekday,Jan,0.1022,0.1022,46035,231,22.85,low,01:00,OP
386,2025-01-17 02:00:00,2025,1,17,2,4,Weekday,Jan,0.1079,0.1079,46035,231,24.12,low,02:00,OP
387,2025-01-17 03:00:00,2025,1,17,3,4,Weekday,Jan,0.1285,0.1285,46035,231,28.72,low,03:00,OP
388,2025-01-17 04:00:00,2025,1,17,4,4,Weekday,Jan,0.1432,0.1432,46035,231,32.01,low,04:00,OP
389,2025-01-17 05:00:00,2025,1,17,5,4,Weekday,Jan,0.157,0.157,46035,231,35.1,low,05:00,OP
390,2025-01-17 06:00:00,2025,1,17,6,4,Weekday,Jan,0.289,0.289,46035,231,64.61,low,06:00,STD
391,2025-01-17 07:00:00,2025,1,17,7,4,Weekday,Jan,0.046,0.1,46035,231,22.35,low,07:00,PK
392,2025-01-17 08:00:00,2025,1,17,8,4,Weekday,Jan,0.3365,0.3365,46035,231,75.22,low,08:00,PK
393,2025-01-17 09:00:00,2025,1,17,9,4,Weekday,Jan,0.6077,0.6077,46035,231,135.85,low,09:00,STD
394,2025-01-17 10:00:00,2025,1,17,10,4,Weekday,Jan,0.5644,0.5644,46035,231,126.17,low,10:00,STD
395,2025-01-17 11:00:00,2025,1,17,11,4,Weekday,Jan,0.5577,0.5577,46035,231,124.67,low,11:00,STD
396,2025-01-17 12:00:00,2025,1,17,12,4,Weekday,Jan,0.5319,0.5319,46035,231,118.91,low,12:00,STD
397,2025-01-17 13:00:00,2025,1,17,13,4,Weekday,Jan,0.5076,0.5076,46035,231,113.48,low,13:00,STD
398,2025-01-17 14:00:00,2025,1,17,14,4,Weekday,Jan,0.4855,0.4855,46035,231,108.53,low,14:00,STD
399,2025-01-17 15:00:00,2025,1,17,15,4,Weekday,Jan,0.4967,0.4967,46035,231,111.04,low,15:00,STD
400,2025-01-17 16:00:00,2025,1,17,16,4,Weekday,Jan,0.5252,0.5252,46035,231,117.41,low,16:00,STD
401,2025-01-17 17:00:00,2025,1,17,17,4,Weekday,Jan,0.2875,0.2875,46035,231,64.27,low,17:00,STD
402,2025-01-17 18:00:00,2025,1,17,18,4,Weekday,Jan,0.0394,0.1,46035,231,22.35,low,18:00,PK
403,2025-01-17 19:00:00,2025,1,17,19,4,Weekday,Jan,0.0369,0.1,46035,231,22.35,low,19:00,PK
404,2025-01-17 20:00:00,2025,1,17,20,4,Weekday,Jan,0.2441,0.2441,46035,231,54.57,low,20:00,PK
405,2025-01-17 21:00:00,2025,1,17,21,4,Weekday,Jan,0.4107,0.4107,46035,231,91.81,low,21:00,STD
406,2025-01-17 22:00:00,2025,1,17,22,4,Weekday,Jan,0.1291,0.1291,46035,231,28.86,low,22:00,OP
407,2025-01-17 23:00:00,2025,1,17,23,4,Weekday,Jan,0.0986,0.1,46035,231,22.35,low,23:00,OP
408,2025-01-18 00:00:00,2025,1,18,0,5,Sat,Jan,0.11,0.11,46035,231,24.59,low,00:00,OP
409,2025-01-18 01:00:00,2025,1,18,1,5,Sat,Jan,0.1034,0.1034,46035,231,23.12,low,01:00,OP
410,2025-01-18 02:00:00,2025,1,18,2,5,Sat,Jan,0.1073,0.1073,46035,231,23.99,low,02:00,OP
411,2025-01-18 03:00:00,2025,1,18,3,5,Sat,Jan,0.1261,0.1261,46035,231,28.19,low,03:00,OP
412,2025-01-18 04:00:00,2025,1,18,4,5,Sat,Jan,0.1426,0.1426,46035,231,31.87,low,04:00,OP
413,2025-01-18 05:00:00,2025,1,18,5,5,Sat,Jan,0.1505,0.1505,46035,231,33.65,low,05:00,OP
414,2025-01-18 06:00:00,2025,1,18,6,5,Sat,Jan,0.1655,0.1655,46035,231,37.0,low,06:00,OP
415,2025-01-18 07:00:00,2025,1,18,7,5,Sat,Jan,0.3932,0.3932,46035,231,87.9,low,07:00,STD
416,2025-01-18 08:00:00,2025,1,18,8,5,Sat,Jan,0.379,0.379,46035,231,84.73,low,08:00,STD
417,2025-01-18 09:00:00,2025,1,18,9,5,Sat,Jan,0.3775,0.3775,46035,231,84.38,low,09:00,STD
418,2025-01-18 10:00:00,2025,1,18,10,5,Sat,Jan,0.3608,0.3608,46035,231,80.65,low,10:00,STD
419,2025-01-18 11:00:00,2025,1,18,11,5,Sat,Jan,0.3558,0.3558,46035,231,79.54,low,11:00,STD
420,2025-01-18 12:00:00,2025,1,18,12,5,Sat,Jan,0.1722,0.1722,46035,231,38.5,low,12:00,OP
421,2025-01-18 13:00:00,2025,1,18,13,5,Sat,Jan,0.1653,0.1653,46035,231,36.95,low,13:00,OP
422,2025-01-18 14:00:00,2025,1,18,14,5,Sat,Jan,0.1541,0.1541,46035,231,34.45,low,14:00,OP
423,2025-01-18 15:00:00,2025,1,18,15,5,Sat,Jan,0.1547,0.1547,46035,231,34.59,low,15:00,OP
424,2025-01-18 16:00:00,2025,1,18,16,5,Sat,Jan,0.1634,0.1634,46035,231,36.53,low,16:00,OP
425,2025-01-18 17:00:00,2025,1,18,17,5,Sat,Jan,0.3292,0.3292,46035,231,73.59,low,17:00,OP
426,2025-01-18 18:00:00,2025,1,18,18,5,Sat,Jan,0.521,0.521,46035,231,116.46,low,18:00,STD
427,2025-01-18 19:00:00,2025,1,18,19,5,Sat,Jan,0.3252,0.3252,46035,231,72.69,low,19:00,STD
428,2025-01-18 20:00:00,2025,1,18,20,5,Sat,Jan,0.1437,0.1437,46035,231,32.12,low,20:00,OP
429,2025-01-18 21:00:00,2025,1,18,21,5,Sat,Jan,0.1337,0.1337,46035,231,29.88,low,21:00,OP
430,2025-01-18 22:00:00,2025,1,18,22,5,Sat,Jan,0.1291,0.1291,46035,231,28.86,low,22:00,OP
431,2025-01-18 23:00:00,2025,1,18,23,5,Sat,Jan,0.0971,0.1,46035,231,22.35,low,23:00,OP
432,2025-01-19 00:00:00,2025,1,19,0,6,Sun,Jan,0.11,0.11,46035,231,24.59,low,00:00,OP
433,2025-01-19 01:00:00,2025,1,19,1,6,Sun,Jan,0.1034,0.1034,46035,231,23.12,low,01:00,OP
434,2025-01-19 02:00:00,2025,1,19,2,6,Sun,Jan,0.1073,0.1073,46035,231,23.99,low,02:00,OP
435,2025-01-19 03:00:00,2025,1,19,3,6,Sun,Jan,0.1261,0.1261,46035,231,28.19,low,03:00,OP
436,2025-01-19 04:00:00,2025,1,19,4,6,Sun,Jan,0.1426,0.1426,46035,231,31.87,low,04:00,OP
437,2025-01-19 05:00:00,2025,1,19,5,6,Sun,Jan,0.1505,0.1505,46035,231,33.65,low,05:00,OP
438,2025-01-19 06:00:00,2025,1,19,6,6,Sun,Jan,0.1655,0.1655,46035,231,37.0,low,06:00,OP
439,2025-01-19 07:00:00,2025,1,19,7,6,Sun,Jan,0.3932,0.3932,46035,231,87.9,low,07:00,OP
440,2025-01-19 08:00:00,2025,1,19,8,6,Sun,Jan,0.379,0.379,46035,231,84.73,low,08:00,OP
441,2025-01-19 09:00:00,2025,1,19,9,6,Sun,Jan,0.3775,0.3775,46035,231,84.38,low,09:00,OP
442,2025-01-19 10:00:00,2025,1,19,10,6,Sun,Jan,0.3608,0.3608,46035,231,80.65,low,10:00,OP
443,2025-01-19 11:00:00,2025,1,19,11,6,Sun,Jan,0.3558,0.3558,46035,231,79.54,low,11:00,OP
444,2025-01-19 12:00:00,2025,1,19,12,6,Sun,Jan,0.1722,0.1722,46035,231,38.5,low,12:00,OP
445,2025-01-19 13:00:00,2025,1,19,13,6,Sun,Jan,0.1653,0.1653,46035,231,36.95,low,13:00,OP
446,2025-01-19 14:00:00,2025,1,19,14,6,Sun,Jan,0.1541,0.1541,46035,231,34.45,low,14:00,OP
447,2025-01-19 15:00:00,2025,1,19,15,6,Sun,Jan,0.1547,0.1547,46035,231,34.59,low,15:00,OP
448,2025-01-19 16:00:00,2025,1,19,16,6,Sun,Jan,0.1634,0.1634,46035,231,36.53,low,16:00,OP
449,2025-01-19 17:00:00,2025,1,19,17,6,Sun,Jan,0.3292,0.3292,46035,231,73.59,low,17:00,OP
450,2025-01-19 18:00:00,2025,1,19,18,6,Sun,Jan,0.521,0.521,46035,231,116.46,low,18:00,STD
451,2025-01-19 19:00:00,2025,1,19,19,6,Sun,Jan,0.3252,0.3252,46035,231,72.69,low,19:00,STD
452,2025-01-19 20:00:00,2025,1,19,20,6,Sun,Jan,0.1437,0.1437,46035,231,32.12,low,20:00,OP
453,2025-01-19 21:00:00,2025,1,19,21,6,Sun,Jan,0.1337,0.1337,46035,231,29.88,low,21:00,OP
454,2025-01-19 22:00:00,2025,1,19,22,6,Sun,Jan,0.1291,0.1291,46035,231,28.86,low,22:00,OP
455,2025-01-19 23:00:00,2025,1,19,23,6,Sun,Jan,0.0971,0.1,46035,231,22.35,low,23:00,OP
456,2025-01-20 00:00:00,2025,1,20,0,0,Weekday,Jan,0.1105,0.1105,46035,231,24.71,low,00:00,OP
457,2025-01-20 01:00:00,2025,1,20,1,0,Weekday,Jan,0.1022,0.1022,46035,231,22.85,low,01:00,OP
458,2025-01-20 02:00:00,2025,1,20,2,0,Weekday,Jan,0.1079,0.1079,46035,231,24.12,low,02:00,OP
459,2025-01-20 03:00:00,2025,1,20,3,0,Weekday,Jan,0.1285,0.1285,46035,231,28.72,low,03:00,OP
460,2025-01-20 04:00:00,2025,1,20,4,0,Weekday,Jan,0.1432,0.1432,46035,231,32.01,low,04:00,OP
461,2025-01-20 05:00:00,2025,1,20,5,0,Weekday,Jan,0.157,0.157,46035,231,35.1,low,05:00,OP
462,2025-01-20 06:00:00,2025,1,20,6,0,Weekday,Jan,0.289,0.289,46035,231,64.61,low,06:00,STD
463,2025-01-20 07:00:00,2025,1,20,7,0,Weekday,Jan,0.046,0.1,46035,231,22.35,low,07:00,PK
464,2025-01-20 08:00:00,2025,1,20,8,0,Weekday,Jan,0.3365,0.3365,46035,231,75.22,low,08:00,PK
465,2025-01-20 09:00:00,2025,1,20,9,0,Weekday,Jan,0.6077,0.6077,46035,231,135.85,low,09:00,STD
466,2025-01-20 10:00:00,2025,1,20,10,0,Weekday,Jan,0.5644,0.5644,46035,231,126.17,low,10:00,STD
467,2025-01-20 11:00:00,2025,1,20,11,0,Weekday,Jan,0.5577,0.5577,46035,231,124.67,low,11:00,STD
468,2025-01-20 12:00:00,2025,1,20,12,0,Weekday,Jan,0.5319,0.5319,46035,231,118.91,low,12:00,STD
469,2025-01-20 13:00:00,2025,1,20,13,0,Weekday,Jan,0.5076,0.5076,46035,231,113.48,low,13:00,STD
470,2025-01-20 14:00:00,2025,1,20,14,0,Weekday,Jan,0.4855,0.4855,46035,231,108.53,low,14:00,STD
471,2025-01-20 15:00:00,2025,1,20,15,0,Weekday,Jan,0.4967,0.4967,46035,231,111.04,low,15:00,STD
472,2025-01-20 16:00:00,2025,1,20,16,0,Weekday,Jan,0.5252,0.5252,46035,231,117.41,low,16:00,STD
473,2025-01-20 17:00:00,2025,1,20,17,0,Weekday,Jan,0.2875,0.2875,46035,231,64.27,low,17:00,STD
474,2025-01-20 18:00:00,2025,1,20,18,0,Weekday,Jan,0.0394,0.1,46035,231,22.35,low,18:00,PK
475,2025-01-20 19:00:00,2025,1,20,19,0,Weekday,Jan,0.0369,0.1,46035,231,22.35,low,19:00,PK
476,2025-01-20 20:00:00,2025,1,20,20,0,Weekday,Jan,0.2441,0.2441,46035,231,54.57,low,20:00,PK
477,2025-01-20 21:00:00,2025,1,20,21,0,Weekday,Jan,0.4107,0.4107,46035,231,91.81,low,21:00,STD
478,2025-01-20 22:00:00,2025,1,20,22,0,Weekday,Jan,0.1291,0.1291,46035,231,28.86,low,22:00,OP
479,2025-01-20 23:00:00,2025,1,20,23,0,Weekday,Jan,0.0986,0.1,46035,231,22.35,low,23:00,OP
480,2025-01-21 00:00:00,2025,1,21,0,1,Weekday,Jan,0.1105,0.1105,46035,231,24.71,low,00:00,OP
481,2025-01-21 01:00:00,2025,1,21,1,1,Weekday,Jan,0.1022,0.1022,46035,231,22.85,low,01:00,OP
482,2025-01-21 02:00:00,2025,1,21,2,1,Weekday,Jan,0.1079,0.1079,46035,231,24.12,low,02:00,OP
483,2025-01-21 03:00:00,2025,1,21,3,1,Weekday,Jan,0.1285,0.1285,46035,231,28.72,low,03:00,OP
484,2025-01-21 04:00:00,2025,1,21,4,1,Weekday,Jan,0.1432,0.1432,46035,231,32.01,low,04:00,OP
485,2025-01-21 05:00:00,2025,1,21,5,1,Weekday,Jan,0.157,0.157,46035,231,35.1,low,05:00,OP
486,2025-01-21 06:00:00,2025,1,21,6,1,Weekday,Jan,0.289,0.289,46035,231,64.61,low,06:00,STD
487,2025-01-21 07:00:00,2025,1,21,7,1,Weekday,Jan,0.046,0.1,46035,231,22.35,low,07:00,PK
488,2025-01-21 08:00:00,2025,1,21,8,1,Weekday,Jan,0.3365,0.3365,46035,231,75.22,low,08:00,PK
489,2025-01-21 09:00:00,2025,1,21,9,1,Weekday,Jan,0.6077,0.6077,46035,231,135.85,low,09:00,STD
490,2025-01-21 10:00:00,2025,1,21,10,1,Weekday,Jan,0.5644,0.5644,46035,231,126.17,low,10:00,STD
491,2025-01-21 11:00:00,2025,1,21,11,1,Weekday,Jan,0.5577,0.5577,46035,231,124.67,low,11:00,STD
492,2025-01-21 12:00:00,2025,1,21,12,1,Weekday,Jan,0.5319,0.5319,46035,231,118.91,low,12:00,STD
493,2025-01-21 13:00:00,2025,1,21,13,1,Weekday,Jan,0.5076,0.5076,46035,231,113.48,low,13:00,STD
494,2025-01-21 14:00:00,2025,1,21,14,1,Weekday,Jan,0.4855,0.4855,46035,231,108.53,low,14:00,STD
495,2025-01-21 15:00:00,2025,1,21,15,1,Weekday,Jan,0.4967,0.4967,46035,231,111.04,low,15:00,STD
496,2025-01-21 16:00:00,2025,1,21,16,1,Weekday,Jan,0.5252,0.5252,46035,231,117.41,low,16:00,STD
497,2025-01-21 17:00:00,2025,1,21,17,1,Weekday,Jan,0.2875,0.2875,46035,231,64.27,low,17:00,STD
498,2025-01-21 18:00:00,2025,1,21,18,1,Weekday,Jan,0.0394,0.1,46035,231,22.35,low,18:00,PK
499,2025-01-21 19:00:00,2025,1,21,19,1,Weekday,Jan,0.0369,0.1,46035,231,22.35,low,19:00,PK
500,2025-01-21 20:00:00,2025,1,21,20,1,Weekday,Jan,0.2441,0.2441,46035,231,54.57,low,20:00,PK
501,2025-01-21 21:00:00,2025,1,21,21,1,Weekday,Jan,0.4107,0.4107,46035,231,91.81,low,21:00,STD
502,2025-01-21 22:00:00,2025,1,21,22,1,Weekday,Jan,0.1291,0.1291,46035,231,28.86,low,22:00,OP
503,2025-01-21 23:00:00,2025,1,21,23,1,Weekday,Jan,0.0986,0.1,46035,231,22.35,low,23:00,OP
504,2025-01-22 00:00:00,2025,1,22,0,2,Weekday,Jan,0.1105,0.1105,46035,231,24.71,low,00:00,OP
505,2025-01-22 01:00:00,2025,1,22,1,2,Weekday,Jan,0.1022,0.1022,46035,231,22.85,low,01:00,OP
506,2025-01-22 02:00:00,2025,1,22,2,2,Weekday,Jan,0.1079,0.1079,46035,231,24.12,low,02:00,OP
507,2025-01-22 03:00:00,2025,1,22,3,2,Weekday,Jan,0.1285,0.1285,46035,231,28.72,low,03:00,OP
508,2025-01-22 04:00:00,2025,1,22,4,2,Weekday,Jan,0.1432,0.1432,46035,231,32.01,low,04:00,OP
509,2025-01-22 05:00:00,2025,1,22,5,2,Weekday,Jan,0.157,0.157,46035,231,35.1,low,05:00,OP
510,2025-01-22 06:00:00,2025,1,22,6,2,Weekday,Jan,0.289,0.289,46035,231,64.61,low,06:00,STD
511,2025-01-22 07:00:00,2025,1,22,7,2,Weekday,Jan,0.046,0.1,46035,231,22.35,low,07:00,PK
512,2025-01-22 08:00:00,2025,1,22,8,2,Weekday,Jan,0.3365,0.3365,46035,231,75.22,low,08:00,PK
513,2025-01-22 09:00:00,2025,1,22,9,2,Weekday,Jan,0.6077,0.6077,46035,231,135.85,low,09:00,STD
514,2025-01-22 10:00:00,2025,1,22,10,2,Weekday,Jan,0.5644,0.5644,46035,231,126.17,low,10:00,STD
515,2025-01-22 11:00:00,2025,1,22,11,2,Weekday,Jan,0.5577,0.5577,46035,231,124.67,low,11:00,STD
516,2025-01-22 12:00:00,2025,1,22,12,2,Weekday,Jan,0.5319,0.5319,46035,231,118.91,low,12:00,STD
517,2025-01-22 13:00:00,2025,1,22,13,2,Weekday,Jan,0.5076,0.5076,46035,231,113.48,low,13:00,STD
518,2025-01-22 14:00:00,2025,1,22,14,2,Weekday,Jan,0.4855,0.4855,46035,231,108.53,low,14:00,STD
519,2025-01-22 15:00:00,2025,1,22,15,2,Weekday,Jan,0.4967,0.4967,46035,231,111.04,low,15:00,STD
520,2025-01-22 16:00:00,2025,1,22,16,2,Weekday,Jan,0.5252,0.5252,46035,231,117.41,low,16:00,STD
521,2025-01-22 17:00:00,2025,1,22,17,2,Weekday,Jan,0.2875,0.2875,46035,231,64.27,low,17:00,STD
522,2025-01-22 18:00:00,2025,1,22,18,2,Weekday,Jan,0.0394,0.1,46035,231,22.35,low,18:00,PK
523,2025-01-22 19:00:00,2025,1,22,19,2,Weekday,Jan,0.0369,0.1,46035,231,22.35,low,19:00,PK
524,2025-01-22 20:00:00,2025,1,22,20,2,Weekday,Jan,0.2441,0.2441,46035,231,54.57,low,20:00,PK
525,2025-01-22 21:00:00,2025,1,22,21,2,Weekday,Jan,0.4107,0.4107,46035,231,91.81,low,21:00,STD
526,2025-01-22 22:00:00,2025,1,22,22,2,Weekday,Jan,0.1291,0.1291,46035,231,28.86,low,22:00,OP
527,2025-01-22 23:00:00,2025,1,22,23,2,Weekday,Jan,0.0986,0.1,46035,231,22.35,low,23:00,OP
528,2025-01-23 00:00:00,2025,1,23,0,3,Weekday,Jan,0.1105,0.1105,46035,231,24.71,low,00:00,OP
529,2025-01-23 01:00:00,2025,1,23,1,3,Weekday,Jan,0.1022,0.1022,46035,231,22.85,low,01:00,OP
530,2025-01-23 02:00:00,2025,1,23,2,3,Weekday,Jan,0.1079,0.1079,46035,231,24.12,low,02:00,OP
531,2025-01-23 03:00:00,2025,1,23,3,3,Weekday,Jan,0.1285,0.1285,46035,231,28.72,low,03:00,OP
532,2025-01-23 04:00:00,2025,1,23,4,3,Weekday,Jan,0.1432,0.1432,46035,231,32.01,low,04:00,OP
533,2025-01-23 05:00:00,2025,1,23,5,3,Weekday,Jan,0.157,0.157,46035,231,35.1,low,05:00,OP
534,2025-01-23 06:00:00,2025,1,23,6,3,Weekday,Jan,0.289,0.289,46035,231,64.61,low,06:00,STD
535,2025-01-23 07:00:00,2025,1,23,7,3,Weekday,Jan,0.046,0.1,46035,231,22.35,low,07:00,PK
536,2025-01-23 08:00:00,2025,1,23,8,3,Weekday,Jan,0.3365,0.3365,46035,231,75.22,low,08:00,PK
537,2025-01-23 09:00:00,2025,1,23,9,3,Weekday,Jan,0.6077,0.6077,46035,231,135.85,low,09:00,STD
538,2025-01-23 10:00:00,2025,1,23,10,3,Weekday,Jan,0.5644,0.5644,46035,231,126.17,low,10:00,STD
539,2025-01-23 11:00:00,2025,1,23,11,3,Weekday,Jan,0.5577,0.5577,46035,231,124.67,low,11:00,STD
540,2025-01-23 12:00:00,2025,1,23,12,3,Weekday,Jan,0.5319,0.5319,46035,231,118.91,low,12:00,STD
541,2025-01-23 13:00:00,2025,1,23,13,3,Weekday,Jan,0.5076,0.5076,46035,231,113.48,low,13:00,STD
542,2025-01-23 14:00:00,2025,1,23,14,3,Weekday,Jan,0.4855,0.4855,46035,231,108.53,low,14:00,STD
543,2025-01-23 15:00:00,2025,1,23,15,3,Weekday,Jan,0.4967,0.4967,46035,231,111.04,low,15:00,STD
544,2025-01-23 16:00:00,2025,1,23,16,3,Weekday,Jan,0.5252,0.5252,46035,231,117.41,low,16:00,STD
545,2025-01-23 17:00:00,2025,1,23,17,3,Weekday,Jan,0.2875,0.2875,46035,231,64.27,low,17:00,STD
546,2025-01-23 18:00:00,2025,1,23,18,3,Weekday,Jan,0.0394,0.1,46035,231,22.35,low,18:00,PK
547,2025-01-23 19:00:00,2025,1,23,19,3,Weekday,Jan,0.0369,0.1,46035,231,22.35,low,19:00,PK
548,2025-01-23 20:00:00,2025,1,23,20,3,Weekday,Jan,0.2441,0.2441,46035,231,54.57,low,20:00,PK
549,2025-01-23 21:00:00,2025,1,23,21,3,Weekday,Jan,0.4107,0.4107,46035,231,91.81,low,21:00,STD
550,2025-01-23 22:00:00,2025,1,23,22,3,Weekday,Jan,0.1291,0.1291,46035,231,28.86,low,22:00,OP
551,2025-01-23 23:00:00,2025,1,23,23,3,Weekday,Jan,0.0986,0.1,46035,231,22.35,low,23:00,OP
552,2025-01-24 00:00:00,2025,1,24,0,4,Weekday,Jan,0.1105,0.1105,46035,231,24.71,low,00:00,OP
553,2025-01-24 01:00:00,2025,1,24,1,4,Weekday,Jan,0.1022,0.1022,46035,231,22.85,low,01:00,OP
554,2025-01-24 02:00:00,2025,1,24,2,4,Weekday,Jan,0.1079,0.1079,46035,231,24.12,low,02:00,OP
555,2025-01-24 03:00:00,2025,1,24,3,4,Weekday,Jan,0.1285,0.1285,46035,231,28.72,low,03:00,OP
556,2025-01-24 04:00:00,2025,1,24,4,4,Weekday,Jan,0.1432,0.1432,46035,231,32.01,low,04:00,OP
557,2025-01-24 05:00:00,2025,1,24,5,4,Weekday,Jan,0.157,0.157,46035,231,35.1,low,05:00,OP
558,2025-01-24 06:00:00,2025,1,24,6,4,Weekday,Jan,0.289,0.289,46035,231,64.61,low,06:00,STD
559,2025-01-24 07:00:00,2025,1,24,7,4,Weekday,Jan,0.046,0.1,46035,231,22.35,low,07:00,PK
560,2025-01-24 08:00:00,2025,1,24,8,4,Weekday,Jan,0.3365,0.3365,46035,231,75.22,low,08:00,PK
561,2025-01-24 09:00:00,2025,1,24,9,4,Weekday,Jan,0.6077,0.6077,46035,231,135.85,low,09:00,STD
562,2025-01-24 10:00:00,2025,1,24,10,4,Weekday,Jan,0.5644,0.5644,46035,231,126.17,low,10:00,STD
563,2025-01-24 11:00:00,2025,1,24,11,4,Weekday,Jan,0.5577,0.5577,46035,231,124.67,low,11:00,STD
564,2025-01-24 12:00:00,2025,1,24,12,4,Weekday,Jan,0.5319,0.5319,46035,231,118.91,low,12:00,STD
565,2025-01-24 13:00:00,2025,1,24,13,4,Weekday,Jan,0.5076,0.5076,46035,231,113.48,low,13:00,STD
566,2025-01-24 14:00:00,2025,1,24,14,4,Weekday,Jan,0.4855,0.4855,46035,231,108.53,low,14:00,STD
567,2025-01-24 15:00:00,2025,1,24,15,4,Weekday,Jan,0.4967,0.4967,46035,231,111.04,low,15:00,STD
568,2025-01-24 16:00:00,2025,1,24,16,4,Weekday,Jan,0.5252,0.5252,46035,231,117.41,low,16:00,STD
569,2025-01-24 17:00:00,2025,1,24,17,4,Weekday,Jan,0.2875,0.2875,46035,231,64.27,low,17:00,STD
570,2025-01-24 18:00:00,2025,1,24,18,4,Weekday,Jan,0.0394,0.1,46035,231,22.35,low,18:00,PK
571,2025-01-24 19:00:00,2025,1,24,19,4,Weekday,Jan,0.0369,0.1,46035,231,22.35,low,19:00,PK
572,2025-01-24 20:00:00,2025,1,24,20,4,Weekday,Jan,0.2441,0.2441,46035,231,54.57,low,20:00,PK
573,2025-01-24 21:00:00,2025,1,24,21,4,Weekday,Jan,0.4107,0.4107,46035,231,91.81,low,21:00,STD
574,2025-01-24 22:00:00,2025,1,24,22,4,Weekday,Jan,0.1291,0.1291,46035,231,28.86,low,22:00,OP
575,2025-01-24 23:00:00,2025,1,24,23,4,Weekday,Jan,0.0986,0.1,46035,231,22.35,low,23:00,OP
576,2025-01-25 00:00:00,2025,1,25,0,5,Sat,Jan,0.11,0.11,46035,231,24.59,low,00:00,OP
577,2025-01-25 01:00:00,2025,1,25,1,5,Sat,Jan,0.1034,0.1034,46035,231,23.12,low,01:00,OP
578,2025-01-25 02:00:00,2025,1,25,2,5,Sat,Jan,0.1073,0.1073,46035,231,23.99,low,02:00,OP
579,2025-01-25 03:00:00,2025,1,25,3,5,Sat,Jan,0.1261,0.1261,46035,231,28.19,low,03:00,OP
580,2025-01-25 04:00:00,2025,1,25,4,5,Sat,Jan,0.1426,0.1426,46035,231,31.87,low,04:00,OP
581,2025-01-25 05:00:00,2025,1,25,5,5,Sat,Jan,0.1505,0.1505,46035,231,33.65,low,05:00,OP
582,2025-01-25 06:00:00,2025,1,25,6,5,Sat,Jan,0.1655,0.1655,46035,231,37.0,low,06:00,OP
583,2025-01-25 07:00:00,2025,1,25,7,5,Sat,Jan,0.3932,0.3932,46035,231,87.9,low,07:00,STD
584,2025-01-25 08:00:00,2025,1,25,8,5,Sat,Jan,0.379,0.379,46035,231,84.73,low,08:00,STD
585,2025-01-25 09:00:00,2025,1,25,9,5,Sat,Jan,0.3775,0.3775,46035,231,84.38,low,09:00,STD
586,2025-01-25 10:00:00,2025,1,25,10,5,Sat,Jan,0.3608,0.3608,46035,231,80.65,low,10:00,STD
587,2025-01-25 11:00:00,2025,1,25,11,5,Sat,Jan,0.3558,0.3558,46035,231,79.54,low,11:00,STD
588,2025-01-25 12:00:00,2025,1,25,12,5,Sat,Jan,0.1722,0.1722,46035,231,38.5,low,12:00,OP
589,2025-01-25 13:00:00,2025,1,25,13,5,Sat,Jan,0.1653,0.1653,46035,231,36.95,low,13:00,OP
590,2025-01-25 14:00:00,2025,1,25,14,5,Sat,Jan,0.1541,0.1541,46035,231,34.45,low,14:00,OP
591,2025-01-25 15:00:00,2025,1,25,15,5,Sat,Jan,0.1547,0.1547,46035,231,34.59,low,15:00,OP
592,2025-01-25 16:00:00,2025,1,25,16,5,Sat,Jan,0.1634,0.1634,46035,231,36.53,low,16:00,OP
593,2025-01-25 17:00:00,2025,1,25,17,5,Sat,Jan,0.3292,0.3292,46035,231,73.59,low,17:00,OP
594,2025-01-25 18:00:00,2025,1,25,18,5,Sat,Jan,0.521,0.521,46035,231,116.46,low,18:00,STD
595,2025-01-25 19:00:00,2025,1,25,19,5,Sat,Jan,0.3252,0.3252,46035,231,72.69,low,19:00,STD
596,2025-01-25 20:00:00,2025,1,25,20,5,Sat,Jan,0.1437,0.1437,46035,231,32.12,low,20:00,OP
597,2025-01-25 21:00:00,2025,1,25,21,5,Sat,Jan,0.1337,0.1337,46035,231,29.88,low,21:00,OP
598,2025-01-25 22:00:00,2025,1,25,22,5,Sat,Jan,0.1291,0.1291,46035,231,28.86,low,22:00,OP
599,2025-01-25 23:00:00,2025,1,25,23,5,Sat,Jan,0.0971,0.1,46035,231,22.35,low,23:00,OP
600,2025-01-26 00:00:00,2025,1,26,0,6,Sun,Jan,0.11,0.11,46035,231,24.59,low,00:00,OP
601,2025-01-26 01:00:00,2025,1,26,1,6,Sun,Jan,0.1034,0.1034,46035,231,23.12,low,01:00,OP
602,2025-01-26 02:00:00,2025,1,26,2,6,Sun,Jan,0.1073,0.1073,46035,231,23.99,low,02:00,OP
603,2025-01-26 03:00:00,2025,1,26,3,6,Sun,Jan,0.1261,0.1261,46035,231,28.19,low,03:00,OP
604,2025-01-26 04:00:00,2025,1,26,4,6,Sun,Jan,0.1426,0.1426,46035,231,31.87,low,04:00,OP
605,2025-01-26 05:00:00,2025,1,26,5,6,Sun,Jan,0.1505,0.1505,46035,231,33.65,low,05:00,OP
606,2025-01-26 06:00:00,2025,1,26,6,6,Sun,Jan,0.1655,0.1655,46035,231,37.0,low,06:00,OP
607,2025-01-26 07:00:00,2025,1,26,7,6,Sun,Jan,0.3932,0.3932,46035,231,87.9,low,07:00,OP
608,2025-01-26 08:00:00,2025,1,26,8,6,Sun,Jan,0.379,0.379,46035,231,84.73,low,08:00,OP
609,2025-01-26 09:00:00,2025,1,26,9,6,Sun,Jan,0.3775,0.3775,46035,231,84.38,low,09:00,OP
610,2025-01-26 10:00:00,2025,1,26,10,6,Sun,Jan,0.3608,0.3608,46035,231,80.65,low,10:00,OP
611,2025-01-26 11:00:00,2025,1,26,11,6,Sun,Jan,0.3558,0.3558,46035,231,79.54,low,11:00,OP
612,2025-01-26 12:00:00,2025,1,26,12,6,Sun,Jan,0.1722,0.1722,46035,231,38.5,low,12:00,OP
613,2025-01-26 13:00:00,2025,1,26,13,6,Sun,Jan,0.1653,0.1653,46035,231,36.95,low,13:00,OP
614,2025-01-26 14:00:00,2025,1,26,14,6,Sun,Jan,0.1541,0.1541,46035,231,34.45,low,14:00,OP
615,2025-01-26 15:00:00,2025,1,26,15,6,Sun,Jan,0.1547,0.1547,46035,231,34.59,low,15:00,OP
616,2025-01-26 16:00:00,2025,1,26,16,6,Sun,Jan,0.1634,0.1634,46035,231,36.53,low,16:00,OP
617,2025-01-26 17:00:00,2025,1,26,17,6,Sun,Jan,0.3292,0.3292,46035,231,73.59,low,17:00,OP
618,2025-01-26 18:00:00,2025,1,26,18,6,Sun,Jan,0.521,0.521,46035,231,116.46,low,18:00,STD
619,2025-01-26 19:00:00,2025,1,26,19,6,Sun,Jan,0.3252,0.3252,46035,231,72.69,low,19:00,STD
620,2025-01-26 20:00:00,2025,1,26,20,6,Sun,Jan,0.1437,0.1437,46035,231,32.12,low,20:00,OP
621,2025-01-26 21:00:00,2025,1,26,21,6,Sun,Jan,0.1337,0.1337,46035,231,29.88,low,21:00,OP
622,2025-01-26 22:00:00,2025,1,26,22,6,Sun,Jan,0.1291,0.1291,46035,231,28.86,low,22:00,OP
623,2025-01-26 23:00:00,2025,1,26,23,6,Sun,Jan,0.0971,0.1,46035,231,22.35,low,23:00,OP
624,2025-01-27 00:00:00,2025,1,27,0,0,Weekday,Jan,0.1105,0.1105,46035,231,24.71,low,00:00,OP
625,2025-01-27 01:00:00,2025,1,27,1,0,Weekday,Jan,0.1022,0.1022,46035,231,22.85,low,01:00,OP
626,2025-01-27 02:00:00,2025,1,27,2,0,Weekday,Jan,0.1079,0.1079,46035,231,24.12,low,02:00,OP
627,2025-01-27 03:00:00,2025,1,27,3,0,Weekday,Jan,0.1285,0.1285,46035,231,28.72,low,03:00,OP
628,2025-01-27 04:00:00,2025,1,27,4,0,Weekday,Jan,0.1432,0.1432,46035,231,32.01,low,04:00,OP
629,2025-01-27 05:00:00,2025,1,27,5,0,Weekday,Jan,0.157,0.157,46035,231,35.1,low,05:00,OP
630,2025-01-27 06:00:00,2025,1,27,6,0,Weekday,Jan,0.289,0.289,46035,231,64.61,low,06:00,STD
631,2025-01-27 07:00:00,2025,1,27,7,0,Weekday,Jan,0.046,0.1,46035,231,22.35,low,07:00,PK
632,2025-01-27 08:00:00,2025,1,27,8,0,Weekday,Jan,0.3365,0.3365,46035,231,75.22,low,08:00,PK
633,2025-01-27 09:00:00,2025,1,27,9,0,Weekday,Jan,0.6077,0.6077,46035,231,135.85,low,09:00,STD
634,2025-01-27 10:00:00,2025,1,27,10,0,Weekday,Jan,0.5644,0.5644,46035,231,126.17,low,10:00,STD
635,2025-01-27 11:00:00,2025,1,27,11,0,Weekday,Jan,0.5577,0.5577,46035,231,124.67,low,11:00,STD
636,2025-01-27 12:00:00,2025,1,27,12,0,Weekday,Jan,0.5319,0.5319,46035,231,118.91,low,12:00,STD
637,2025-01-27 13:00:00,2025,1,27,13,0,Weekday,Jan,0.5076,0.5076,46035,231,113.48,low,13:00,STD
638,2025-01-27 14:00:00,2025,1,27,14,0,Weekday,Jan,0.4855,0.4855,46035,231,108.53,low,14:00,STD
639,2025-01-27 15:00:00,2025,1,27,15,0,Weekday,Jan,0.4967,0.4967,46035,231,111.04,low,15:00,STD
640,2025-01-27 16:00:00,2025,1,27,16,0,Weekday,Jan,0.5252,0.5252,46035,231,117.41,low,16:00,STD
641,2025-01-27 17:00:00,2025,1,27,17,0,Weekday,Jan,0.2875,0.2875,46035,231,64.27,low,17:00,STD
642,2025-01-27 18:00:00,2025,1,27,18,0,Weekday,Jan,0.0394,0.1,46035,231,22.35,low,18:00,PK
643,2025-01-27 19:00:00,2025,1,27,19,0,Weekday,Jan,0.0369,0.1,46035,231,22.35,low,19:00,PK
644,2025-01-27 20:00:00,2025,1,27,20,0,Weekday,Jan,0.2441,0.2441,46035,231,54.57,low,20:00,PK
645,2025-01-27 21:00:00,2025,1,27,21,0,Weekday,Jan,0.4107,0.4107,46035,231,91.81,low,21:00,STD
646,2025-01-27 22:00:00,2025,1,27,22,0,Weekday,Jan,0.1291,0.1291,46035,231,28.86,low,22:00,OP
647,2025-01-27 23:00:00,2025,1,27,23,0,Weekday,Jan,0.0986,0.1,46035,231,22.35,low,23:00,OP
648,2025-01-28 00:00:00,2025,1,28,0,1,Weekday,Jan,0.1105,0.1105,46035,231,24.71,low,00:00,OP
649,2025-01-28 01:00:00,2025,1,28,1,1,Weekday,Jan,0.1022,0.1022,46035,231,22.85,low,01:00,OP
650,2025-01-28 02:00:00,2025,1,28,2,1,Weekday,Jan,0.1079,0.1079,46035,231,24.12,low,02:00,OP
651,2025-01-28 03:00:00,2025,1,28,3,1,Weekday,Jan,0.1285,0.1285,46035,231,28.72,low,03:00,OP
652,2025-01-28 04:00:00,2025,1,28,4,1,Weekday,Jan,0.1432,0.1432,46035,231,32.01,low,04:00,OP
653,2025-01-28 05:00:00,2025,1,28,5,1,Weekday,Jan,0.157,0.157,46035,231,35.1,low,05:00,OP
654,2025-01-28 06:00:00,2025,1,28,6,1,Weekday,Jan,0.289,0.289,46035,231,64.61,low,06:00,STD
655,2025-01-28 07:00:00,2025,1,28,7,1,Weekday,Jan,0.046,0.1,46035,231,22.35,low,07:00,PK
656,2025-01-28 08:00:00,2025,1,28,8,1,Weekday,Jan,0.3365,0.3365,46035,231,75.22,low,08:00,PK
657,2025-01-28 09:00:00,2025,1,28,9,1,Weekday,Jan,0.6077,0.6077,46035,231,135.85,low,09:00,STD
658,2025-01-28 10:00:00,2025,1,28,10,1,Weekday,Jan,0.5644,0.5644,46035,231,126.17,low,10:00,STD
659,2025-01-28 11:00:00,2025,1,28,11,1,Weekday,Jan,0.5577,0.5577,46035,231,124.67,low,11:00,STD
660,2025-01-28 12:00:00,2025,1,28,12,1,Weekday,Jan,0.5319,0.5319,46035,231,118.91,low,12:00,STD
661,2025-01-28 13:00:00,2025,1,28,13,1,Weekday,Jan,0.5076,0.5076,46035,231,113.48,low,13:00,STD
662,2025-01-28 14:00:00,2025,1,28,14,1,Weekday,Jan,0.4855,0.4855,46035,231,108.53,low,14:00,STD
663,2025-01-28 15:00:00,2025,1,28,15,1,Weekday,Jan,0.4967,0.4967,46035,231,111.04,low,15:00,STD
664,2025-01-28 16:00:00,2025,1,28,16,1,Weekday,Jan,0.5252,0.5252,46035,231,117.41,low,16:00,STD
665,2025-01-28 17:00:00,2025,1,28,17,1,Weekday,Jan,0.2875,0.2875,46035,231,64.27,low,17:00,STD
666,2025-01-28 18:00:00,2025,1,28,18,1,Weekday,Jan,0.0394,0.1,46035,231,22.35,low,18:00,PK
667,2025-01-28 19:00:00,2025,1,28,19,1,Weekday,Jan,0.0369,0.1,46035,231,22.35,low,19:00,PK
668,2025-01-28 20:00:00,2025,1,28,20,1,Weekday,Jan,0.2441,0.2441,46035,231,54.57,low,20:00,PK
669,2025-01-28 21:00:00,2025,1,28,21,1,Weekday,Jan,0.4107,0.4107,46035,231,91.81,low,21:00,STD
670,2025-01-28 22:00:00,2025,1,28,22,1,Weekday,Jan,0.1291,0.1291,46035,231,28.86,low,22:00,OP
671,2025-01-28 23:00:00,2025,1,28,23,1,Weekday,Jan,0.0986,0.1,46035,231,22.35,low,23:00,OP
672,2025-01-29 00:00:00,2025,1,29,0,2,Weekday,Jan,0.1105,0.1105,46035,231,24.71,low,00:00,OP
673,2025-01-29 01:00:00,2025,1,29,1,2,Weekday,Jan,0.1022,0.1022,46035,231,22.85,low,01:00,OP
674,2025-01-29 02:00:00,2025,1,29,2,2,Weekday,Jan,0.1079,0.1079,46035,231,24.12,low,02:00,OP
675,2025-01-29 03:00:00,2025,1,29,3,2,Weekday,Jan,0.1285,0.1285,46035,231,28.72,low,03:00,OP
676,2025-01-29 04:00:00,2025,1,29,4,2,Weekday,Jan,0.1432,0.1432,46035,231,32.01,low,04:00,OP
677,2025-01-29 05:00:00,2025,1,29,5,2,Weekday,Jan,0.157,0.157,46035,231,35.1,low,05:00,OP
678,2025-01-29 06:00:00,2025,1,29,6,2,Weekday,Jan,0.289,0.289,46035,231,64.61,low,06:00,STD
679,2025-01-29 07:00:00,2025,1,29,7,2,Weekday,Jan,0.046,0.1,46035,231,22.35,low,07:00,PK
680,2025-01-29 08:00:00,2025,1,29,8,2,Weekday,Jan,0.3365,0.3365,46035,231,75.22,low,08:00,PK
681,2025-01-29 09:00:00,2025,1,29,9,2,Weekday,Jan,0.6077,0.6077,46035,231,135.85,low,09:00,STD
682,2025-01-29 10:00:00,2025,1,29,10,2,Weekday,Jan,0.5644,0.5644,46035,231,126.17,low,10:00,STD
683,2025-01-29 11:00:00,2025,1,29,11,2,Weekday,Jan,0.5577,0.5577,46035,231,124.67,low,11:00,STD
684,2025-01-29 12:00:00,2025,1,29,12,2,Weekday,Jan,0.5319,0.5319,46035,231,118.91,low,12:00,STD
685,2025-01-29 13:00:00,2025,1,29,13,2,Weekday,Jan,0.5076,0.5076,46035,231,113.48,low,13:00,STD
686,2025-01-29 14:00:00,2025,1,29,14,2,Weekday,Jan,0.4855,0.4855,46035,231,108.53,low,14:00,STD
687,2025-01-29 15:00:00,2025,1,29,15,2,Weekday,Jan,0.4967,0.4967,46035,231,111.04,low,15:00,STD
688,2025-01-29 16:00:00,2025,1,29,16,2,Weekday,Jan,0.5252,0.5252,46035,231,117.41,low,16:00,STD
689,2025-01-29 17:00:00,2025,1,29,17,2,Weekday,Jan,0.2875,0.2875,46035,231,64.27,low,17:00,STD
690,2025-01-29 18:00:00,2025,1,29,18,2,Weekday,Jan,0.0394,0.1,46035,231,22.35,low,18:00,PK
691,2025-01-29 19:00:00,2025,1,29,19,2,Weekday,Jan,0.0369,0.1,46035,231,22.35,low,19:00,PK
692,2025-01-29 20:00:00,2025,1,29,20,2,Weekday,Jan,0.2441,0.2441,46035,231,54.57,low,20:00,PK
693,2025-01-29 21:00:00,2025,1,29,21,2,Weekday,Jan,0.4107,0.4107,46035,231,91.81,low,21:00,STD
694,2025-01-29 22:00:00,2025,1,29,22,2,Weekday,Jan,0.1291,0.1291,46035,231,28.86,low,22:00,OP
695,2025-01-29 23:00:00,2025,1,29,23,2,Weekday,Jan,0.0986,0.1,46035,231,22.35,low,23:00,OP
696,2025-01-30 00:00:00,2025,1,30,0,3,Weekday,Jan,0.1105,0.1105,46035,231,24.71,low,00:00,OP
697,2025-01-30 01:00:00,2025,1,30,1,3,Weekday,Jan,0.1022,0.1022,46035,231,22.85,low,01:00,OP
698,2025-01-30 02:00:00,2025,1,30,2,3,Weekday,Jan,0.1079,0.1079,46035,231,24.12,low,02:00,OP
699,2025-01-30 03:00:00,2025,1,30,3,3,Weekday,Jan,0.1285,0.1285,46035,231,28.72,low,03:00,OP
700,2025-01-30 04:00:00,2025,1,30,4,3,Weekday,Jan,0.1432,0.1432,46035,231,32.01,low,04:00,OP
701,2025-01-30 05:00:00,2025,1,30,5,3,Weekday,Jan,0.157,0.157,46035,231,35.1,low,05:00,OP
702,2025-01-30 06:00:00,2025,1,30,6,3,Weekday,Jan,0.289,0.289,46035,231,64.61,low,06:00,STD
703,2025-01-30 07:00:00,2025,1,30,7,3,Weekday,Jan,0.046,0.1,46035,231,22.35,low,07:00,PK
704,2025-01-30 08:00:00,2025,1,30,8,3,Weekday,Jan,0.3365,0.3365,46035,231,75.22,low,08:00,PK
705,2025-01-30 09:00:00,2025,1,30,9,3,Weekday,Jan,0.6077,0.6077,46035,231,135.85,low,09:00,STD
706,2025-01-30 10:00:00,2025,1,30,10,3,Weekday,Jan,0.5644,0.5644,46035,231,126.17,low,10:00,STD
707,2025-01-30 11:00:00,2025,1,30,11,3,Weekday,Jan,0.5577,0.5577,46035,231,124.67,low,11:00,STD
708,2025-01-30 12:00:00,2025,1,30,12,3,Weekday,Jan,0.5319,0.5319,46035,231,118.91,low,12:00,STD
709,2025-01-30 13:00:00,2025,1,30,13,3,Weekday,Jan,0.5076,0.5076,46035,231,113.48,low,13:00,STD
710,2025-01-30 14:00:00,2025,1,30,14,3,Weekday,Jan,0.4855,0.4855,46035,231,108.53,low,14:00,STD
711,2025-01-30 15:00:00,2025,1,30,15,3,Weekday,Jan,0.4967,0.4967,46035,231,111.04,low,15:00,STD
712,2025-01-30 16:00:00,2025,1,30,16,3,Weekday,Jan,0.5252,0.5252,46035,231,117.41,low,16:00,STD
713,2025-01-30 17:00:00,2025,1,30,17,3,Weekday,Jan,0.2875,0.2875,46035,231,64.27,low,17:00,STD
714,2025-01-30 18:00:00,2025,1,30,18,3,Weekday,Jan,0.0394,0.1,46035,231,22.35,low,18:00,PK
715,2025-01-30 19:00:00,2025,1,30,19,3,Weekday,Jan,0.0369,0.1,46035,231,22.35,low,19:00,PK
716,2025-01-30 20:00:00,2025,1,30,20,3,Weekday,Jan,0.2441,0.2441,46035,231,54.57,low,20:00,PK
717,2025-01-30 21:00:00,2025,1,30,21,3,Weekday,Jan,0.4107,0.4107,46035,231,91.81,low,21:00,STD
718,2025-01-30 22:00:00,2025,1,30,22,3,Weekday,Jan,0.1291,0.1291,46035,231,28.86,low,22:00,OP
719,2025-01-30 23:00:00,2025,1,30,23,3,Weekday,Jan,0.0986,0.1,46035,231,22.35,low,23:00,OP
720,2025-01-31 00:00:00,2025,1,31,0,4,Weekday,Jan,0.1105,0.1105,46035,231,24.71,low,00:00,OP
721,2025-01-31 01:00:00,2025,1,31,1,4,Weekday,Jan,0.1022,0.1022,46035,231,22.85,low,01:00,OP
722,2025-01-31 02:00:00,2025,1,31,2,4,Weekday,Jan,0.1079,0.1079,46035,231,24.12,low,02:00,OP
723,2025-01-31 03:00:00,2025,1,31,3,4,Weekday,Jan,0.1285,0.1285,46035,231,28.72,low,03:00,OP
724,2025-01-31 04:00:00,2025,1,31,4,4,Weekday,Jan,0.1432,0.1432,46035,231,32.01,low,04:00,OP
725,2025-01-31 05:00:00,2025,1,31,5,4,Weekday,Jan,0.157,0.157,46035,231,35.1,low,05:00,OP
726,2025-01-31 06:00:00,2025,1,31,6,4,Weekday,Jan,0.289,0.289,46035,231,64.61,low,06:00,STD
727,2025-01-31 07:00:00,2025,1,31,7,4,Weekday,Jan,0.046,0.1,46035,231,22.35,low,07:00,PK
728,2025-01-31 08:00:00,2025,1,31,8,4,Weekday,Jan,0.3365,0.3365,46035,231,75.22,low,08:00,PK
729,2025-01-31 09:00:00,2025,1,31,9,4,Weekday,Jan,0.6077,0.6077,46035,231,135.85,low,09:00,STD
730,2025-01-31 10:00:00,2025,1,31,10,4,Weekday,Jan,0.5644,0.5644,46035,231,126.17,low,10:00,STD
731,2025-01-31 11:00:00,2025,1,31,11,4,Weekday,Jan,0.5577,0.5577,46035,231,124.67,low,11:00,STD
732,2025-01-31 12:00:00,2025,1,31,12,4,Weekday,Jan,0.5319,0.5319,46035,231,118.91,low,12:00,STD
733,2025-01-31 13:00:00,2025,1,31,13,4,Weekday,Jan,0.5076,0.5076,46035,231,113.48,low,13:00,STD
734,2025-01-31 14:00:00,2025,1,31,14,4,Weekday,Jan,0.4855,0.4855,46035,231,108.53,low,14:00,STD
735,2025-01-31 15:00:00,2025,1,31,15,4,Weekday,Jan,0.4967,0.4967,46035,231,111.04,low,15:00,STD
736,2025-01-31 16:00:00,2025,1,31,16,4,Weekday,Jan,0.5252,0.5252,46035,231,117.41,low,16:00,STD
737,2025-01-31 17:00:00,2025,1,31,17,4,Weekday,Jan,0.2875,0.2875,46035,231,64.27,low,17:00,STD
738,2025-01-31 18:00:00,2025,1,31,18,4,Weekday,Jan,0.0394,0.1,46035,231,22.35,low,18:00,PK
739,2025-01-31 19:00:00,2025,1,31,19,4,Weekday,Jan,0.0369,0.1,46035,231,22.35,low,19:00,PK
740,2025-01-31 20:00:00,2025,1,31,20,4,Weekday,Jan,0.2441,0.2441,46035,231,54.57,low,20:00,PK
741,2025-01-31 21:00:00,2025,1,31,21,4,Weekday,Jan,0.4107,0.4107,46035,231,91.81,low,21:00,STD
742,2025-01-31 22:00:00,2025,1,31,22,4,Weekday,Jan,0.1291,0.1291,46035,231,28.86,low,22:00,OP
743,2025-01-31 23:00:00,2025,1,31,23,4,Weekday,Jan,0.0986,0.1,46035,231,22.35,low,23:00,OP
744,2025-02-01 00:00:00,2025,2,1,0,5,Sat,Feb,0.11,0.11,46035,231,27.43,low,00:00,OP
745,2025-02-01 01:00:00,2025,2,1,1,5,Sat,Feb,0.1034,0.1034,46035,231,25.79,low,01:00,OP
746,2025-02-01 02:00:00,2025,2,1,2,5,Sat,Feb,0.1073,0.1073,46035,231,26.77,low,02:00,OP
747,2025-02-01 03:00:00,2025,2,1,3,5,Sat,Feb,0.1261,0.1261,46035,231,31.45,low,03:00,OP
748,2025-02-01 04:00:00,2025,2,1,4,5,Sat,Feb,0.1426,0.1426,46035,231,35.56,low,04:00,OP
749,2025-02-01 05:00:00,2025,2,1,5,5,Sat,Feb,0.1505,0.1505,46035,231,37.55,low,05:00,OP
750,2025-02-01 06:00:00,2025,2,1,6,5,Sat,Feb,0.1655,0.1655,46035,231,41.28,low,06:00,OP
751,2025-02-01 07:00:00,2025,2,1,7,5,Sat,Feb,0.3932,0.3932,46035,231,98.07,low,07:00,STD
752,2025-02-01 08:00:00,2025,2,1,8,5,Sat,Feb,0.379,0.379,46035,231,94.54,low,08:00,STD
753,2025-02-01 09:00:00,2025,2,1,9,5,Sat,Feb,0.3775,0.3775,46035,231,94.15,low,09:00,STD
754,2025-02-01 10:00:00,2025,2,1,10,5,Sat,Feb,0.3608,0.3608,46035,231,89.99,low,10:00,STD
755,2025-02-01 11:00:00,2025,2,1,11,5,Sat,Feb,0.3558,0.3558,46035,231,88.75,low,11:00,STD
756,2025-02-01 12:00:00,2025,2,1,12,5,Sat,Feb,0.1722,0.1722,46035,231,42.95,low,12:00,OP
757,2025-02-01 13:00:00,2025,2,1,13,5,Sat,Feb,0.1653,0.1653,46035,231,41.23,low,13:00,OP
758,2025-02-01 14:00:00,2025,2,1,14,5,Sat,Feb,0.1541,0.1541,46035,231,38.44,low,14:00,OP
759,2025-02-01 15:00:00,2025,2,1,15,5,Sat,Feb,0.1547,0.1547,46035,231,38.59,low,15:00,OP
760,2025-02-01 16:00:00,2025,2,1,16,5,Sat,Feb,0.1634,0.1634,46035,231,40.76,low,16:00,OP
761,2025-02-01 17:00:00,2025,2,1,17,5,Sat,Feb,0.3292,0.3292,46035,231,82.11,low,17:00,OP
762,2025-02-01 18:00:00,2025,2,1,18,5,Sat,Feb,0.521,0.521,46035,231,129.95,low,18:00,STD
763,2025-02-01 19:00:00,2025,2,1,19,5,Sat,Feb,0.3252,0.3252,46035,231,81.11,low,19:00,STD
764,2025-02-01 20:00:00,2025,2,1,20,5,Sat,Feb,0.1437,0.1437,46035,231,35.84,low,20:00,OP
765,2025-02-01 21:00:00,2025,2,1,21,5,Sat,Feb,0.1337,0.1337,46035,231,33.34,low,21:00,OP
766,2025-02-01 22:00:00,2025,2,1,22,5,Sat,Feb,0.1291,0.1291,46035,231,32.2,low,22:00,OP
767,2025-02-01 23:00:00,2025,2,1,23,5,Sat,Feb,0.0971,0.1,46035,231,24.94,low,23:00,OP
768,2025-02-02 00:00:00,2025,2,2,0,6,Sun,Feb,0.11,0.11,46035,231,27.43,low,00:00,OP
769,2025-02-02 01:00:00,2025,2,2,1,6,Sun,Feb,0.1034,0.1034,46035,231,25.79,low,01:00,OP
770,2025-02-02 02:00:00,2025,2,2,2,6,Sun,Feb,0.1073,0.1073,46035,231,26.77,low,02:00,OP
771,2025-02-02 03:00:00,2025,2,2,3,6,Sun,Feb,0.1261,0.1261,46035,231,31.45,low,03:00,OP
772,2025-02-02 04:00:00,2025,2,2,4,6,Sun,Feb,0.1426,0.1426,46035,231,35.56,low,04:00,OP
773,2025-02-02 05:00:00,2025,2,2,5,6,Sun,Feb,0.1505,0.1505,46035,231,37.55,low,05:00,OP
774,2025-02-02 06:00:00,2025,2,2,6,6,Sun,Feb,0.1655,0.1655,46035,231,41.28,low,06:00,OP
775,2025-02-02 07:00:00,2025,2,2,7,6,Sun,Feb,0.3932,0.3932,46035,231,98.07,low,07:00,OP
776,2025-02-02 08:00:00,2025,2,2,8,6,Sun,Feb,0.379,0.379,46035,231,94.54,low,08:00,OP
777,2025-02-02 09:00:00,2025,2,2,9,6,Sun,Feb,0.3775,0.3775,46035,231,94.15,low,09:00,OP
778,2025-02-02 10:00:00,2025,2,2,10,6,Sun,Feb,0.3608,0.3608,46035,231,89.99,low,10:00,OP
779,2025-02-02 11:00:00,2025,2,2,11,6,Sun,Feb,0.3558,0.3558,46035,231,88.75,low,11:00,OP
780,2025-02-02 12:00:00,2025,2,2,12,6,Sun,Feb,0.1722,0.1722,46035,231,42.95,low,12:00,OP
781,2025-02-02 13:00:00,2025,2,2,13,6,Sun,Feb,0.1653,0.1653,46035,231,41.23,low,13:00,OP
782,2025-02-02 14:00:00,2025,2,2,14,6,Sun,Feb,0.1541,0.1541,46035,231,38.44,low,14:00,OP
783,2025-02-02 15:00:00,2025,2,2,15,6,Sun,Feb,0.1547,0.1547,46035,231,38.59,low,15:00,OP
784,2025-02-02 16:00:00,2025,2,2,16,6,Sun,Feb,0.1634,0.1634,46035,231,40.76,low,16:00,OP
785,2025-02-02 17:00:00,2025,2,2,17,6,Sun,Feb,0.3292,0.3292,46035,231,82.11,low,17:00,OP
786,2025-02-02 18:00:00,2025,2,2,18,6,Sun,Feb,0.521,0.521,46035,231,129.95,low,18:00,STD
787,2025-02-02 19:00:00,2025,2,2,19,6,Sun,Feb,0.3252,0.3252,46035,231,81.11,low,19:00,STD
788,2025-02-02 20:00:00,2025,2,2,20,6,Sun,Feb,0.1437,0.1437,46035,231,35.84,low,20:00,OP
789,2025-02-02 21:00:00,2025,2,2,21,6,Sun,Feb,0.1337,0.1337,46035,231,33.34,low,21:00,OP
790,2025-02-02 22:00:00,2025,2,2,22,6,Sun,Feb,0.1291,0.1291,46035,231,32.2,low,22:00,OP
791,2025-02-02 23:00:00,2025,2,2,23,6,Sun,Feb,0.0971,0.1,46035,231,24.94,low,23:00,OP
792,2025-02-03 00:00:00,2025,2,3,0,0,Weekday,Feb,0.1105,0.1105,46035,231,27.57,low,00:00,OP
793,2025-02-03 01:00:00,2025,2,3,1,0,Weekday,Feb,0.1022,0.1022,46035,231,25.49,low,01:00,OP
794,2025-02-03 02:00:00,2025,2,3,2,0,Weekday,Feb,0.1079,0.1079,46035,231,26.91,low,02:00,OP
795,2025-02-03 03:00:00,2025,2,3,3,0,Weekday,Feb,0.1285,0.1285,46035,231,32.05,low,03:00,OP
796,2025-02-03 04:00:00,2025,2,3,4,0,Weekday,Feb,0.1432,0.1432,46035,231,35.72,low,04:00,OP
797,2025-02-03 05:00:00,2025,2,3,5,0,Weekday,Feb,0.157,0.157,46035,231,39.16,low,05:00,OP
798,2025-02-03 06:00:00,2025,2,3,6,0,Weekday,Feb,0.289,0.289,46035,231,72.09,low,06:00,STD
799,2025-02-03 07:00:00,2025,2,3,7,0,Weekday,Feb,0.046,0.1,46035,231,24.94,low,07:00,PK
800,2025-02-03 08:00:00,2025,2,3,8,0,Weekday,Feb,0.3365,0.3365,46035,231,83.93,low,08:00,PK
801,2025-02-03 09:00:00,2025,2,3,9,0,Weekday,Feb,0.6077,0.6077,46035,231,151.58,low,09:00,STD
802,2025-02-03 10:00:00,2025,2,3,10,0,Weekday,Feb,0.5644,0.5644,46035,231,140.78,low,10:00,STD
803,2025-02-03 11:00:00,2025,2,3,11,0,Weekday,Feb,0.5577,0.5577,46035,231,139.1,low,11:00,STD
804,2025-02-03 12:00:00,2025,2,3,12,0,Weekday,Feb,0.5319,0.5319,46035,231,132.67,low,12:00,STD
805,2025-02-03 13:00:00,2025,2,3,13,0,Weekday,Feb,0.5076,0.5076,46035,231,126.62,low,13:00,STD
806,2025-02-03 14:00:00,2025,2,3,14,0,Weekday,Feb,0.4855,0.4855,46035,231,121.1,low,14:00,STD
807,2025-02-03 15:00:00,2025,2,3,15,0,Weekday,Feb,0.4967,0.4967,46035,231,123.89,low,15:00,STD
808,2025-02-03 16:00:00,2025,2,3,16,0,Weekday,Feb,0.5252,0.5252,46035,231,131.0,low,16:00,STD
809,2025-02-03 17:00:00,2025,2,3,17,0,Weekday,Feb,0.2875,0.2875,46035,231,71.71,low,17:00,STD
810,2025-02-03 18:00:00,2025,2,3,18,0,Weekday,Feb,0.0394,0.1,46035,231,24.94,low,18:00,PK
811,2025-02-03 19:00:00,2025,2,3,19,0,Weekday,Feb,0.0369,0.1,46035,231,24.94,low,19:00,PK
812,2025-02-03 20:00:00,2025,2,3,20,0,Weekday,Feb,0.2441,0.2441,46035,231,60.89,low,20:00,PK
813,2025-02-03 21:00:00,2025,2,3,21,0,Weekday,Feb,0.4107,0.4107,46035,231,102.44,low,21:00,STD
814,2025-02-03 22:00:00,2025,2,3,22,0,Weekday,Feb,0.1291,0.1291,46035,231,32.2,low,22:00,OP
815,2025-02-03 23:00:00,2025,2,3,23,0,Weekday,Feb,0.0986,0.1,46035,231,24.94,low,23:00,OP
816,2025-02-04 00:00:00,2025,2,4,0,1,Weekday,Feb,0.1105,0.1105,46035,231,27.57,low,00:00,OP
817,2025-02-04 01:00:00,2025,2,4,1,1,Weekday,Feb,0.1022,0.1022,46035,231,25.49,low,01:00,OP
818,2025-02-04 02:00:00,2025,2,4,2,1,Weekday,Feb,0.1079,0.1079,46035,231,26.91,low,02:00,OP
819,2025-02-04 03:00:00,2025,2,4,3,1,Weekday,Feb,0.1285,0.1285,46035,231,32.05,low,03:00,OP
820,2025-02-04 04:00:00,2025,2,4,4,1,Weekday,Feb,0.1432,0.1432,46035,231,35.72,low,04:00,OP
821,2025-02-04 05:00:00,2025,2,4,5,1,Weekday,Feb,0.157,0.157,46035,231,39.16,low,05:00,OP
822,2025-02-04 06:00:00,2025,2,4,6,1,Weekday,Feb,0.289,0.289,46035,231,72.09,low,06:00,STD
823,2025-02-04 07:00:00,2025,2,4,7,1,Weekday,Feb,0.046,0.1,46035,231,24.94,low,07:00,PK
824,2025-02-04 08:00:00,2025,2,4,8,1,Weekday,Feb,0.3365,0.3365,46035,231,83.93,low,08:00,PK
825,2025-02-04 09:00:00,2025,2,4,9,1,Weekday,Feb,0.6077,0.6077,46035,231,151.58,low,09:00,STD
826,2025-02-04 10:00:00,2025,2,4,10,1,Weekday,Feb,0.5644,0.5644,46035,231,140.78,low,10:00,STD
827,2025-02-04 11:00:00,2025,2,4,11,1,Weekday,Feb,0.5577,0.5577,46035,231,139.1,low,11:00,STD
828,2025-02-04 12:00:00,2025,2,4,12,1,Weekday,Feb,0.5319,0.5319,46035,231,132.67,low,12:00,STD
829,2025-02-04 13:00:00,2025,2,4,13,1,Weekday,Feb,0.5076,0.5076,46035,231,126.62,low,13:00,STD
830,2025-02-04 14:00:00,2025,2,4,14,1,Weekday,Feb,0.4855,0.4855,46035,231,121.1,low,14:00,STD
831,2025-02-04 15:00:00,2025,2,4,15,1,Weekday,Feb,0.4967,0.4967,46035,231,123.89,low,15:00,STD
832,2025-02-04 16:00:00,2025,2,4,16,1,Weekday,Feb,0.5252,0.5252,46035,231,131.0,low,16:00,STD
833,2025-02-04 17:00:00,2025,2,4,17,1,Weekday,Feb,0.2875,0.2875,46035,231,71.71,low,17:00,STD
834,2025-02-04 18:00:00,2025,2,4,18,1,Weekday,Feb,0.0394,0.1,46035,231,24.94,low,18:00,PK
835,2025-02-04 19:00:00,2025,2,4,19,1,Weekday,Feb,0.0369,0.1,46035,231,24.94,low,19:00,PK
836,2025-02-04 20:00:00,2025,2,4,20,1,Weekday,Feb,0.2441,0.2441,46035,231,60.89,low,20:00,PK
837,2025-02-04 21:00:00,2025,2,4,21,1,Weekday,Feb,0.4107,0.4107,46035,231,102.44,low,21:00,STD
838,2025-02-04 22:00:00,2025,2,4,22,1,Weekday,Feb,0.1291,0.1291,46035,231,32.2,low,22:00,OP
839,2025-02-04 23:00:00,2025,2,4,23,1,Weekday,Feb,0.0986,0.1,46035,231,24.94,low,23:00,OP
840,2025-02-05 00:00:00,2025,2,5,0,2,Weekday,Feb,0.1105,0.1105,46035,231,27.57,low,00:00,OP
841,2025-02-05 01:00:00,2025,2,5,1,2,Weekday,Feb,0.1022,0.1022,46035,231,25.49,low,01:00,OP
842,2025-02-05 02:00:00,2025,2,5,2,2,Weekday,Feb,0.1079,0.1079,46035,231,26.91,low,02:00,OP
843,2025-02-05 03:00:00,2025,2,5,3,2,Weekday,Feb,0.1285,0.1285,46035,231,32.05,low,03:00,OP
844,2025-02-05 04:00:00,2025,2,5,4,2,Weekday,Feb,0.1432,0.1432,46035,231,35.72,low,04:00,OP
845,2025-02-05 05:00:00,2025,2,5,5,2,Weekday,Feb,0.157,0.157,46035,231,39.16,low,05:00,OP
846,2025-02-05 06:00:00,2025,2,5,6,2,Weekday,Feb,0.289,0.289,46035,231,72.09,low,06:00,STD
847,2025-02-05 07:00:00,2025,2,5,7,2,Weekday,Feb,0.046,0.1,46035,231,24.94,low,07:00,PK
848,2025-02-05 08:00:00,2025,2,5,8,2,Weekday,Feb,0.3365,0.3365,46035,231,83.93,low,08:00,PK
849,2025-02-05 09:00:00,2025,2,5,9,2,Weekday,Feb,0.6077,0.6077,46035,231,151.58,low,09:00,STD
850,2025-02-05 10:00:00,2025,2,5,10,2,Weekday,Feb,0.5644,0.5644,46035,231,140.78,low,10:00,STD
851,2025-02-05 11:00:00,2025,2,5,11,2,Weekday,Feb,0.5577,0.5577,46035,231,139.1,low,11:00,STD
852,2025-02-05 12:00:00,2025,2,5,12,2,Weekday,Feb,0.5319,0.5319,46035,231,132.67,low,12:00,STD
853,2025-02-05 13:00:00,2025,2,5,13,2,Weekday,Feb,0.5076,0.5076,46035,231,126.62,low,13:00,STD
854,2025-02-05 14:00:00,2025,2,5,14,2,Weekday,Feb,0.4855,0.4855,46035,231,121.1,low,14:00,STD
855,2025-02-05 15:00:00,2025,2,5,15,2,Weekday,Feb,0.4967,0.4967,46035,231,123.89,low,15:00,STD
856,2025-02-05 16:00:00,2025,2,5,16,2,Weekday,Feb,0.5252,0.5252,46035,231,131.0,low,16:00,STD
857,2025-02-05 17:00:00,2025,2,5,17,2,Weekday,Feb,0.2875,0.2875,46035,231,71.71,low,17:00,STD
858,2025-02-05 18:00:00,2025,2,5,18,2,Weekday,Feb,0.0394,0.1,46035,231,24.94,low,18:00,PK
859,2025-02-05 19:00:00,2025,2,5,19,2,Weekday,Feb,0.0369,0.1,46035,231,24.94,low,19:00,PK
860,2025-02-05 20:00:00,2025,2,5,20,2,Weekday,Feb,0.2441,0.2441,46035,231,60.89,low,20:00,PK
861,2025-02-05 21:00:00,2025,2,5,21,2,Weekday,Feb,0.4107,0.4107,46035,231,102.44,low,21:00,STD
862,2025-02-05 22:00:00,2025,2,5,22,2,Weekday,Feb,0.1291,0.1291,46035,231,32.2,low,22:00,OP
863,2025-02-05 23:00:00,2025,2,5,23,2,Weekday,Feb,0.0986,0.1,46035,231,24.94,low,23:00,OP
864,2025-02-06 00:00:00,2025,2,6,0,3,Weekday,Feb,0.1105,0.1105,46035,231,27.57,low,00:00,OP
865,2025-02-06 01:00:00,2025,2,6,1,3,Weekday,Feb,0.1022,0.1022,46035,231,25.49,low,01:00,OP
866,2025-02-06 02:00:00,2025,2,6,2,3,Weekday,Feb,0.1079,0.1079,46035,231,26.91,low,02:00,OP
867,2025-02-06 03:00:00,2025,2,6,3,3,Weekday,Feb,0.1285,0.1285,46035,231,32.05,low,03:00,OP
868,2025-02-06 04:00:00,2025,2,6,4,3,Weekday,Feb,0.1432,0.1432,46035,231,35.72,low,04:00,OP
869,2025-02-06 05:00:00,2025,2,6,5,3,Weekday,Feb,0.157,0.157,46035,231,39.16,low,05:00,OP
870,2025-02-06 06:00:00,2025,2,6,6,3,Weekday,Feb,0.289,0.289,46035,231,72.09,low,06:00,STD
871,2025-02-06 07:00:00,2025,2,6,7,3,Weekday,Feb,0.046,0.1,46035,231,24.94,low,07:00,PK
872,2025-02-06 08:00:00,2025,2,6,8,3,Weekday,Feb,0.3365,0.3365,46035,231,83.93,low,08:00,PK
873,2025-02-06 09:00:00,2025,2,6,9,3,Weekday,Feb,0.6077,0.6077,46035,231,151.58,low,09:00,STD
874,2025-02-06 10:00:00,2025,2,6,10,3,Weekday,Feb,0.5644,0.5644,46035,231,140.78,low,10:00,STD
875,2025-02-06 11:00:00,2025,2,6,11,3,Weekday,Feb,0.5577,0.5577,46035,231,139.1,low,11:00,STD
876,2025-02-06 12:00:00,2025,2,6,12,3,Weekday,Feb,0.5319,0.5319,46035,231,132.67,low,12:00,STD
877,2025-02-06 13:00:00,2025,2,6,13,3,Weekday,Feb,0.5076,0.5076,46035,231,126.62,low,13:00,STD
878,2025-02-06 14:00:00,2025,2,6,14,3,Weekday,Feb,0.4855,0.4855,46035,231,121.1,low,14:00,STD
879,2025-02-06 15:00:00,2025,2,6,15,3,Weekday,Feb,0.4967,0.4967,46035,231,123.89,low,15:00,STD
880,2025-02-06 16:00:00,2025,2,6,16,3,Weekday,Feb,0.5252,0.5252,46035,231,131.0,low,16:00,STD
881,2025-02-06 17:00:00,2025,2,6,17,3,Weekday,Feb,0.2875,0.2875,46035,231,71.71,low,17:00,STD
882,2025-02-06 18:00:00,2025,2,6,18,3,Weekday,Feb,0.0394,0.1,46035,231,24.94,low,18:00,PK
883,2025-02-06 19:00:00,2025,2,6,19,3,Weekday,Feb,0.0369,0.1,46035,231,24.94,low,19:00,PK
884,2025-02-06 20:00:00,2025,2,6,20,3,Weekday,Feb,0.2441,0.2441,46035,231,60.89,low,20:00,PK
885,2025-02-06 21:00:00,2025,2,6,21,3,Weekday,Feb,0.4107,0.4107,46035,231,102.44,low,21:00,STD
886,2025-02-06 22:00:00,2025,2,6,22,3,Weekday,Feb,0.1291,0.1291,46035,231,32.2,low,22:00,OP
887,2025-02-06 23:00:00,2025,2,6,23,3,Weekday,Feb,0.0986,0.1,46035,231,24.94,low,23:00,OP
888,2025-02-07 00:00:00,2025,2,7,0,4,Weekday,Feb,0.1105,0.1105,46035,231,27.57,low,00:00,OP
889,2025-02-07 01:00:00,2025,2,7,1,4,Weekday,Feb,0.1022,0.1022,46035,231,25.49,low,01:00,OP
890,2025-02-07 02:00:00,2025,2,7,2,4,Weekday,Feb,0.1079,0.1079,46035,231,26.91,low,02:00,OP
891,2025-02-07 03:00:00,2025,2,7,3,4,Weekday,Feb,0.1285,0.1285,46035,231,32.05,low,03:00,OP
892,2025-02-07 04:00:00,2025,2,7,4,4,Weekday,Feb,0.1432,0.1432,46035,231,35.72,low,04:00,OP
893,2025-02-07 05:00:00,2025,2,7,5,4,Weekday,Feb,0.157,0.157,46035,231,39.16,low,05:00,OP
894,2025-02-07 06:00:00,2025,2,7,6,4,Weekday,Feb,0.289,0.289,46035,231,72.09,low,06:00,STD
895,2025-02-07 07:00:00,2025,2,7,7,4,Weekday,Feb,0.046,0.1,46035,231,24.94,low,07:00,PK
896,2025-02-07 08:00:00,2025,2,7,8,4,Weekday,Feb,0.3365,0.3365,46035,231,83.93,low,08:00,PK
897,2025-02-07 09:00:00,2025,2,7,9,4,Weekday,Feb,0.6077,0.6077,46035,231,151.58,low,09:00,STD
898,2025-02-07 10:00:00,2025,2,7,10,4,Weekday,Feb,0.5644,0.5644,46035,231,140.78,low,10:00,STD
899,2025-02-07 11:00:00,2025,2,7,11,4,Weekday,Feb,0.5577,0.5577,46035,231,139.1,low,11:00,STD
900,2025-02-07 12:00:00,2025,2,7,12,4,Weekday,Feb,0.5319,0.5319,46035,231,132.67,low,12:00,STD
901,2025-02-07 13:00:00,2025,2,7,13,4,Weekday,Feb,0.5076,0.5076,46035,231,126.62,low,13:00,STD
902,2025-02-07 14:00:00,2025,2,7,14,4,Weekday,Feb,0.4855,0.4855,46035,231,121.1,low,14:00,STD
903,2025-02-07 15:00:00,2025,2,7,15,4,Weekday,Feb,0.4967,0.4967,46035,231,123.89,low,15:00,STD
904,2025-02-07 16:00:00,2025,2,7,16,4,Weekday,Feb,0.5252,0.5252,46035,231,131.0,low,16:00,STD
905,2025-02-07 17:00:00,2025,2,7,17,4,Weekday,Feb,0.2875,0.2875,46035,231,71.71,low,17:00,STD
906,2025-02-07 18:00:00,2025,2,7,18,4,Weekday,Feb,0.0394,0.1,46035,231,24.94,low,18:00,PK
907,2025-02-07 19:00:00,2025,2,7,19,4,Weekday,Feb,0.0369,0.1,46035,231,24.94,low,19:00,PK
908,2025-02-07 20:00:00,2025,2,7,20,4,Weekday,Feb,0.2441,0.2441,46035,231,60.89,low,20:00,PK
909,2025-02-07 21:00:00,2025,2,7,21,4,Weekday,Feb,0.4107,0.4107,46035,231,102.44,low,21:00,STD
910,2025-02-07 22:00:00,2025,2,7,22,4,Weekday,Feb,0.1291,0.1291,46035,231,32.2,low,22:00,OP
911,2025-02-07 23:00:00,2025,2,7,23,4,Weekday,Feb,0.0986,0.1,46035,231,24.94,low,23:00,OP
912,2025-02-08 00:00:00,2025,2,8,0,5,Sat,Feb,0.11,0.11,46035,231,27.43,low,00:00,OP
913,2025-02-08 01:00:00,2025,2,8,1,5,Sat,Feb,0.1034,0.1034,46035,231,25.79,low,01:00,OP
914,2025-02-08 02:00:00,2025,2,8,2,5,Sat,Feb,0.1073,0.1073,46035,231,26.77,low,02:00,OP
915,2025-02-08 03:00:00,2025,2,8,3,5,Sat,Feb,0.1261,0.1261,46035,231,31.45,low,03:00,OP
916,2025-02-08 04:00:00,2025,2,8,4,5,Sat,Feb,0.1426,0.1426,46035,231,35.56,low,04:00,OP
917,2025-02-08 05:00:00,2025,2,8,5,5,Sat,Feb,0.1505,0.1505,46035,231,37.55,low,05:00,OP
918,2025-02-08 06:00:00,2025,2,8,6,5,Sat,Feb,0.1655,0.1655,46035,231,41.28,low,06:00,OP
919,2025-02-08 07:00:00,2025,2,8,7,5,Sat,Feb,0.3932,0.3932,46035,231,98.07,low,07:00,STD
920,2025-02-08 08:00:00,2025,2,8,8,5,Sat,Feb,0.379,0.379,46035,231,94.54,low,08:00,STD
921,2025-02-08 09:00:00,2025,2,8,9,5,Sat,Feb,0.3775,0.3775,46035,231,94.15,low,09:00,STD
922,2025-02-08 10:00:00,2025,2,8,10,5,Sat,Feb,0.3608,0.3608,46035,231,89.99,low,10:00,STD
923,2025-02-08 11:00:00,2025,2,8,11,5,Sat,Feb,0.3558,0.3558,46035,231,88.75,low,11:00,STD
924,2025-02-08 12:00:00,2025,2,8,12,5,Sat,Feb,0.1722,0.1722,46035,231,42.95,low,12:00,OP
925,2025-02-08 13:00:00,2025,2,8,13,5,Sat,Feb,0.1653,0.1653,46035,231,41.23,low,13:00,OP
926,2025-02-08 14:00:00,2025,2,8,14,5,Sat,Feb,0.1541,0.1541,46035,231,38.44,low,14:00,OP
927,2025-02-08 15:00:00,2025,2,8,15,5,Sat,Feb,0.1547,0.1547,46035,231,38.59,low,15:00,OP
928,2025-02-08 16:00:00,2025,2,8,16,5,Sat,Feb,0.1634,0.1634,46035,231,40.76,low,16:00,OP
929,2025-02-08 17:00:00,2025,2,8,17,5,Sat,Feb,0.3292,0.3292,46035,231,82.11,low,17:00,OP
930,2025-02-08 18:00:00,2025,2,8,18,5,Sat,Feb,0.521,0.521,46035,231,129.95,low,18:00,STD
931,2025-02-08 19:00:00,2025,2,8,19,5,Sat,Feb,0.3252,0.3252,46035,231,81.11,low,19:00,STD
932,2025-02-08 20:00:00,2025,2,8,20,5,Sat,Feb,0.1437,0.1437,46035,231,35.84,low,20:00,OP
933,2025-02-08 21:00:00,2025,2,8,21,5,Sat,Feb,0.1337,0.1337,46035,231,33.34,low,21:00,OP
934,2025-02-08 22:00:00,2025,2,8,22,5,Sat,Feb,0.1291,0.1291,46035,231,32.2,low,22:00,OP
935,2025-02-08 23:00:00,2025,2,8,23,5,Sat,Feb,0.0971,0.1,46035,231,24.94,low,23:00,OP
936,2025-02-09 00:00:00,2025,2,9,0,6,Sun,Feb,0.11,0.11,46035,231,27.43,low,00:00,OP
937,2025-02-09 01:00:00,2025,2,9,1,6,Sun,Feb,0.1034,0.1034,46035,231,25.79,low,01:00,OP
938,2025-02-09 02:00:00,2025,2,9,2,6,Sun,Feb,0.1073,0.1073,46035,231,26.77,low,02:00,OP
939,2025-02-09 03:00:00,2025,2,9,3,6,Sun,Feb,0.1261,0.1261,46035,231,31.45,low,03:00,OP
940,2025-02-09 04:00:00,2025,2,9,4,6,Sun,Feb,0.1426,0.1426,46035,231,35.56,low,04:00,OP
941,2025-02-09 05:00:00,2025,2,9,5,6,Sun,Feb,0.1505,0.1505,46035,231,37.55,low,05:00,OP
942,2025-02-09 06:00:00,2025,2,9,6,6,Sun,Feb,0.1655,0.1655,46035,231,41.28,low,06:00,OP
943,2025-02-09 07:00:00,2025,2,9,7,6,Sun,Feb,0.3932,0.3932,46035,231,98.07,low,07:00,OP
944,2025-02-09 08:00:00,2025,2,9,8,6,Sun,Feb,0.379,0.379,46035,231,94.54,low,08:00,OP
945,2025-02-09 09:00:00,2025,2,9,9,6,Sun,Feb,0.3775,0.3775,46035,231,94.15,low,09:00,OP
946,2025-02-09 10:00:00,2025,2,9,10,6,Sun,Feb,0.3608,0.3608,46035,231,89.99,low,10:00,OP
947,2025-02-09 11:00:00,2025,2,9,11,6,Sun,Feb,0.3558,0.3558,46035,231,88.75,low,11:00,OP
948,2025-02-09 12:00:00,2025,2,9,12,6,Sun,Feb,0.1722,0.1722,46035,231,42.95,low,12:00,OP
949,2025-02-09 13:00:00,2025,2,9,13,6,Sun,Feb,0.1653,0.1653,46035,231,41.23,low,13:00,OP
950,2025-02-09 14:00:00,2025,2,9,14,6,Sun,Feb,0.1541,0.1541,46035,231,38.44,low,14:00,OP
951,2025-02-09 15:00:00,2025,2,9,15,6,Sun,Feb,0.1547,0.1547,46035,231,38.59,low,15:00,OP
952,2025-02-09 16:00:00,2025,2,9,16,6,Sun,Feb,0.1634,0.1634,46035,231,40.76,low,16:00,OP
953,2025-02-09 17:00:00,2025,2,9,17,6,Sun,Feb,0.3292,0.3292,46035,231,82.11,low,17:00,OP
954,2025-02-09 18:00:00,2025,2,9,18,6,Sun,Feb,0.521,0.521,46035,231,129.95,low,18:00,STD
955,2025-02-09 19:00:00,2025,2,9,19,6,Sun,Feb,0.3252,0.3252,46035,231,81.11,low,19:00,STD
956,2025-02-09 20:00:00,2025,2,9,20,6,Sun,Feb,0.1437,0.1437,46035,231,35.84,low,20:00,OP
957,2025-02-09 21:00:00,2025,2,9,21,6,Sun,Feb,0.1337,0.1337,46035,231,33.34,low,21:00,OP
958,2025-02-09 22:00:00,2025,2,9,22,6,Sun,Feb,0.1291,0.1291,46035,231,32.2,low,22:00,OP
959,2025-02-09 23:00:00,2025,2,9,23,6,Sun,Feb,0.0971,0.1,46035,231,24.94,low,23:00,OP
960,2025-02-10 00:00:00,2025,2,10,0,0,Weekday,Feb,0.1105,0.1105,46035,231,27.57,low,00:00,OP
961,2025-02-10 01:00:00,2025,2,10,1,0,Weekday,Feb,0.1022,0.1022,46035,231,25.49,low,01:00,OP
962,2025-02-10 02:00:00,2025,2,10,2,0,Weekday,Feb,0.1079,0.1079,46035,231,26.91,low,02:00,OP
963,2025-02-10 03:00:00,2025,2,10,3,0,Weekday,Feb,0.1285,0.1285,46035,231,32.05,low,03:00,OP
964,2025-02-10 04:00:00,2025,2,10,4,0,Weekday,Feb,0.1432,0.1432,46035,231,35.72,low,04:00,OP
965,2025-02-10 05:00:00,2025,2,10,5,0,Weekday,Feb,0.157,0.157,46035,231,39.16,low,05:00,OP
966,2025-02-10 06:00:00,2025,2,10,6,0,Weekday,Feb,0.289,0.289,46035,231,72.09,low,06:00,STD
967,2025-02-10 07:00:00,2025,2,10,7,0,Weekday,Feb,0.046,0.1,46035,231,24.94,low,07:00,PK
968,2025-02-10 08:00:00,2025,2,10,8,0,Weekday,Feb,0.3365,0.3365,46035,231,83.93,low,08:00,PK
969,2025-02-10 09:00:00,2025,2,10,9,0,Weekday,Feb,0.6077,0.6077,46035,231,151.58,low,09:00,STD
970,2025-02-10 10:00:00,2025,2,10,10,0,Weekday,Feb,0.5644,0.5644,46035,231,140.78,low,10:00,STD
971,2025-02-10 11:00:00,2025,2,10,11,0,Weekday,Feb,0.5577,0.5577,46035,231,139.1,low,11:00,STD
972,2025-02-10 12:00:00,2025,2,10,12,0,Weekday,Feb,0.5319,0.5319,46035,231,132.67,low,12:00,STD
973,2025-02-10 13:00:00,2025,2,10,13,0,Weekday,Feb,0.5076,0.5076,46035,231,126.62,low,13:00,STD
974,2025-02-10 14:00:00,2025,2,10,14,0,Weekday,Feb,0.4855,0.4855,46035,231,121.1,low,14:00,STD
975,2025-02-10 15:00:00,2025,2,10,15,0,Weekday,Feb,0.4967,0.4967,46035,231,123.89,low,15:00,STD
976,2025-02-10 16:00:00,2025,2,10,16,0,Weekday,Feb,0.5252,0.5252,46035,231,131.0,low,16:00,STD
977,2025-02-10 17:00:00,2025,2,10,17,0,Weekday,Feb,0.2875,0.2875,46035,231,71.71,low,17:00,STD
978,2025-02-10 18:00:00,2025,2,10,18,0,Weekday,Feb,0.0394,0.1,46035,231,24.94,low,18:00,PK
979,2025-02-10 19:00:00,2025,2,10,19,0,Weekday,Feb,0.0369,0.1,46035,231,24.94,low,19:00,PK
980,2025-02-10 20:00:00,2025,2,10,20,0,Weekday,Feb,0.2441,0.2441,46035,231,60.89,low,20:00,PK
981,2025-02-10 21:00:00,2025,2,10,21,0,Weekday,Feb,0.4107,0.4107,46035,231,102.44,low,21:00,STD
982,2025-02-10 22:00:00,2025,2,10,22,0,Weekday,Feb,0.1291,0.1291,46035,231,32.2,low,22:00,OP
983,2025-02-10 23:00:00,2025,2,10,23,0,Weekday,Feb,0.0986,0.1,46035,231,24.94,low,23:00,OP
984,2025-02-11 00:00:00,2025,2,11,0,1,Weekday,Feb,0.1105,0.1105,46035,231,27.57,low,00:00,OP
985,2025-02-11 01:00:00,2025,2,11,1,1,Weekday,Feb,0.1022,0.1022,46035,231,25.49,low,01:00,OP
986,2025-02-11 02:00:00,2025,2,11,2,1,Weekday,Feb,0.1079,0.1079,46035,231,26.91,low,02:00,OP
987,2025-02-11 03:00:00,2025,2,11,3,1,Weekday,Feb,0.1285,0.1285,46035,231,32.05,low,03:00,OP
988,2025-02-11 04:00:00,2025,2,11,4,1,Weekday,Feb,0.1432,0.1432,46035,231,35.72,low,04:00,OP
989,2025-02-11 05:00:00,2025,2,11,5,1,Weekday,Feb,0.157,0.157,46035,231,39.16,low,05:00,OP
990,2025-02-11 06:00:00,2025,2,11,6,1,Weekday,Feb,0.289,0.289,46035,231,72.09,low,06:00,STD
991,2025-02-11 07:00:00,2025,2,11,7,1,Weekday,Feb,0.046,0.1,46035,231,24.94,low,07:00,PK
992,2025-02-11 08:00:00,2025,2,11,8,1,Weekday,Feb,0.3365,0.3365,46035,231,83.93,low,08:00,PK
993,2025-02-11 09:00:00,2025,2,11,9,1,Weekday,Feb,0.6077,0.6077,46035,231,151.58,low,09:00,STD
994,2025-02-11 10:00:00,2025,2,11,10,1,Weekday,Feb,0.5644,0.5644,46035,231,140.78,low,10:00,STD
995,2025-02-11 11:00:00,2025,2,11,11,1,Weekday,Feb,0.5577,0.5577,46035,231,139.1,low,11:00,STD
996,2025-02-11 12:00:00,2025,2,11,12,1,Weekday,Feb,0.5319,0.5319,46035,231,132.67,low,12:00,STD
997,2025-02-11 13:00:00,2025,2,11,13,1,Weekday,Feb,0.5076,0.5076,46035,231,126.62,low,13:00,STD
998,2025-02-11 14:00:00,2025,2,11,14,1,Weekday,Feb,0.4855,0.4855,46035,231,121.1,low,14:00,STD
999,2025-02-11 15:00:00,2025,2,11,15,1,Weekday,Feb,0.4967,0.4967,46035,231,123.89,low,15:00,STD
1000,2025-02-11 16:00:00,2025,2,11,16,1,Weekday,Feb,0.5252,0.5252,46035,231,131.0,low,16:00,STD
1001,2025-02-11 17:00:00,2025,2,11,17,1,Weekday,Feb,0.2875,0.2875,46035,231,71.71,low,17:00,STD
1002,2025-02-11 18:00:00,2025,2,11,18,1,Weekday,Feb,0.0394,0.1,46035,231,24.94,low,18:00,PK
1003,2025-02-11 19:00:00,2025,2,11,19,1,Weekday,Feb,0.0369,0.1,46035,231,24.94,low,19:00,PK
1004,2025-02-11 20:00:00,2025,2,11,20,1,Weekday,Feb,0.2441,0.2441,46035,231,60.89,low,20:00,PK
1005,2025-02-11 21:00:00,2025,2,11,21,1,Weekday,Feb,0.4107,0.4107,46035,231,102.44,low,21:00,STD
1006,2025-02-11 22:00:00,2025,2,11,22,1,Weekday,Feb,0.1291,0.1291,46035,231,32.2,low,22:00,OP
1007,2025-02-11 23:00:00,2025,2,11,23,1,Weekday,Feb,0.0986,0.1,46035,231,24.94,low,23:00,OP
1008,2025-02-12 00:00:00,2025,2,12,0,2,Weekday,Feb,0.1105,0.1105,46035,231,27.57,low,00:00,OP
1009,2025-02-12 01:00:00,2025,2,12,1,2,Weekday,Feb,0.1022,0.1022,46035,231,25.49,low,01:00,OP
1010,2025-02-12 02:00:00,2025,2,12,2,2,Weekday,Feb,0.1079,0.1079,46035,231,26.91,low,02:00,OP
1011,2025-02-12 03:00:00,2025,2,12,3,2,Weekday,Feb,0.1285,0.1285,46035,231,32.05,low,03:00,OP
1012,2025-02-12 04:00:00,2025,2,12,4,2,Weekday,Feb,0.1432,0.1432,46035,231,35.72,low,04:00,OP
1013,2025-02-12 05:00:00,2025,2,12,5,2,Weekday,Feb,0.157,0.157,46035,231,39.16,low,05:00,OP
1014,2025-02-12 06:00:00,2025,2,12,6,2,Weekday,Feb,0.289,0.289,46035,231,72.09,low,06:00,STD
1015,2025-02-12 07:00:00,2025,2,12,7,2,Weekday,Feb,0.046,0.1,46035,231,24.94,low,07:00,PK
1016,2025-02-12 08:00:00,2025,2,12,8,2,Weekday,Feb,0.3365,0.3365,46035,231,83.93,low,08:00,PK
1017,2025-02-12 09:00:00,2025,2,12,9,2,Weekday,Feb,0.6077,0.6077,46035,231,151.58,low,09:00,STD
1018,2025-02-12 10:00:00,2025,2,12,10,2,Weekday,Feb,0.5644,0.5644,46035,231,140.78,low,10:00,STD
1019,2025-02-12 11:00:00,2025,2,12,11,2,Weekday,Feb,0.5577,0.5577,46035,231,139.1,low,11:00,STD
1020,2025-02-12 12:00:00,2025,2,12,12,2,Weekday,Feb,0.5319,0.5319,46035,231,132.67,low,12:00,STD
1021,2025-02-12 13:00:00,2025,2,12,13,2,Weekday,Feb,0.5076,0.5076,46035,231,126.62,low,13:00,STD
1022,2025-02-12 14:00:00,2025,2,12,14,2,Weekday,Feb,0.4855,0.4855,46035,231,121.1,low,14:00,STD
1023,2025-02-12 15:00:00,2025,2,12,15,2,Weekday,Feb,0.4967,0.4967,46035,231,123.89,low,15:00,STD
1024,2025-02-12 16:00:00,2025,2,12,16,2,Weekday,Feb,0.5252,0.5252,46035,231,131.0,low,16:00,STD
1025,2025-02-12 17:00:00,2025,2,12,17,2,Weekday,Feb,0.2875,0.2875,46035,231,71.71,low,17:00,STD
1026,2025-02-12 18:00:00,2025,2,12,18,2,Weekday,Feb,0.0394,0.1,46035,231,24.94,low,18:00,PK
1027,2025-02-12 19:00:00,2025,2,12,19,2,Weekday,Feb,0.0369,0.1,46035,231,24.94,low,19:00,PK
1028,2025-02-12 20:00:00,2025,2,12,20,2,Weekday,Feb,0.2441,0.2441,46035,231,60.89,low,20:00,PK
1029,2025-02-12 21:00:00,2025,2,12,21,2,Weekday,Feb,0.4107,0.4107,46035,231,102.44,low,21:00,STD
1030,2025-02-12 22:00:00,2025,2,12,22,2,Weekday,Feb,0.1291,0.1291,46035,231,32.2,low,22:00,OP
1031,2025-02-12 23:00:00,2025,2,12,23,2,Weekday,Feb,0.0986,0.1,46035,231,24.94,low,23:00,OP
1032,2025-02-13 00:00:00,2025,2,13,0,3,Weekday,Feb,0.1105,0.1105,46035,231,27.57,low,00:00,OP
1033,2025-02-13 01:00:00,2025,2,13,1,3,Weekday,Feb,0.1022,0.1022,46035,231,25.49,low,01:00,OP
1034,2025-02-13 02:00:00,2025,2,13,2,3,Weekday,Feb,0.1079,0.1079,46035,231,26.91,low,02:00,OP
1035,2025-02-13 03:00:00,2025,2,13,3,3,Weekday,Feb,0.1285,0.1285,46035,231,32.05,low,03:00,OP
1036,2025-02-13 04:00:00,2025,2,13,4,3,Weekday,Feb,0.1432,0.1432,46035,231,35.72,low,04:00,OP
1037,2025-02-13 05:00:00,2025,2,13,5,3,Weekday,Feb,0.157,0.157,46035,231,39.16,low,05:00,OP
1038,2025-02-13 06:00:00,2025,2,13,6,3,Weekday,Feb,0.289,0.289,46035,231,72.09,low,06:00,STD
1039,2025-02-13 07:00:00,2025,2,13,7,3,Weekday,Feb,0.046,0.1,46035,231,24.94,low,07:00,PK
1040,2025-02-13 08:00:00,2025,2,13,8,3,Weekday,Feb,0.3365,0.3365,46035,231,83.93,low,08:00,PK
1041,2025-02-13 09:00:00,2025,2,13,9,3,Weekday,Feb,0.6077,0.6077,46035,231,151.58,low,09:00,STD
1042,2025-02-13 10:00:00,2025,2,13,10,3,Weekday,Feb,0.5644,0.5644,46035,231,140.78,low,10:00,STD
1043,2025-02-13 11:00:00,2025,2,13,11,3,Weekday,Feb,0.5577,0.5577,46035,231,139.1,low,11:00,STD
1044,2025-02-13 12:00:00,2025,2,13,12,3,Weekday,Feb,0.5319,0.5319,46035,231,132.67,low,12:00,STD
1045,2025-02-13 13:00:00,2025,2,13,13,3,Weekday,Feb,0.5076,0.5076,46035,231,126.62,low,13:00,STD
1046,2025-02-13 14:00:00,2025,2,13,14,3,Weekday,Feb,0.4855,0.4855,46035,231,121.1,low,14:00,STD
1047,2025-02-13 15:00:00,2025,2,13,15,3,Weekday,Feb,0.4967,0.4967,46035,231,123.89,low,15:00,STD
1048,2025-02-13 16:00:00,2025,2,13,16,3,Weekday,Feb,0.5252,0.5252,46035,231,131.0,low,16:00,STD
1049,2025-02-13 17:00:00,2025,2,13,17,3,Weekday,Feb,0.2875,0.2875,46035,231,71.71,low,17:00,STD
1050,2025-02-13 18:00:00,2025,2,13,18,3,Weekday,Feb,0.0394,0.1,46035,231,24.94,low,18:00,PK
1051,2025-02-13 19:00:00,2025,2,13,19,3,Weekday,Feb,0.0369,0.1,46035,231,24.94,low,19:00,PK
1052,2025-02-13 20:00:00,2025,2,13,20,3,Weekday,Feb,0.2441,0.2441,46035,231,60.89,low,20:00,PK
1053,2025-02-13 21:00:00,2025,2,13,21,3,Weekday,Feb,0.4107,0.4107,46035,231,102.44,low,21:00,STD
1054,2025-02-13 22:00:00,2025,2,13,22,3,Weekday,Feb,0.1291,0.1291,46035,231,32.2,low,22:00,OP
1055,2025-02-13 23:00:00,2025,2,13,23,3,Weekday,Feb,0.0986,0.1,46035,231,24.94,low,23:00,OP
1056,2025-02-14 00:00:00,2025,2,14,0,4,Weekday,Feb,0.1105,0.1105,46035,231,27.57,low,00:00,OP
1057,2025-02-14 01:00:00,2025,2,14,1,4,Weekday,Feb,0.1022,0.1022,46035,231,25.49,low,01:00,OP
1058,2025-02-14 02:00:00,2025,2,14,2,4,Weekday,Feb,0.1079,0.1079,46035,231,26.91,low,02:00,OP
1059,2025-02-14 03:00:00,2025,2,14,3,4,Weekday,Feb,0.1285,0.1285,46035,231,32.05,low,03:00,OP
1060,2025-02-14 04:00:00,2025,2,14,4,4,Weekday,Feb,0.1432,0.1432,46035,231,35.72,low,04:00,OP
1061,2025-02-14 05:00:00,2025,2,14,5,4,Weekday,Feb,0.157,0.157,46035,231,39.16,low,05:00,OP
1062,2025-02-14 06:00:00,2025,2,14,6,4,Weekday,Feb,0.289,0.289,46035,231,72.09,low,06:00,STD
1063,2025-02-14 07:00:00,2025,2,14,7,4,Weekday,Feb,0.046,0.1,46035,231,24.94,low,07:00,PK
1064,2025-02-14 08:00:00,2025,2,14,8,4,Weekday,Feb,0.3365,0.3365,46035,231,83.93,low,08:00,PK
1065,2025-02-14 09:00:00,2025,2,14,9,4,Weekday,Feb,0.6077,0.6077,46035,231,151.58,low,09:00,STD
1066,2025-02-14 10:00:00,2025,2,14,10,4,Weekday,Feb,0.5644,0.5644,46035,231,140.78,low,10:00,STD
1067,2025-02-14 11:00:00,2025,2,14,11,4,Weekday,Feb,0.5577,0.5577,46035,231,139.1,low,11:00,STD
1068,2025-02-14 12:00:00,2025,2,14,12,4,Weekday,Feb,0.5319,0.5319,46035,231,132.67,low,12:00,STD
1069,2025-02-14 13:00:00,2025,2,14,13,4,Weekday,Feb,0.5076,0.5076,46035,231,126.62,low,13:00,STD
1070,2025-02-14 14:00:00,2025,2,14,14,4,Weekday,Feb,0.4855,0.4855,46035,231,121.1,low,14:00,STD
1071,2025-02-14 15:00:00,2025,2,14,15,4,Weekday,Feb,0.4967,0.4967,46035,231,123.89,low,15:00,STD
1072,2025-02-14 16:00:00,2025,2,14,16,4,Weekday,Feb,0.5252,0.5252,46035,231,131.0,low,16:00,STD
1073,2025-02-14 17:00:00,2025,2,14,17,4,Weekday,Feb,0.2875,0.2875,46035,231,71.71,low,17:00,STD
1074,2025-02-14 18:00:00,2025,2,14,18,4,Weekday,Feb,0.0394,0.1,46035,231,24.94,low,18:00,PK
1075,2025-02-14 19:00:00,2025,2,14,19,4,Weekday,Feb,0.0369,0.1,46035,231,24.94,low,19:00,PK
1076,2025-02-14 20:00:00,2025,2,14,20,4,Weekday,Feb,0.2441,0.2441,46035,231,60.89,low,20:00,PK
1077,2025-02-14 21:00:00,2025,2,14,21,4,Weekday,Feb,0.4107,0.4107,46035,231,102.44,low,21:00,STD
1078,2025-02-14 22:00:00,2025,2,14,22,4,Weekday,Feb,0.1291,0.1291,46035,231,32.2,low,22:00,OP
1079,2025-02-14 23:00:00,2025,2,14,23,4,Weekday,Feb,0.0986,0.1,46035,231,24.94,low,23:00,OP
1080,2025-02-15 00:00:00,2025,2,15,0,5,Sat,Feb,0.11,0.11,46035,231,27.43,low,00:00,OP
1081,2025-02-15 01:00:00,2025,2,15,1,5,Sat,Feb,0.1034,0.1034,46035,231,25.79,low,01:00,OP
1082,2025-02-15 02:00:00,2025,2,15,2,5,Sat,Feb,0.1073,0.1073,46035,231,26.77,low,02:00,OP
1083,2025-02-15 03:00:00,2025,2,15,3,5,Sat,Feb,0.1261,0.1261,46035,231,31.45,low,03:00,OP
1084,2025-02-15 04:00:00,2025,2,15,4,5,Sat,Feb,0.1426,0.1426,46035,231,35.56,low,04:00,OP
1085,2025-02-15 05:00:00,2025,2,15,5,5,Sat,Feb,0.1505,0.1505,46035,231,37.55,low,05:00,OP
1086,2025-02-15 06:00:00,2025,2,15,6,5,Sat,Feb,0.1655,0.1655,46035,231,41.28,low,06:00,OP
1087,2025-02-15 07:00:00,2025,2,15,7,5,Sat,Feb,0.3932,0.3932,46035,231,98.07,low,07:00,STD
1088,2025-02-15 08:00:00,2025,2,15,8,5,Sat,Feb,0.379,0.379,46035,231,94.54,low,08:00,STD
1089,2025-02-15 09:00:00,2025,2,15,9,5,Sat,Feb,0.3775,0.3775,46035,231,94.15,low,09:00,STD
1090,2025-02-15 10:00:00,2025,2,15,10,5,Sat,Feb,0.3608,0.3608,46035,231,89.99,low,10:00,STD
1091,2025-02-15 11:00:00,2025,2,15,11,5,Sat,Feb,0.3558,0.3558,46035,231,88.75,low,11:00,STD
1092,2025-02-15 12:00:00,2025,2,15,12,5,Sat,Feb,0.1722,0.1722,46035,231,42.95,low,12:00,OP
1093,2025-02-15 13:00:00,2025,2,15,13,5,Sat,Feb,0.1653,0.1653,46035,231,41.23,low,13:00,OP
1094,2025-02-15 14:00:00,2025,2,15,14,5,Sat,Feb,0.1541,0.1541,46035,231,38.44,low,14:00,OP
1095,2025-02-15 15:00:00,2025,2,15,15,5,Sat,Feb,0.1547,0.1547,46035,231,38.59,low,15:00,OP
1096,2025-02-15 16:00:00,2025,2,15,16,5,Sat,Feb,0.1634,0.1634,46035,231,40.76,low,16:00,OP
1097,2025-02-15 17:00:00,2025,2,15,17,5,Sat,Feb,0.3292,0.3292,46035,231,82.11,low,17:00,OP
1098,2025-02-15 18:00:00,2025,2,15,18,5,Sat,Feb,0.521,0.521,46035,231,129.95,low,18:00,STD
1099,2025-02-15 19:00:00,2025,2,15,19,5,Sat,Feb,0.3252,0.3252,46035,231,81.11,low,19:00,STD
1100,2025-02-15 20:00:00,2025,2,15,20,5,Sat,Feb,0.1437,0.1437,46035,231,35.84,low,20:00,OP
1101,2025-02-15 21:00:00,2025,2,15,21,5,Sat,Feb,0.1337,0.1337,46035,231,33.34,low,21:00,OP
1102,2025-02-15 22:00:00,2025,2,15,22,5,Sat,Feb,0.1291,0.1291,46035,231,32.2,low,22:00,OP
1103,2025-02-15 23:00:00,2025,2,15,23,5,Sat,Feb,0.0971,0.1,46035,231,24.94,low,23:00,OP
1104,2025-02-16 00:00:00,2025,2,16,0,6,Sun,Feb,0.11,0.11,46035,231,27.43,low,00:00,OP
1105,2025-02-16 01:00:00,2025,2,16,1,6,Sun,Feb,0.1034,0.1034,46035,231,25.79,low,01:00,OP
1106,2025-02-16 02:00:00,2025,2,16,2,6,Sun,Feb,0.1073,0.1073,46035,231,26.77,low,02:00,OP
1107,2025-02-16 03:00:00,2025,2,16,3,6,Sun,Feb,0.1261,0.1261,46035,231,31.45,low,03:00,OP
1108,2025-02-16 04:00:00,2025,2,16,4,6,Sun,Feb,0.1426,0.1426,46035,231,35.56,low,04:00,OP
1109,2025-02-16 05:00:00,2025,2,16,5,6,Sun,Feb,0.1505,0.1505,46035,231,37.55,low,05:00,OP
1110,2025-02-16 06:00:00,2025,2,16,6,6,Sun,Feb,0.1655,0.1655,46035,231,41.28,low,06:00,OP
1111,2025-02-16 07:00:00,2025,2,16,7,6,Sun,Feb,0.3932,0.3932,46035,231,98.07,low,07:00,OP
1112,2025-02-16 08:00:00,2025,2,16,8,6,Sun,Feb,0.379,0.379,46035,231,94.54,low,08:00,OP
1113,2025-02-16 09:00:00,2025,2,16,9,6,Sun,Feb,0.3775,0.3775,46035,231,94.15,low,09:00,OP
1114,2025-02-16 10:00:00,2025,2,16,10,6,Sun,Feb,0.3608,0.3608,46035,231,89.99,low,10:00,OP
1115,2025-02-16 11:00:00,2025,2,16,11,6,Sun,Feb,0.3558,0.3558,46035,231,88.75,low,11:00,OP
1116,2025-02-16 12:00:00,2025,2,16,12,6,Sun,Feb,0.1722,0.1722,46035,231,42.95,low,12:00,OP
1117,2025-02-16 13:00:00,2025,2,16,13,6,Sun,Feb,0.1653,0.1653,46035,231,41.23,low,13:00,OP
1118,2025-02-16 14:00:00,2025,2,16,14,6,Sun,Feb,0.1541,0.1541,46035,231,38.44,low,14:00,OP
1119,2025-02-16 15:00:00,2025,2,16,15,6,Sun,Feb,0.1547,0.1547,46035,231,38.59,low,15:00,OP
1120,2025-02-16 16:00:00,2025,2,16,16,6,Sun,Feb,0.1634,0.1634,46035,231,40.76,low,16:00,OP
1121,2025-02-16 17:00:00,2025,2,16,17,6,Sun,Feb,0.3292,0.3292,46035,231,82.11,low,17:00,OP
1122,2025-02-16 18:00:00,2025,2,16,18,6,Sun,Feb,0.521,0.521,46035,231,129.95,low,18:00,STD
1123,2025-02-16 19:00:00,2025,2,16,19,6,Sun,Feb,0.3252,0.3252,46035,231,81.11,low,19:00,STD
1124,2025-02-16 20:00:00,2025,2,16,20,6,Sun,Feb,0.1437,0.1437,46035,231,35.84,low,20:00,OP
1125,2025-02-16 21:00:00,2025,2,16,21,6,Sun,Feb,0.1337,0.1337,46035,231,33.34,low,21:00,OP
1126,2025-02-16 22:00:00,2025,2,16,22,6,Sun,Feb,0.1291,0.1291,46035,231,32.2,low,22:00,OP
1127,2025-02-16 23:00:00,2025,2,16,23,6,Sun,Feb,0.0971,0.1,46035,231,24.94,low,23:00,OP
1128,2025-02-17 00:00:00,2025,2,17,0,0,Weekday,Feb,0.1105,0.1105,46035,231,27.57,low,00:00,OP
1129,2025-02-17 01:00:00,2025,2,17,1,0,Weekday,Feb,0.1022,0.1022,46035,231,25.49,low,01:00,OP
1130,2025-02-17 02:00:00,2025,2,17,2,0,Weekday,Feb,0.1079,0.1079,46035,231,26.91,low,02:00,OP
1131,2025-02-17 03:00:00,2025,2,17,3,0,Weekday,Feb,0.1285,0.1285,46035,231,32.05,low,03:00,OP
1132,2025-02-17 04:00:00,2025,2,17,4,0,Weekday,Feb,0.1432,0.1432,46035,231,35.72,low,04:00,OP
1133,2025-02-17 05:00:00,2025,2,17,5,0,Weekday,Feb,0.157,0.157,46035,231,39.16,low,05:00,OP
1134,2025-02-17 06:00:00,2025,2,17,6,0,Weekday,Feb,0.289,0.289,46035,231,72.09,low,06:00,STD
1135,2025-02-17 07:00:00,2025,2,17,7,0,Weekday,Feb,0.046,0.1,46035,231,24.94,low,07:00,PK
1136,2025-02-17 08:00:00,2025,2,17,8,0,Weekday,Feb,0.3365,0.3365,46035,231,83.93,low,08:00,PK
1137,2025-02-17 09:00:00,2025,2,17,9,0,Weekday,Feb,0.6077,0.6077,46035,231,151.58,low,09:00,STD
1138,2025-02-17 10:00:00,2025,2,17,10,0,Weekday,Feb,0.5644,0.5644,46035,231,140.78,low,10:00,STD
1139,2025-02-17 11:00:00,2025,2,17,11,0,Weekday,Feb,0.5577,0.5577,46035,231,139.1,low,11:00,STD
1140,2025-02-17 12:00:00,2025,2,17,12,0,Weekday,Feb,0.5319,0.5319,46035,231,132.67,low,12:00,STD
1141,2025-02-17 13:00:00,2025,2,17,13,0,Weekday,Feb,0.5076,0.5076,46035,231,126.62,low,13:00,STD
1142,2025-02-17 14:00:00,2025,2,17,14,0,Weekday,Feb,0.4855,0.4855,46035,231,121.1,low,14:00,STD
1143,2025-02-17 15:00:00,2025,2,17,15,0,Weekday,Feb,0.4967,0.4967,46035,231,123.89,low,15:00,STD
1144,2025-02-17 16:00:00,2025,2,17,16,0,Weekday,Feb,0.5252,0.5252,46035,231,131.0,low,16:00,STD
1145,2025-02-17 17:00:00,2025,2,17,17,0,Weekday,Feb,0.2875,0.2875,46035,231,71.71,low,17:00,STD
1146,2025-02-17 18:00:00,2025,2,17,18,0,Weekday,Feb,0.0394,0.1,46035,231,24.94,low,18:00,PK
1147,2025-02-17 19:00:00,2025,2,17,19,0,Weekday,Feb,0.0369,0.1,46035,231,24.94,low,19:00,PK
1148,2025-02-17 20:00:00,2025,2,17,20,0,Weekday,Feb,0.2441,0.2441,46035,231,60.89,low,20:00,PK
1149,2025-02-17 21:00:00,2025,2,17,21,0,Weekday,Feb,0.4107,0.4107,46035,231,102.44,low,21:00,STD
1150,2025-02-17 22:00:00,2025,2,17,22,0,Weekday,Feb,0.1291,0.1291,46035,231,32.2,low,22:00,OP
1151,2025-02-17 23:00:00,2025,2,17,23,0,Weekday,Feb,0.0986,0.1,46035,231,24.94,low,23:00,OP
1152,2025-02-18 00:00:00,2025,2,18,0,1,Weekday,Feb,0.1105,0.1105,46035,231,27.57,low,00:00,OP
1153,2025-02-18 01:00:00,2025,2,18,1,1,Weekday,Feb,0.1022,0.1022,46035,231,25.49,low,01:00,OP
1154,2025-02-18 02:00:00,2025,2,18,2,1,Weekday,Feb,0.1079,0.1079,46035,231,26.91,low,02:00,OP
1155,2025-02-18 03:00:00,2025,2,18,3,1,Weekday,Feb,0.1285,0.1285,46035,231,32.05,low,03:00,OP
1156,2025-02-18 04:00:00,2025,2,18,4,1,Weekday,Feb,0.1432,0.1432,46035,231,35.72,low,04:00,OP
1157,2025-02-18 05:00:00,2025,2,18,5,1,Weekday,Feb,0.157,0.157,46035,231,39.16,low,05:00,OP
1158,2025-02-18 06:00:00,2025,2,18,6,1,Weekday,Feb,0.289,0.289,46035,231,72.09,low,06:00,STD
1159,2025-02-18 07:00:00,2025,2,18,7,1,Weekday,Feb,0.046,0.1,46035,231,24.94,low,07:00,PK
1160,2025-02-18 08:00:00,2025,2,18,8,1,Weekday,Feb,0.3365,0.3365,46035,231,83.93,low,08:00,PK
1161,2025-02-18 09:00:00,2025,2,18,9,1,Weekday,Feb,0.6077,0.6077,46035,231,151.58,low,09:00,STD
1162,2025-02-18 10:00:00,2025,2,18,10,1,Weekday,Feb,0.5644,0.5644,46035,231,140.78,low,10:00,STD
1163,2025-02-18 11:00:00,2025,2,18,11,1,Weekday,Feb,0.5577,0.5577,46035,231,139.1,low,11:00,STD
1164,2025-02-18 12:00:00,2025,2,18,12,1,Weekday,Feb,0.5319,0.5319,46035,231,132.67,low,12:00,STD
1165,2025-02-18 13:00:00,2025,2,18,13,1,Weekday,Feb,0.5076,0.5076,46035,231,126.62,low,13:00,STD
1166,2025-02-18 14:00:00,2025,2,18,14,1,Weekday,Feb,0.4855,0.4855,46035,231,121.1,low,14:00,STD
1167,2025-02-18 15:00:00,2025,2,18,15,1,Weekday,Feb,0.4967,0.4967,46035,231,123.89,low,15:00,STD
1168,2025-02-18 16:00:00,2025,2,18,16,1,Weekday,Feb,0.5252,0.5252,46035,231,131.0,low,16:00,STD
1169,2025-02-18 17:00:00,2025,2,18,17,1,Weekday,Feb,0.2875,0.2875,46035,231,71.71,low,17:00,STD
1170,2025-02-18 18:00:00,2025,2,18,18,1,Weekday,Feb,0.0394,0.1,46035,231,24.94,low,18:00,PK
1171,2025-02-18 19:00:00,2025,2,18,19,1,Weekday,Feb,0.0369,0.1,46035,231,24.94,low,19:00,PK
1172,2025-02-18 20:00:00,2025,2,18,20,1,Weekday,Feb,0.2441,0.2441,46035,231,60.89,low,20:00,PK
1173,2025-02-18 21:00:00,2025,2,18,21,1,Weekday,Feb,0.4107,0.4107,46035,231,102.44,low,21:00,STD
1174,2025-02-18 22:00:00,2025,2,18,22,1,Weekday,Feb,0.1291,0.1291,46035,231,32.2,low,22:00,OP
1175,2025-02-18 23:00:00,2025,2,18,23,1,Weekday,Feb,0.0986,0.1,46035,231,24.94,low,23:00,OP
1176,2025-02-19 00:00:00,2025,2,19,0,2,Weekday,Feb,0.1105,0.1105,46035,231,27.57,low,00:00,OP
1177,2025-02-19 01:00:00,2025,2,19,1,2,Weekday,Feb,0.1022,0.1022,46035,231,25.49,low,01:00,OP
1178,2025-02-19 02:00:00,2025,2,19,2,2,Weekday,Feb,0.1079,0.1079,46035,231,26.91,low,02:00,OP
1179,2025-02-19 03:00:00,2025,2,19,3,2,Weekday,Feb,0.1285,0.1285,46035,231,32.05,low,03:00,OP
1180,2025-02-19 04:00:00,2025,2,19,4,2,Weekday,Feb,0.1432,0.1432,46035,231,35.72,low,04:00,OP
1181,2025-02-19 05:00:00,2025,2,19,5,2,Weekday,Feb,0.157,0.157,46035,231,39.16,low,05:00,OP
1182,2025-02-19 06:00:00,2025,2,19,6,2,Weekday,Feb,0.289,0.289,46035,231,72.09,low,06:00,STD
1183,2025-02-19 07:00:00,2025,2,19,7,2,Weekday,Feb,0.046,0.1,46035,231,24.94,low,07:00,PK
1184,2025-02-19 08:00:00,2025,2,19,8,2,Weekday,Feb,0.3365,0.3365,46035,231,83.93,low,08:00,PK
1185,2025-02-19 09:00:00,2025,2,19,9,2,Weekday,Feb,0.6077,0.6077,46035,231,151.58,low,09:00,STD
1186,2025-02-19 10:00:00,2025,2,19,10,2,Weekday,Feb,0.5644,0.5644,46035,231,140.78,low,10:00,STD
1187,2025-02-19 11:00:00,2025,2,19,11,2,Weekday,Feb,0.5577,0.5577,46035,231,139.1,low,11:00,STD
1188,2025-02-19 12:00:00,2025,2,19,12,2,Weekday,Feb,0.5319,0.5319,46035,231,132.67,low,12:00,STD
1189,2025-02-19 13:00:00,2025,2,19,13,2,Weekday,Feb,0.5076,0.5076,46035,231,126.62,low,13:00,STD
1190,2025-02-19 14:00:00,2025,2,19,14,2,Weekday,Feb,0.4855,0.4855,46035,231,121.1,low,14:00,STD
1191,2025-02-19 15:00:00,2025,2,19,15,2,Weekday,Feb,0.4967,0.4967,46035,231,123.89,low,15:00,STD
1192,2025-02-19 16:00:00,2025,2,19,16,2,Weekday,Feb,0.5252,0.5252,46035,231,131.0,low,16:00,STD
1193,2025-02-19 17:00:00,2025,2,19,17,2,Weekday,Feb,0.2875,0.2875,46035,231,71.71,low,17:00,STD
1194,2025-02-19 18:00:00,2025,2,19,18,2,Weekday,Feb,0.0394,0.1,46035,231,24.94,low,18:00,PK
1195,2025-02-19 19:00:00,2025,2,19,19,2,Weekday,Feb,0.0369,0.1,46035,231,24.94,low,19:00,PK
1196,2025-02-19 20:00:00,2025,2,19,20,2,Weekday,Feb,0.2441,0.2441,46035,231,60.89,low,20:00,PK
1197,2025-02-19 21:00:00,2025,2,19,21,2,Weekday,Feb,0.4107,0.4107,46035,231,102.44,low,21:00,STD
1198,2025-02-19 22:00:00,2025,2,19,22,2,Weekday,Feb,0.1291,0.1291,46035,231,32.2,low,22:00,OP
1199,2025-02-19 23:00:00,2025,2,19,23,2,Weekday,Feb,0.0986,0.1,46035,231,24.94,low,23:00,OP
1200,2025-02-20 00:00:00,2025,2,20,0,3,Weekday,Feb,0.1105,0.1105,46035,231,27.57,low,00:00,OP
1201,2025-02-20 01:00:00,2025,2,20,1,3,Weekday,Feb,0.1022,0.1022,46035,231,25.49,low,01:00,OP
1202,2025-02-20 02:00:00,2025,2,20,2,3,Weekday,Feb,0.1079,0.1079,46035,231,26.91,low,02:00,OP
1203,2025-02-20 03:00:00,2025,2,20,3,3,Weekday,Feb,0.1285,0.1285,46035,231,32.05,low,03:00,OP
1204,2025-02-20 04:00:00,2025,2,20,4,3,Weekday,Feb,0.1432,0.1432,46035,231,35.72,low,04:00,OP
1205,2025-02-20 05:00:00,2025,2,20,5,3,Weekday,Feb,0.157,0.157,46035,231,39.16,low,05:00,OP
1206,2025-02-20 06:00:00,2025,2,20,6,3,Weekday,Feb,0.289,0.289,46035,231,72.09,low,06:00,STD
1207,2025-02-20 07:00:00,2025,2,20,7,3,Weekday,Feb,0.046,0.1,46035,231,24.94,low,07:00,PK
1208,2025-02-20 08:00:00,2025,2,20,8,3,Weekday,Feb,0.3365,0.3365,46035,231,83.93,low,08:00,PK
1209,2025-02-20 09:00:00,2025,2,20,9,3,Weekday,Feb,0.6077,0.6077,46035,231,151.58,low,09:00,STD
1210,2025-02-20 10:00:00,2025,2,20,10,3,Weekday,Feb,0.5644,0.5644,46035,231,140.78,low,10:00,STD
1211,2025-02-20 11:00:00,2025,2,20,11,3,Weekday,Feb,0.5577,0.5577,46035,231,139.1,low,11:00,STD
1212,2025-02-20 12:00:00,2025,2,20,12,3,Weekday,Feb,0.5319,0.5319,46035,231,132.67,low,12:00,STD
1213,2025-02-20 13:00:00,2025,2,20,13,3,Weekday,Feb,0.5076,0.5076,46035,231,126.62,low,13:00,STD
1214,2025-02-20 14:00:00,2025,2,20,14,3,Weekday,Feb,0.4855,0.4855,46035,231,121.1,low,14:00,STD
1215,2025-02-20 15:00:00,2025,2,20,15,3,Weekday,Feb,0.4967,0.4967,46035,231,123.89,low,15:00,STD
1216,2025-02-20 16:00:00,2025,2,20,16,3,Weekday,Feb,0.5252,0.5252,46035,231,131.0,low,16:00,STD
1217,2025-02-20 17:00:00,2025,2,20,17,3,Weekday,Feb,0.2875,0.2875,46035,231,71.71,low,17:00,STD
1218,2025-02-20 18:00:00,2025,2,20,18,3,Weekday,Feb,0.0394,0.1,46035,231,24.94,low,18:00,PK
1219,2025-02-20 19:00:00,2025,2,20,19,3,Weekday,Feb,0.0369,0.1,46035,231,24.94,low,19:00,PK
1220,2025-02-20 20:00:00,2025,2,20,20,3,Weekday,Feb,0.2441,0.2441,46035,231,60.89,low,20:00,PK
1221,2025-02-20 21:00:00,2025,2,20,21,3,Weekday,Feb,0.4107,0.4107,46035,231,102.44,low,21:00,STD
1222,2025-02-20 22:00:00,2025,2,20,22,3,Weekday,Feb,0.1291,0.1291,46035,231,32.2,low,22:00,OP
1223,2025-02-20 23:00:00,2025,2,20,23,3,Weekday,Feb,0.0986,0.1,46035,231,24.94,low,23:00,OP
1224,2025-02-21 00:00:00,2025,2,21,0,4,Weekday,Feb,0.1105,0.1105,46035,231,27.57,low,00:00,OP
1225,2025-02-21 01:00:00,2025,2,21,1,4,Weekday,Feb,0.1022,0.1022,46035,231,25.49,low,01:00,OP
1226,2025-02-21 02:00:00,2025,2,21,2,4,Weekday,Feb,0.1079,0.1079,46035,231,26.91,low,02:00,OP
1227,2025-02-21 03:00:00,2025,2,21,3,4,Weekday,Feb,0.1285,0.1285,46035,231,32.05,low,03:00,OP
1228,2025-02-21 04:00:00,2025,2,21,4,4,Weekday,Feb,0.1432,0.1432,46035,231,35.72,low,04:00,OP
1229,2025-02-21 05:00:00,2025,2,21,5,4,Weekday,Feb,0.157,0.157,46035,231,39.16,low,05:00,OP
1230,2025-02-21 06:00:00,2025,2,21,6,4,Weekday,Feb,0.289,0.289,46035,231,72.09,low,06:00,STD
1231,2025-02-21 07:00:00,2025,2,21,7,4,Weekday,Feb,0.046,0.1,46035,231,24.94,low,07:00,PK
1232,2025-02-21 08:00:00,2025,2,21,8,4,Weekday,Feb,0.3365,0.3365,46035,231,83.93,low,08:00,PK
1233,2025-02-21 09:00:00,2025,2,21,9,4,Weekday,Feb,0.6077,0.6077,46035,231,151.58,low,09:00,STD
1234,2025-02-21 10:00:00,2025,2,21,10,4,Weekday,Feb,0.5644,0.5644,46035,231,140.78,low,10:00,STD
1235,2025-02-21 11:00:00,2025,2,21,11,4,Weekday,Feb,0.5577,0.5577,46035,231,139.1,low,11:00,STD
1236,2025-02-21 12:00:00,2025,2,21,12,4,Weekday,Feb,0.5319,0.5319,46035,231,132.67,low,12:00,STD
1237,2025-02-21 13:00:00,2025,2,21,13,4,Weekday,Feb,0.5076,0.5076,46035,231,126.62,low,13:00,STD
1238,2025-02-21 14:00:00,2025,2,21,14,4,Weekday,Feb,0.4855,0.4855,46035,231,121.1,low,14:00,STD
1239,2025-02-21 15:00:00,2025,2,21,15,4,Weekday,Feb,0.4967,0.4967,46035,231,123.89,low,15:00,STD
1240,2025-02-21 16:00:00,2025,2,21,16,4,Weekday,Feb,0.5252,0.5252,46035,231,131.0,low,16:00,STD
1241,2025-02-21 17:00:00,2025,2,21,17,4,Weekday,Feb,0.2875,0.2875,46035,231,71.71,low,17:00,STD
1242,2025-02-21 18:00:00,2025,2,21,18,4,Weekday,Feb,0.0394,0.1,46035,231,24.94,low,18:00,PK
1243,2025-02-21 19:00:00,2025,2,21,19,4,Weekday,Feb,0.0369,0.1,46035,231,24.94,low,19:00,PK
1244,2025-02-21 20:00:00,2025,2,21,20,4,Weekday,Feb,0.2441,0.2441,46035,231,60.89,low,20:00,PK
1245,2025-02-21 21:00:00,2025,2,21,21,4,Weekday,Feb,0.4107,0.4107,46035,231,102.44,low,21:00,STD
1246,2025-02-21 22:00:00,2025,2,21,22,4,Weekday,Feb,0.1291,0.1291,46035,231,32.2,low,22:00,OP
1247,2025-02-21 23:00:00,2025,2,21,23,4,Weekday,Feb,0.0986,0.1,46035,231,24.94,low,23:00,OP
1248,2025-02-22 00:00:00,2025,2,22,0,5,Sat,Feb,0.11,0.11,46035,231,27.43,low,00:00,OP
1249,2025-02-22 01:00:00,2025,2,22,1,5,Sat,Feb,0.1034,0.1034,46035,231,25.79,low,01:00,OP
1250,2025-02-22 02:00:00,2025,2,22,2,5,Sat,Feb,0.1073,0.1073,46035,231,26.77,low,02:00,OP
1251,2025-02-22 03:00:00,2025,2,22,3,5,Sat,Feb,0.1261,0.1261,46035,231,31.45,low,03:00,OP
1252,2025-02-22 04:00:00,2025,2,22,4,5,Sat,Feb,0.1426,0.1426,46035,231,35.56,low,04:00,OP
1253,2025-02-22 05:00:00,2025,2,22,5,5,Sat,Feb,0.1505,0.1505,46035,231,37.55,low,05:00,OP
1254,2025-02-22 06:00:00,2025,2,22,6,5,Sat,Feb,0.1655,0.1655,46035,231,41.28,low,06:00,OP
1255,2025-02-22 07:00:00,2025,2,22,7,5,Sat,Feb,0.3932,0.3932,46035,231,98.07,low,07:00,STD
1256,2025-02-22 08:00:00,2025,2,22,8,5,Sat,Feb,0.379,0.379,46035,231,94.54,low,08:00,STD
1257,2025-02-22 09:00:00,2025,2,22,9,5,Sat,Feb,0.3775,0.3775,46035,231,94.15,low,09:00,STD
1258,2025-02-22 10:00:00,2025,2,22,10,5,Sat,Feb,0.3608,0.3608,46035,231,89.99,low,10:00,STD
1259,2025-02-22 11:00:00,2025,2,22,11,5,Sat,Feb,0.3558,0.3558,46035,231,88.75,low,11:00,STD
1260,2025-02-22 12:00:00,2025,2,22,12,5,Sat,Feb,0.1722,0.1722,46035,231,42.95,low,12:00,OP
1261,2025-02-22 13:00:00,2025,2,22,13,5,Sat,Feb,0.1653,0.1653,46035,231,41.23,low,13:00,OP
1262,2025-02-22 14:00:00,2025,2,22,14,5,Sat,Feb,0.1541,0.1541,46035,231,38.44,low,14:00,OP
1263,2025-02-22 15:00:00,2025,2,22,15,5,Sat,Feb,0.1547,0.1547,46035,231,38.59,low,15:00,OP
1264,2025-02-22 16:00:00,2025,2,22,16,5,Sat,Feb,0.1634,0.1634,46035,231,40.76,low,16:00,OP
1265,2025-02-22 17:00:00,2025,2,22,17,5,Sat,Feb,0.3292,0.3292,46035,231,82.11,low,17:00,OP
1266,2025-02-22 18:00:00,2025,2,22,18,5,Sat,Feb,0.521,0.521,46035,231,129.95,low,18:00,STD
1267,2025-02-22 19:00:00,2025,2,22,19,5,Sat,Feb,0.3252,0.3252,46035,231,81.11,low,19:00,STD
1268,2025-02-22 20:00:00,2025,2,22,20,5,Sat,Feb,0.1437,0.1437,46035,231,35.84,low,20:00,OP
1269,2025-02-22 21:00:00,2025,2,22,21,5,Sat,Feb,0.1337,0.1337,46035,231,33.34,low,21:00,OP
1270,2025-02-22 22:00:00,2025,2,22,22,5,Sat,Feb,0.1291,0.1291,46035,231,32.2,low,22:00,OP
1271,2025-02-22 23:00:00,2025,2,22,23,5,Sat,Feb,0.0971,0.1,46035,231,24.94,low,23:00,OP
1272,2025-02-23 00:00:00,2025,2,23,0,6,Sun,Feb,0.11,0.11,46035,231,27.43,low,00:00,OP
1273,2025-02-23 01:00:00,2025,2,23,1,6,Sun,Feb,0.1034,0.1034,46035,231,25.79,low,01:00,OP
1274,2025-02-23 02:00:00,2025,2,23,2,6,Sun,Feb,0.1073,0.1073,46035,231,26.77,low,02:00,OP
1275,2025-02-23 03:00:00,2025,2,23,3,6,Sun,Feb,0.1261,0.1261,46035,231,31.45,low,03:00,OP
1276,2025-02-23 04:00:00,2025,2,23,4,6,Sun,Feb,0.1426,0.1426,46035,231,35.56,low,04:00,OP
1277,2025-02-23 05:00:00,2025,2,23,5,6,Sun,Feb,0.1505,0.1505,46035,231,37.55,low,05:00,OP
1278,2025-02-23 06:00:00,2025,2,23,6,6,Sun,Feb,0.1655,0.1655,46035,231,41.28,low,06:00,OP
1279,2025-02-23 07:00:00,2025,2,23,7,6,Sun,Feb,0.3932,0.3932,46035,231,98.07,low,07:00,OP
1280,2025-02-23 08:00:00,2025,2,23,8,6,Sun,Feb,0.379,0.379,46035,231,94.54,low,08:00,OP
1281,2025-02-23 09:00:00,2025,2,23,9,6,Sun,Feb,0.3775,0.3775,46035,231,94.15,low,09:00,OP
1282,2025-02-23 10:00:00,2025,2,23,10,6,Sun,Feb,0.3608,0.3608,46035,231,89.99,low,10:00,OP
1283,2025-02-23 11:00:00,2025,2,23,11,6,Sun,Feb,0.3558,0.3558,46035,231,88.75,low,11:00,OP
1284,2025-02-23 12:00:00,2025,2,23,12,6,Sun,Feb,0.1722,0.1722,46035,231,42.95,low,12:00,OP
1285,2025-02-23 13:00:00,2025,2,23,13,6,Sun,Feb,0.1653,0.1653,46035,231,41.23,low,13:00,OP
1286,2025-02-23 14:00:00,2025,2,23,14,6,Sun,Feb,0.1541,0.1541,46035,231,38.44,low,14:00,OP
1287,2025-02-23 15:00:00,2025,2,23,15,6,Sun,Feb,0.1547,0.1547,46035,231,38.59,low,15:00,OP
1288,2025-02-23 16:00:00,2025,2,23,16,6,Sun,Feb,0.1634,0.1634,46035,231,40.76,low,16:00,OP
1289,2025-02-23 17:00:00,2025,2,23,17,6,Sun,Feb,0.3292,0.3292,46035,231,82.11,low,17:00,OP
1290,2025-02-23 18:00:00,2025,2,23,18,6,Sun,Feb,0.521,0.521,46035,231,129.95,low,18:00,STD
1291,2025-02-23 19:00:00,2025,2,23,19,6,Sun,Feb,0.3252,0.3252,46035,231,81.11,low,19:00,STD
1292,2025-02-23 20:00:00,2025,2,23,20,6,Sun,Feb,0.1437,0.1437,46035,231,35.84,low,20:00,OP
1293,2025-02-23 21:00:00,2025,2,23,21,6,Sun,Feb,0.1337,0.1337,46035,231,33.34,low,21:00,OP
1294,2025-02-23 22:00:00,2025,2,23,22,6,Sun,Feb,0.1291,0.1291,46035,231,32.2,low,22:00,OP
1295,2025-02-23 23:00:00,2025,2,23,23,6,Sun,Feb,0.0971,0.1,46035,231,24.94,low,23:00,OP
1296,2025-02-24 00:00:00,2025,2,24,0,0,Weekday,Feb,0.1105,0.1105,46035,231,27.57,low,00:00,OP
1297,2025-02-24 01:00:00,2025,2,24,1,0,Weekday,Feb,0.1022,0.1022,46035,231,25.49,low,01:00,OP
1298,2025-02-24 02:00:00,2025,2,24,2,0,Weekday,Feb,0.1079,0.1079,46035,231,26.91,low,02:00,OP
1299,2025-02-24 03:00:00,2025,2,24,3,0,Weekday,Feb,0.1285,0.1285,46035,231,32.05,low,03:00,OP
1300,2025-02-24 04:00:00,2025,2,24,4,0,Weekday,Feb,0.1432,0.1432,46035,231,35.72,low,04:00,OP
1301,2025-02-24 05:00:00,2025,2,24,5,0,Weekday,Feb,0.157,0.157,46035,231,39.16,low,05:00,OP
1302,2025-02-24 06:00:00,2025,2,24,6,0,Weekday,Feb,0.289,0.289,46035,231,72.09,low,06:00,STD
1303,2025-02-24 07:00:00,2025,2,24,7,0,Weekday,Feb,0.046,0.1,46035,231,24.94,low,07:00,PK
1304,2025-02-24 08:00:00,2025,2,24,8,0,Weekday,Feb,0.3365,0.3365,46035,231,83.93,low,08:00,PK
1305,2025-02-24 09:00:00,2025,2,24,9,0,Weekday,Feb,0.6077,0.6077,46035,231,151.58,low,09:00,STD
1306,2025-02-24 10:00:00,2025,2,24,10,0,Weekday,Feb,0.5644,0.5644,46035,231,140.78,low,10:00,STD
1307,2025-02-24 11:00:00,2025,2,24,11,0,Weekday,Feb,0.5577,0.5577,46035,231,139.1,low,11:00,STD
1308,2025-02-24 12:00:00,2025,2,24,12,0,Weekday,Feb,0.5319,0.5319,46035,231,132.67,low,12:00,STD
1309,2025-02-24 13:00:00,2025,2,24,13,0,Weekday,Feb,0.5076,0.5076,46035,231,126.62,low,13:00,STD
1310,2025-02-24 14:00:00,2025,2,24,14,0,Weekday,Feb,0.4855,0.4855,46035,231,121.1,low,14:00,STD
1311,2025-02-24 15:00:00,2025,2,24,15,0,Weekday,Feb,0.4967,0.4967,46035,231,123.89,low,15:00,STD
1312,2025-02-24 16:00:00,2025,2,24,16,0,Weekday,Feb,0.5252,0.5252,46035,231,131.0,low,16:00,STD
1313,2025-02-24 17:00:00,2025,2,24,17,0,Weekday,Feb,0.2875,0.2875,46035,231,71.71,low,17:00,STD
1314,2025-02-24 18:00:00,2025,2,24,18,0,Weekday,Feb,0.0394,0.1,46035,231,24.94,low,18:00,PK
1315,2025-02-24 19:00:00,2025,2,24,19,0,Weekday,Feb,0.0369,0.1,46035,231,24.94,low,19:00,PK
1316,2025-02-24 20:00:00,2025,2,24,20,0,Weekday,Feb,0.2441,0.2441,46035,231,60.89,low,20:00,PK
1317,2025-02-24 21:00:00,2025,2,24,21,0,Weekday,Feb,0.4107,0.4107,46035,231,102.44,low,21:00,STD
1318,2025-02-24 22:00:00,2025,2,24,22,0,Weekday,Feb,0.1291,0.1291,46035,231,32.2,low,22:00,OP
1319,2025-02-24 23:00:00,2025,2,24,23,0,Weekday,Feb,0.0986,0.1,46035,231,24.94,low,23:00,OP
1320,2025-02-25 00:00:00,2025,2,25,0,1,Weekday,Feb,0.1105,0.1105,46035,231,27.57,low,00:00,OP
1321,2025-02-25 01:00:00,2025,2,25,1,1,Weekday,Feb,0.1022,0.1022,46035,231,25.49,low,01:00,OP
1322,2025-02-25 02:00:00,2025,2,25,2,1,Weekday,Feb,0.1079,0.1079,46035,231,26.91,low,02:00,OP
1323,2025-02-25 03:00:00,2025,2,25,3,1,Weekday,Feb,0.1285,0.1285,46035,231,32.05,low,03:00,OP
1324,2025-02-25 04:00:00,2025,2,25,4,1,Weekday,Feb,0.1432,0.1432,46035,231,35.72,low,04:00,OP
1325,2025-02-25 05:00:00,2025,2,25,5,1,Weekday,Feb,0.157,0.157,46035,231,39.16,low,05:00,OP
1326,2025-02-25 06:00:00,2025,2,25,6,1,Weekday,Feb,0.289,0.289,46035,231,72.09,low,06:00,STD
1327,2025-02-25 07:00:00,2025,2,25,7,1,Weekday,Feb,0.046,0.1,46035,231,24.94,low,07:00,PK
1328,2025-02-25 08:00:00,2025,2,25,8,1,Weekday,Feb,0.3365,0.3365,46035,231,83.93,low,08:00,PK
1329,2025-02-25 09:00:00,2025,2,25,9,1,Weekday,Feb,0.6077,0.6077,46035,231,151.58,low,09:00,STD
1330,2025-02-25 10:00:00,2025,2,25,10,1,Weekday,Feb,0.5644,0.5644,46035,231,140.78,low,10:00,STD
1331,2025-02-25 11:00:00,2025,2,25,11,1,Weekday,Feb,0.5577,0.5577,46035,231,139.1,low,11:00,STD
1332,2025-02-25 12:00:00,2025,2,25,12,1,Weekday,Feb,0.5319,0.5319,46035,231,132.67,low,12:00,STD
1333,2025-02-25 13:00:00,2025,2,25,13,1,Weekday,Feb,0.5076,0.5076,46035,231,126.62,low,13:00,STD
1334,2025-02-25 14:00:00,2025,2,25,14,1,Weekday,Feb,0.4855,0.4855,46035,231,121.1,low,14:00,STD
1335,2025-02-25 15:00:00,2025,2,25,15,1,Weekday,Feb,0.4967,0.4967,46035,231,123.89,low,15:00,STD
1336,2025-02-25 16:00:00,2025,2,25,16,1,Weekday,Feb,0.5252,0.5252,46035,231,131.0,low,16:00,STD
1337,2025-02-25 17:00:00,2025,2,25,17,1,Weekday,Feb,0.2875,0.2875,46035,231,71.71,low,17:00,STD
1338,2025-02-25 18:00:00,2025,2,25,18,1,Weekday,Feb,0.0394,0.1,46035,231,24.94,low,18:00,PK
1339,2025-02-25 19:00:00,2025,2,25,19,1,Weekday,Feb,0.0369,0.1,46035,231,24.94,low,19:00,PK
1340,2025-02-25 20:00:00,2025,2,25,20,1,Weekday,Feb,0.2441,0.2441,46035,231,60.89,low,20:00,PK
1341,2025-02-25 21:00:00,2025,2,25,21,1,Weekday,Feb,0.4107,0.4107,46035,231,102.44,low,21:00,STD
1342,2025-02-25 22:00:00,2025,2,25,22,1,Weekday,Feb,0.1291,0.1291,46035,231,32.2,low,22:00,OP
1343,2025-02-25 23:00:00,2025,2,25,23,1,Weekday,Feb,0.0986,0.1,46035,231,24.94,low,23:00,OP
1344,2025-02-26 00:00:00,2025,2,26,0,2,Weekday,Feb,0.1105,0.1105,46035,231,27.57,low,00:00,OP
1345,2025-02-26 01:00:00,2025,2,26,1,2,Weekday,Feb,0.1022,0.1022,46035,231,25.49,low,01:00,OP
1346,2025-02-26 02:00:00,2025,2,26,2,2,Weekday,Feb,0.1079,0.1079,46035,231,26.91,low,02:00,OP
1347,2025-02-26 03:00:00,2025,2,26,3,2,Weekday,Feb,0.1285,0.1285,46035,231,32.05,low,03:00,OP
1348,2025-02-26 04:00:00,2025,2,26,4,2,Weekday,Feb,0.1432,0.1432,46035,231,35.72,low,04:00,OP
1349,2025-02-26 05:00:00,2025,2,26,5,2,Weekday,Feb,0.157,0.157,46035,231,39.16,low,05:00,OP
1350,2025-02-26 06:00:00,2025,2,26,6,2,Weekday,Feb,0.289,0.289,46035,231,72.09,low,06:00,STD
1351,2025-02-26 07:00:00,2025,2,26,7,2,Weekday,Feb,0.046,0.1,46035,231,24.94,low,07:00,PK
1352,2025-02-26 08:00:00,2025,2,26,8,2,Weekday,Feb,0.3365,0.3365,46035,231,83.93,low,08:00,PK
1353,2025-02-26 09:00:00,2025,2,26,9,2,Weekday,Feb,0.6077,0.6077,46035,231,151.58,low,09:00,STD
1354,2025-02-26 10:00:00,2025,2,26,10,2,Weekday,Feb,0.5644,0.5644,46035,231,140.78,low,10:00,STD
1355,2025-02-26 11:00:00,2025,2,26,11,2,Weekday,Feb,0.5577,0.5577,46035,231,139.1,low,11:00,STD
1356,2025-02-26 12:00:00,2025,2,26,12,2,Weekday,Feb,0.5319,0.5319,46035,231,132.67,low,12:00,STD
1357,2025-02-26 13:00:00,2025,2,26,13,2,Weekday,Feb,0.5076,0.5076,46035,231,126.62,low,13:00,STD
1358,2025-02-26 14:00:00,2025,2,26,14,2,Weekday,Feb,0.4855,0.4855,46035,231,121.1,low,14:00,STD
1359,2025-02-26 15:00:00,2025,2,26,15,2,Weekday,Feb,0.4967,0.4967,46035,231,123.89,low,15:00,STD
1360,2025-02-26 16:00:00,2025,2,26,16,2,Weekday,Feb,0.5252,0.5252,46035,231,131.0,low,16:00,STD
1361,2025-02-26 17:00:00,2025,2,26,17,2,Weekday,Feb,0.2875,0.2875,46035,231,71.71,low,17:00,STD
1362,2025-02-26 18:00:00,2025,2,26,18,2,Weekday,Feb,0.0394,0.1,46035,231,24.94,low,18:00,PK
1363,2025-02-26 19:00:00,2025,2,26,19,2,Weekday,Feb,0.0369,0.1,46035,231,24.94,low,19:00,PK
1364,2025-02-26 20:00:00,2025,2,26,20,2,Weekday,Feb,0.2441,0.2441,46035,231,60.89,low,20:00,PK
1365,2025-02-26 21:00:00,2025,2,26,21,2,Weekday,Feb,0.4107,0.4107,46035,231,102.44,low,21:00,STD
1366,2025-02-26 22:00:00,2025,2,26,22,2,Weekday,Feb,0.1291,0.1291,46035,231,32.2,low,22:00,OP
1367,2025-02-26 23:00:00,2025,2,26,23,2,Weekday,Feb,0.0986,0.1,46035,231,24.94,low,23:00,OP
1368,2025-02-27 00:00:00,2025,2,27,0,3,Weekday,Feb,0.1105,0.1105,46035,231,27.57,low,00:00,OP
1369,2025-02-27 01:00:00,2025,2,27,1,3,Weekday,Feb,0.1022,0.1022,46035,231,25.49,low,01:00,OP
1370,2025-02-27 02:00:00,2025,2,27,2,3,Weekday,Feb,0.1079,0.1079,46035,231,26.91,low,02:00,OP
1371,2025-02-27 03:00:00,2025,2,27,3,3,Weekday,Feb,0.1285,0.1285,46035,231,32.05,low,03:00,OP
1372,2025-02-27 04:00:00,2025,2,27,4,3,Weekday,Feb,0.1432,0.1432,46035,231,35.72,low,04:00,OP
1373,2025-02-27 05:00:00,2025,2,27,5,3,Weekday,Feb,0.157,0.157,46035,231,39.16,low,05:00,OP
1374,2025-02-27 06:00:00,2025,2,27,6,3,Weekday,Feb,0.289,0.289,46035,231,72.09,low,06:00,STD
1375,2025-02-27 07:00:00,2025,2,27,7,3,Weekday,Feb,0.046,0.1,46035,231,24.94,low,07:00,PK
1376,2025-02-27 08:00:00,2025,2,27,8,3,Weekday,Feb,0.3365,0.3365,46035,231,83.93,low,08:00,PK
1377,2025-02-27 09:00:00,2025,2,27,9,3,Weekday,Feb,0.6077,0.6077,46035,231,151.58,low,09:00,STD
1378,2025-02-27 10:00:00,2025,2,27,10,3,Weekday,Feb,0.5644,0.5644,46035,231,140.78,low,10:00,STD
1379,2025-02-27 11:00:00,2025,2,27,11,3,Weekday,Feb,0.5577,0.5577,46035,231,139.1,low,11:00,STD
1380,2025-02-27 12:00:00,2025,2,27,12,3,Weekday,Feb,0.5319,0.5319,46035,231,132.67,low,12:00,STD
1381,2025-02-27 13:00:00,2025,2,27,13,3,Weekday,Feb,0.5076,0.5076,46035,231,126.62,low,13:00,STD
1382,2025-02-27 14:00:00,2025,2,27,14,3,Weekday,Feb,0.4855,0.4855,46035,231,121.1,low,14:00,STD
1383,2025-02-27 15:00:00,2025,2,27,15,3,Weekday,Feb,0.4967,0.4967,46035,231,123.89,low,15:00,STD
1384,2025-02-27 16:00:00,2025,2,27,16,3,Weekday,Feb,0.5252,0.5252,46035,231,131.0,low,16:00,STD
1385,2025-02-27 17:00:00,2025,2,27,17,3,Weekday,Feb,0.2875,0.2875,46035,231,71.71,low,17:00,STD
1386,2025-02-27 18:00:00,2025,2,27,18,3,Weekday,Feb,0.0394,0.1,46035,231,24.94,low,18:00,PK
1387,2025-02-27 19:00:00,2025,2,27,19,3,Weekday,Feb,0.0369,0.1,46035,231,24.94,low,19:00,PK
1388,2025-02-27 20:00:00,2025,2,27,20,3,Weekday,Feb,0.2441,0.2441,46035,231,60.89,low,20:00,PK
1389,2025-02-27 21:00:00,2025,2,27,21,3,Weekday,Feb,0.4107,0.4107,46035,231,102.44,low,21:00,STD
1390,2025-02-27 22:00:00,2025,2,27,22,3,Weekday,Feb,0.1291,0.1291,46035,231,32.2,low,22:00,OP
1391,2025-02-27 23:00:00,2025,2,27,23,3,Weekday,Feb,0.0986,0.1,46035,231,24.94,low,23:00,OP
1392,2025-02-28 00:00:00,2025,2,28,0,4,Weekday,Feb,0.1105,0.1105,46035,231,27.57,low,00:00,OP
1393,2025-02-28 01:00:00,2025,2,28,1,4,Weekday,Feb,0.1022,0.1022,46035,231,25.49,low,01:00,OP
1394,2025-02-28 02:00:00,2025,2,28,2,4,Weekday,Feb,0.1079,0.1079,46035,231,26.91,low,02:00,OP
1395,2025-02-28 03:00:00,2025,2,28,3,4,Weekday,Feb,0.1285,0.1285,46035,231,32.05,low,03:00,OP
1396,2025-02-28 04:00:00,2025,2,28,4,4,Weekday,Feb,0.1432,0.1432,46035,231,35.72,low,04:00,OP
1397,2025-02-28 05:00:00,2025,2,28,5,4,Weekday,Feb,0.157,0.157,46035,231,39.16,low,05:00,OP
1398,2025-02-28 06:00:00,2025,2,28,6,4,Weekday,Feb,0.289,0.289,46035,231,72.09,low,06:00,STD
1399,2025-02-28 07:00:00,2025,2,28,7,4,Weekday,Feb,0.046,0.1,46035,231,24.94,low,07:00,PK
1400,2025-02-28 08:00:00,2025,2,28,8,4,Weekday,Feb,0.3365,0.3365,46035,231,83.93,low,08:00,PK
1401,2025-02-28 09:00:00,2025,2,28,9,4,Weekday,Feb,0.6077,0.6077,46035,231,151.58,low,09:00,STD
1402,2025-02-28 10:00:00,2025,2,28,10,4,Weekday,Feb,0.5644,0.5644,46035,231,140.78,low,10:00,STD
1403,2025-02-28 11:00:00,2025,2,28,11,4,Weekday,Feb,0.5577,0.5577,46035,231,139.1,low,11:00,STD
1404,2025-02-28 12:00:00,2025,2,28,12,4,Weekday,Feb,0.5319,0.5319,46035,231,132.67,low,12:00,STD
1405,2025-02-28 13:00:00,2025,2,28,13,4,Weekday,Feb,0.5076,0.5076,46035,231,126.62,low,13:00,STD
1406,2025-02-28 14:00:00,2025,2,28,14,4,Weekday,Feb,0.4855,0.4855,46035,231,121.1,low,14:00,STD
1407,2025-02-28 15:00:00,2025,2,28,15,4,Weekday,Feb,0.4967,0.4967,46035,231,123.89,low,15:00,STD
1408,2025-02-28 16:00:00,2025,2,28,16,4,Weekday,Feb,0.5252,0.5252,46035,231,131.0,low,16:00,STD
1409,2025-02-28 17:00:00,2025,2,28,17,4,Weekday,Feb,0.2875,0.2875,46035,231,71.71,low,17:00,STD
1410,2025-02-28 18:00:00,2025,2,28,18,4,Weekday,Feb,0.0394,0.1,46035,231,24.94,low,18:00,PK
1411,2025-02-28 19:00:00,2025,2,28,19,4,Weekday,Feb,0.0369,0.1,46035,231,24.94,low,19:00,PK
1412,2025-02-28 20:00:00,2025,2,28,20,4,Weekday,Feb,0.2441,0.2441,46035,231,60.89,low,20:00,PK
1413,2025-02-28 21:00:00,2025,2,28,21,4,Weekday,Feb,0.4107,0.4107,46035,231,102.44,low,21:00,STD
1414,2025-02-28 22:00:00,2025,2,28,22,4,Weekday,Feb,0.1291,0.1291,46035,231,32.2,low,22:00,OP
1415,2025-02-28 23:00:00,2025,2,28,23,4,Weekday,Feb,0.0986,0.1,46035,231,24.94,low,23:00,OP
1416,2025-03-01 00:00:00,2025,3,1,0,5,Sat,Mar,0.11,0.11,46035,231,25.04,low,00:00,OP
1417,2025-03-01 01:00:00,2025,3,1,1,5,Sat,Mar,0.1034,0.1034,46035,231,23.54,low,01:00,OP
1418,2025-03-01 02:00:00,2025,3,1,2,5,Sat,Mar,0.1073,0.1073,46035,231,24.43,low,02:00,OP
1419,2025-03-01 03:00:00,2025,3,1,3,5,Sat,Mar,0.1261,0.1261,46035,231,28.71,low,03:00,OP
1420,2025-03-01 04:00:00,2025,3,1,4,5,Sat,Mar,0.1426,0.1426,46035,231,32.46,low,04:00,OP
1421,2025-03-01 05:00:00,2025,3,1,5,5,Sat,Mar,0.1505,0.1505,46035,231,34.27,low,05:00,OP
1422,2025-03-01 06:00:00,2025,3,1,6,5,Sat,Mar,0.1655,0.1655,46035,231,37.68,low,06:00,OP
1423,2025-03-01 07:00:00,2025,3,1,7,5,Sat,Mar,0.3932,0.3932,46035,231,89.51,low,07:00,STD
1424,2025-03-01 08:00:00,2025,3,1,8,5,Sat,Mar,0.379,0.379,46035,231,86.28,low,08:00,STD
1425,2025-03-01 09:00:00,2025,3,1,9,5,Sat,Mar,0.3775,0.3775,46035,231,85.94,low,09:00,STD
1426,2025-03-01 10:00:00,2025,3,1,10,5,Sat,Mar,0.3608,0.3608,46035,231,82.13,low,10:00,STD
1427,2025-03-01 11:00:00,2025,3,1,11,5,Sat,Mar,0.3558,0.3558,46035,231,81.0,low,11:00,STD
1428,2025-03-01 12:00:00,2025,3,1,12,5,Sat,Mar,0.1722,0.1722,46035,231,39.2,low,12:00,OP
1429,2025-03-01 13:00:00,2025,3,1,13,5,Sat,Mar,0.1653,0.1653,46035,231,37.63,low,13:00,OP
1430,2025-03-01 14:00:00,2025,3,1,14,5,Sat,Mar,0.1541,0.1541,46035,231,35.08,low,14:00,OP
1431,2025-03-01 15:00:00,2025,3,1,15,5,Sat,Mar,0.1547,0.1547,46035,231,35.22,low,15:00,OP
1432,2025-03-01 16:00:00,2025,3,1,16,5,Sat,Mar,0.1634,0.1634,46035,231,37.2,low,16:00,OP
1433,2025-03-01 17:00:00,2025,3,1,17,5,Sat,Mar,0.3292,0.3292,46035,231,74.95,low,17:00,OP
1434,2025-03-01 18:00:00,2025,3,1,18,5,Sat,Mar,0.521,0.521,46035,231,118.61,low,18:00,STD
1435,2025-03-01 19:00:00,2025,3,1,19,5,Sat,Mar,0.3252,0.3252,46035,231,74.03,low,19:00,STD
1436,2025-03-01 20:00:00,2025,3,1,20,5,Sat,Mar,0.1437,0.1437,46035,231,32.71,low,20:00,OP
1437,2025-03-01 21:00:00,2025,3,1,21,5,Sat,Mar,0.1337,0.1337,46035,231,30.43,low,21:00,OP
1438,2025-03-01 22:00:00,2025,3,1,22,5,Sat,Mar,0.1291,0.1291,46035,231,29.39,low,22:00,OP
1439,2025-03-01 23:00:00,2025,3,1,23,5,Sat,Mar,0.0971,0.1,46035,231,22.76,low,23:00,OP
1440,2025-03-02 00:00:00,2025,3,2,0,6,Sun,Mar,0.11,0.11,46035,231,25.04,low,00:00,OP
1441,2025-03-02 01:00:00,2025,3,2,1,6,Sun,Mar,0.1034,0.1034,46035,231,23.54,low,01:00,OP
1442,2025-03-02 02:00:00,2025,3,2,2,6,Sun,Mar,0.1073,0.1073,46035,231,24.43,low,02:00,OP
1443,2025-03-02 03:00:00,2025,3,2,3,6,Sun,Mar,0.1261,0.1261,46035,231,28.71,low,03:00,OP
1444,2025-03-02 04:00:00,2025,3,2,4,6,Sun,Mar,0.1426,0.1426,46035,231,32.46,low,04:00,OP
1445,2025-03-02 05:00:00,2025,3,2,5,6,Sun,Mar,0.1505,0.1505,46035,231,34.27,low,05:00,OP
1446,2025-03-02 06:00:00,2025,3,2,6,6,Sun,Mar,0.1655,0.1655,46035,231,37.68,low,06:00,OP
1447,2025-03-02 07:00:00,2025,3,2,7,6,Sun,Mar,0.3932,0.3932,46035,231,89.51,low,07:00,OP
1448,2025-03-02 08:00:00,2025,3,2,8,6,Sun,Mar,0.379,0.379,46035,231,86.28,low,08:00,OP
1449,2025-03-02 09:00:00,2025,3,2,9,6,Sun,Mar,0.3775,0.3775,46035,231,85.94,low,09:00,OP
1450,2025-03-02 10:00:00,2025,3,2,10,6,Sun,Mar,0.3608,0.3608,46035,231,82.13,low,10:00,OP
1451,2025-03-02 11:00:00,2025,3,2,11,6,Sun,Mar,0.3558,0.3558,46035,231,81.0,low,11:00,OP
1452,2025-03-02 12:00:00,2025,3,2,12,6,Sun,Mar,0.1722,0.1722,46035,231,39.2,low,12:00,OP
1453,2025-03-02 13:00:00,2025,3,2,13,6,Sun,Mar,0.1653,0.1653,46035,231,37.63,low,13:00,OP
1454,2025-03-02 14:00:00,2025,3,2,14,6,Sun,Mar,0.1541,0.1541,46035,231,35.08,low,14:00,OP
1455,2025-03-02 15:00:00,2025,3,2,15,6,Sun,Mar,0.1547,0.1547,46035,231,35.22,low,15:00,OP
1456,2025-03-02 16:00:00,2025,3,2,16,6,Sun,Mar,0.1634,0.1634,46035,231,37.2,low,16:00,OP
1457,2025-03-02 17:00:00,2025,3,2,17,6,Sun,Mar,0.3292,0.3292,46035,231,74.95,low,17:00,OP
1458,2025-03-02 18:00:00,2025,3,2,18,6,Sun,Mar,0.521,0.521,46035,231,118.61,low,18:00,STD
1459,2025-03-02 19:00:00,2025,3,2,19,6,Sun,Mar,0.3252,0.3252,46035,231,74.03,low,19:00,STD
1460,2025-03-02 20:00:00,2025,3,2,20,6,Sun,Mar,0.1437,0.1437,46035,231,32.71,low,20:00,OP
1461,2025-03-02 21:00:00,2025,3,2,21,6,Sun,Mar,0.1337,0.1337,46035,231,30.43,low,21:00,OP
1462,2025-03-02 22:00:00,2025,3,2,22,6,Sun,Mar,0.1291,0.1291,46035,231,29.39,low,22:00,OP
1463,2025-03-02 23:00:00,2025,3,2,23,6,Sun,Mar,0.0971,0.1,46035,231,22.76,low,23:00,OP
1464,2025-03-03 00:00:00,2025,3,3,0,0,Weekday,Mar,0.1105,0.1105,46035,231,25.16,low,00:00,OP
1465,2025-03-03 01:00:00,2025,3,3,1,0,Weekday,Mar,0.1022,0.1022,46035,231,23.27,low,01:00,OP
1466,2025-03-03 02:00:00,2025,3,3,2,0,Weekday,Mar,0.1079,0.1079,46035,231,24.56,low,02:00,OP
1467,2025-03-03 03:00:00,2025,3,3,3,0,Weekday,Mar,0.1285,0.1285,46035,231,29.25,low,03:00,OP
1468,2025-03-03 04:00:00,2025,3,3,4,0,Weekday,Mar,0.1432,0.1432,46035,231,32.6,low,04:00,OP
1469,2025-03-03 05:00:00,2025,3,3,5,0,Weekday,Mar,0.157,0.157,46035,231,35.74,low,05:00,OP
1470,2025-03-03 06:00:00,2025,3,3,6,0,Weekday,Mar,0.289,0.289,46035,231,65.8,low,06:00,STD
1471,2025-03-03 07:00:00,2025,3,3,7,0,Weekday,Mar,0.046,0.1,46035,231,22.76,low,07:00,PK
1472,2025-03-03 08:00:00,2025,3,3,8,0,Weekday,Mar,0.3365,0.3365,46035,231,76.61,low,08:00,PK
1473,2025-03-03 09:00:00,2025,3,3,9,0,Weekday,Mar,0.6077,0.6077,46035,231,138.35,low,09:00,STD
1474,2025-03-03 10:00:00,2025,3,3,10,0,Weekday,Mar,0.5644,0.5644,46035,231,128.49,low,10:00,STD
1475,2025-03-03 11:00:00,2025,3,3,11,0,Weekday,Mar,0.5577,0.5577,46035,231,126.96,low,11:00,STD
1476,2025-03-03 12:00:00,2025,3,3,12,0,Weekday,Mar,0.5319,0.5319,46035,231,121.09,low,12:00,STD
1477,2025-03-03 13:00:00,2025,3,3,13,0,Weekday,Mar,0.5076,0.5076,46035,231,115.56,low,13:00,STD
1478,2025-03-03 14:00:00,2025,3,3,14,0,Weekday,Mar,0.4855,0.4855,46035,231,110.53,low,14:00,STD
1479,2025-03-03 15:00:00,2025,3,3,15,0,Weekday,Mar,0.4967,0.4967,46035,231,113.08,low,15:00,STD
1480,2025-03-03 16:00:00,2025,3,3,16,0,Weekday,Mar,0.5252,0.5252,46035,231,119.56,low,16:00,STD
1481,2025-03-03 17:00:00,2025,3,3,17,0,Weekday,Mar,0.2875,0.2875,46035,231,65.45,low,17:00,STD
1482,2025-03-03 18:00:00,2025,3,3,18,0,Weekday,Mar,0.0394,0.1,46035,231,22.76,low,18:00,PK
1483,2025-03-03 19:00:00,2025,3,3,19,0,Weekday,Mar,0.0369,0.1,46035,231,22.76,low,19:00,PK
1484,2025-03-03 20:00:00,2025,3,3,20,0,Weekday,Mar,0.2441,0.2441,46035,231,55.57,low,20:00,PK
1485,2025-03-03 21:00:00,2025,3,3,21,0,Weekday,Mar,0.4107,0.4107,46035,231,93.49,low,21:00,STD
1486,2025-03-03 22:00:00,2025,3,3,22,0,Weekday,Mar,0.1291,0.1291,46035,231,29.39,low,22:00,OP
1487,2025-03-03 23:00:00,2025,3,3,23,0,Weekday,Mar,0.0986,0.1,46035,231,22.76,low,23:00,OP
1488,2025-03-04 00:00:00,2025,3,4,0,1,Weekday,Mar,0.1105,0.1105,46035,231,25.16,low,00:00,OP
1489,2025-03-04 01:00:00,2025,3,4,1,1,Weekday,Mar,0.1022,0.1022,46035,231,23.27,low,01:00,OP
1490,2025-03-04 02:00:00,2025,3,4,2,1,Weekday,Mar,0.1079,0.1079,46035,231,24.56,low,02:00,OP
1491,2025-03-04 03:00:00,2025,3,4,3,1,Weekday,Mar,0.1285,0.1285,46035,231,29.25,low,03:00,OP
1492,2025-03-04 04:00:00,2025,3,4,4,1,Weekday,Mar,0.1432,0.1432,46035,231,32.6,low,04:00,OP
1493,2025-03-04 05:00:00,2025,3,4,5,1,Weekday,Mar,0.157,0.157,46035,231,35.74,low,05:00,OP
1494,2025-03-04 06:00:00,2025,3,4,6,1,Weekday,Mar,0.289,0.289,46035,231,65.8,low,06:00,STD
1495,2025-03-04 07:00:00,2025,3,4,7,1,Weekday,Mar,0.046,0.1,46035,231,22.76,low,07:00,PK
1496,2025-03-04 08:00:00,2025,3,4,8,1,Weekday,Mar,0.3365,0.3365,46035,231,76.61,low,08:00,PK
1497,2025-03-04 09:00:00,2025,3,4,9,1,Weekday,Mar,0.6077,0.6077,46035,231,138.35,low,09:00,STD
1498,2025-03-04 10:00:00,2025,3,4,10,1,Weekday,Mar,0.5644,0.5644,46035,231,128.49,low,10:00,STD
1499,2025-03-04 11:00:00,2025,3,4,11,1,Weekday,Mar,0.5577,0.5577,46035,231,126.96,low,11:00,STD
1500,2025-03-04 12:00:00,2025,3,4,12,1,Weekday,Mar,0.5319,0.5319,46035,231,121.09,low,12:00,STD
1501,2025-03-04 13:00:00,2025,3,4,13,1,Weekday,Mar,0.5076,0.5076,46035,231,115.56,low,13:00,STD
1502,2025-03-04 14:00:00,2025,3,4,14,1,Weekday,Mar,0.4855,0.4855,46035,231,110.53,low,14:00,STD
1503,2025-03-04 15:00:00,2025,3,4,15,1,Weekday,Mar,0.4967,0.4967,46035,231,113.08,low,15:00,STD
1504,2025-03-04 16:00:00,2025,3,4,16,1,Weekday,Mar,0.5252,0.5252,46035,231,119.56,low,16:00,STD
1505,2025-03-04 17:00:00,2025,3,4,17,1,Weekday,Mar,0.2875,0.2875,46035,231,65.45,low,17:00,STD
1506,2025-03-04 18:00:00,2025,3,4,18,1,Weekday,Mar,0.0394,0.1,46035,231,22.76,low,18:00,PK
1507,2025-03-04 19:00:00,2025,3,4,19,1,Weekday,Mar,0.0369,0.1,46035,231,22.76,low,19:00,PK
1508,2025-03-04 20:00:00,2025,3,4,20,1,Weekday,Mar,0.2441,0.2441,46035,231,55.57,low,20:00,PK
1509,2025-03-04 21:00:00,2025,3,4,21,1,Weekday,Mar,0.4107,0.4107,46035,231,93.49,low,21:00,STD
1510,2025-03-04 22:00:00,2025,3,4,22,1,Weekday,Mar,0.1291,0.1291,46035,231,29.39,low,22:00,OP
1511,2025-03-04 23:00:00,2025,3,4,23,1,Weekday,Mar,0.0986,0.1,46035,231,22.76,low,23:00,OP
1512,2025-03-05 00:00:00,2025,3,5,0,2,Weekday,Mar,0.1105,0.1105,46035,231,25.16,low,00:00,OP
1513,2025-03-05 01:00:00,2025,3,5,1,2,Weekday,Mar,0.1022,0.1022,46035,231,23.27,low,01:00,OP
1514,2025-03-05 02:00:00,2025,3,5,2,2,Weekday,Mar,0.1079,0.1079,46035,231,24.56,low,02:00,OP
1515,2025-03-05 03:00:00,2025,3,5,3,2,Weekday,Mar,0.1285,0.1285,46035,231,29.25,low,03:00,OP
1516,2025-03-05 04:00:00,2025,3,5,4,2,Weekday,Mar,0.1432,0.1432,46035,231,32.6,low,04:00,OP
1517,2025-03-05 05:00:00,2025,3,5,5,2,Weekday,Mar,0.157,0.157,46035,231,35.74,low,05:00,OP
1518,2025-03-05 06:00:00,2025,3,5,6,2,Weekday,Mar,0.289,0.289,46035,231,65.8,low,06:00,STD
1519,2025-03-05 07:00:00,2025,3,5,7,2,Weekday,Mar,0.046,0.1,46035,231,22.76,low,07:00,PK
1520,2025-03-05 08:00:00,2025,3,5,8,2,Weekday,Mar,0.3365,0.3365,46035,231,76.61,low,08:00,PK
1521,2025-03-05 09:00:00,2025,3,5,9,2,Weekday,Mar,0.6077,0.6077,46035,231,138.35,low,09:00,STD
1522,2025-03-05 10:00:00,2025,3,5,10,2,Weekday,Mar,0.5644,0.5644,46035,231,128.49,low,10:00,STD
1523,2025-03-05 11:00:00,2025,3,5,11,2,Weekday,Mar,0.5577,0.5577,46035,231,126.96,low,11:00,STD
1524,2025-03-05 12:00:00,2025,3,5,12,2,Weekday,Mar,0.5319,0.5319,46035,231,121.09,low,12:00,STD
1525,2025-03-05 13:00:00,2025,3,5,13,2,Weekday,Mar,0.5076,0.5076,46035,231,115.56,low,13:00,STD
1526,2025-03-05 14:00:00,2025,3,5,14,2,Weekday,Mar,0.4855,0.4855,46035,231,110.53,low,14:00,STD
1527,2025-03-05 15:00:00,2025,3,5,15,2,Weekday,Mar,0.4967,0.4967,46035,231,113.08,low,15:00,STD
1528,2025-03-05 16:00:00,2025,3,5,16,2,Weekday,Mar,0.5252,0.5252,46035,231,119.56,low,16:00,STD
1529,2025-03-05 17:00:00,2025,3,5,17,2,Weekday,Mar,0.2875,0.2875,46035,231,65.45,low,17:00,STD
1530,2025-03-05 18:00:00,2025,3,5,18,2,Weekday,Mar,0.0394,0.1,46035,231,22.76,low,18:00,PK
1531,2025-03-05 19:00:00,2025,3,5,19,2,Weekday,Mar,0.0369,0.1,46035,231,22.76,low,19:00,PK
1532,2025-03-05 20:00:00,2025,3,5,20,2,Weekday,Mar,0.2441,0.2441,46035,231,55.57,low,20:00,PK
1533,2025-03-05 21:00:00,2025,3,5,21,2,Weekday,Mar,0.4107,0.4107,46035,231,93.49,low,21:00,STD
1534,2025-03-05 22:00:00,2025,3,5,22,2,Weekday,Mar,0.1291,0.1291,46035,231,29.39,low,22:00,OP
1535,2025-03-05 23:00:00,2025,3,5,23,2,Weekday,Mar,0.0986,0.1,46035,231,22.76,low,23:00,OP
1536,2025-03-06 00:00:00,2025,3,6,0,3,Weekday,Mar,0.1105,0.1105,46035,231,25.16,low,00:00,OP
1537,2025-03-06 01:00:00,2025,3,6,1,3,Weekday,Mar,0.1022,0.1022,46035,231,23.27,low,01:00,OP
1538,2025-03-06 02:00:00,2025,3,6,2,3,Weekday,Mar,0.1079,0.1079,46035,231,24.56,low,02:00,OP
1539,2025-03-06 03:00:00,2025,3,6,3,3,Weekday,Mar,0.1285,0.1285,46035,231,29.25,low,03:00,OP
1540,2025-03-06 04:00:00,2025,3,6,4,3,Weekday,Mar,0.1432,0.1432,46035,231,32.6,low,04:00,OP
1541,2025-03-06 05:00:00,2025,3,6,5,3,Weekday,Mar,0.157,0.157,46035,231,35.74,low,05:00,OP
1542,2025-03-06 06:00:00,2025,3,6,6,3,Weekday,Mar,0.289,0.289,46035,231,65.8,low,06:00,STD
1543,2025-03-06 07:00:00,2025,3,6,7,3,Weekday,Mar,0.046,0.1,46035,231,22.76,low,07:00,PK
1544,2025-03-06 08:00:00,2025,3,6,8,3,Weekday,Mar,0.3365,0.3365,46035,231,76.61,low,08:00,PK
1545,2025-03-06 09:00:00,2025,3,6,9,3,Weekday,Mar,0.6077,0.6077,46035,231,138.35,low,09:00,STD
1546,2025-03-06 10:00:00,2025,3,6,10,3,Weekday,Mar,0.5644,0.5644,46035,231,128.49,low,10:00,STD
1547,2025-03-06 11:00:00,2025,3,6,11,3,Weekday,Mar,0.5577,0.5577,46035,231,126.96,low,11:00,STD
1548,2025-03-06 12:00:00,2025,3,6,12,3,Weekday,Mar,0.5319,0.5319,46035,231,121.09,low,12:00,STD
1549,2025-03-06 13:00:00,2025,3,6,13,3,Weekday,Mar,0.5076,0.5076,46035,231,115.56,low,13:00,STD
1550,2025-03-06 14:00:00,2025,3,6,14,3,Weekday,Mar,0.4855,0.4855,46035,231,110.53,low,14:00,STD
1551,2025-03-06 15:00:00,2025,3,6,15,3,Weekday,Mar,0.4967,0.4967,46035,231,113.08,low,15:00,STD
1552,2025-03-06 16:00:00,2025,3,6,16,3,Weekday,Mar,0.5252,0.5252,46035,231,119.56,low,16:00,STD
1553,2025-03-06 17:00:00,2025,3,6,17,3,Weekday,Mar,0.2875,0.2875,46035,231,65.45,low,17:00,STD
1554,2025-03-06 18:00:00,2025,3,6,18,3,Weekday,Mar,0.0394,0.1,46035,231,22.76,low,18:00,PK
1555,2025-03-06 19:00:00,2025,3,6,19,3,Weekday,Mar,0.0369,0.1,46035,231,22.76,low,19:00,PK
1556,2025-03-06 20:00:00,2025,3,6,20,3,Weekday,Mar,0.2441,0.2441,46035,231,55.57,low,20:00,PK
1557,2025-03-06 21:00:00,2025,3,6,21,3,Weekday,Mar,0.4107,0.4107,46035,231,93.49,low,21:00,STD
1558,2025-03-06 22:00:00,2025,3,6,22,3,Weekday,Mar,0.1291,0.1291,46035,231,29.39,low,22:00,OP
1559,2025-03-06 23:00:00,2025,3,6,23,3,Weekday,Mar,0.0986,0.1,46035,231,22.76,low,23:00,OP
1560,2025-03-07 00:00:00,2025,3,7,0,4,Weekday,Mar,0.1105,0.1105,46035,231,25.16,low,00:00,OP
1561,2025-03-07 01:00:00,2025,3,7,1,4,Weekday,Mar,0.1022,0.1022,46035,231,23.27,low,01:00,OP
1562,2025-03-07 02:00:00,2025,3,7,2,4,Weekday,Mar,0.1079,0.1079,46035,231,24.56,low,02:00,OP
1563,2025-03-07 03:00:00,2025,3,7,3,4,Weekday,Mar,0.1285,0.1285,46035,231,29.25,low,03:00,OP
1564,2025-03-07 04:00:00,2025,3,7,4,4,Weekday,Mar,0.1432,0.1432,46035,231,32.6,low,04:00,OP
1565,2025-03-07 05:00:00,2025,3,7,5,4,Weekday,Mar,0.157,0.157,46035,231,35.74,low,05:00,OP
1566,2025-03-07 06:00:00,2025,3,7,6,4,Weekday,Mar,0.289,0.289,46035,231,65.8,low,06:00,STD
1567,2025-03-07 07:00:00,2025,3,7,7,4,Weekday,Mar,0.046,0.1,46035,231,22.76,low,07:00,PK
1568,2025-03-07 08:00:00,2025,3,7,8,4,Weekday,Mar,0.3365,0.3365,46035,231,76.61,low,08:00,PK
1569,2025-03-07 09:00:00,2025,3,7,9,4,Weekday,Mar,0.6077,0.6077,46035,231,138.35,low,09:00,STD
1570,2025-03-07 10:00:00,2025,3,7,10,4,Weekday,Mar,0.5644,0.5644,46035,231,128.49,low,10:00,STD
1571,2025-03-07 11:00:00,2025,3,7,11,4,Weekday,Mar,0.5577,0.5577,46035,231,126.96,low,11:00,STD
1572,2025-03-07 12:00:00,2025,3,7,12,4,Weekday,Mar,0.5319,0.5319,46035,231,121.09,low,12:00,STD
1573,2025-03-07 13:00:00,2025,3,7,13,4,Weekday,Mar,0.5076,0.5076,46035,231,115.56,low,13:00,STD
1574,2025-03-07 14:00:00,2025,3,7,14,4,Weekday,Mar,0.4855,0.4855,46035,231,110.53,low,14:00,STD
1575,2025-03-07 15:00:00,2025,3,7,15,4,Weekday,Mar,0.4967,0.4967,46035,231,113.08,low,15:00,STD
1576,2025-03-07 16:00:00,2025,3,7,16,4,Weekday,Mar,0.5252,0.5252,46035,231,119.56,low,16:00,STD
1577,2025-03-07 17:00:00,2025,3,7,17,4,Weekday,Mar,0.2875,0.2875,46035,231,65.45,low,17:00,STD
1578,2025-03-07 18:00:00,2025,3,7,18,4,Weekday,Mar,0.0394,0.1,46035,231,22.76,low,18:00,PK
1579,2025-03-07 19:00:00,2025,3,7,19,4,Weekday,Mar,0.0369,0.1,46035,231,22.76,low,19:00,PK
1580,2025-03-07 20:00:00,2025,3,7,20,4,Weekday,Mar,0.2441,0.2441,46035,231,55.57,low,20:00,PK
1581,2025-03-07 21:00:00,2025,3,7,21,4,Weekday,Mar,0.4107,0.4107,46035,231,93.49,low,21:00,STD
1582,2025-03-07 22:00:00,2025,3,7,22,4,Weekday,Mar,0.1291,0.1291,46035,231,29.39,low,22:00,OP
1583,2025-03-07 23:00:00,2025,3,7,23,4,Weekday,Mar,0.0986,0.1,46035,231,22.76,low,23:00,OP
1584,2025-03-08 00:00:00,2025,3,8,0,5,Sat,Mar,0.11,0.11,46035,231,25.04,low,00:00,OP
1585,2025-03-08 01:00:00,2025,3,8,1,5,Sat,Mar,0.1034,0.1034,46035,231,23.54,low,01:00,OP
1586,2025-03-08 02:00:00,2025,3,8,2,5,Sat,Mar,0.1073,0.1073,46035,231,24.43,low,02:00,OP
1587,2025-03-08 03:00:00,2025,3,8,3,5,Sat,Mar,0.1261,0.1261,46035,231,28.71,low,03:00,OP
1588,2025-03-08 04:00:00,2025,3,8,4,5,Sat,Mar,0.1426,0.1426,46035,231,32.46,low,04:00,OP
1589,2025-03-08 05:00:00,2025,3,8,5,5,Sat,Mar,0.1505,0.1505,46035,231,34.27,low,05:00,OP
1590,2025-03-08 06:00:00,2025,3,8,6,5,Sat,Mar,0.1655,0.1655,46035,231,37.68,low,06:00,OP
1591,2025-03-08 07:00:00,2025,3,8,7,5,Sat,Mar,0.3932,0.3932,46035,231,89.51,low,07:00,STD
1592,2025-03-08 08:00:00,2025,3,8,8,5,Sat,Mar,0.379,0.379,46035,231,86.28,low,08:00,STD
1593,2025-03-08 09:00:00,2025,3,8,9,5,Sat,Mar,0.3775,0.3775,46035,231,85.94,low,09:00,STD
1594,2025-03-08 10:00:00,2025,3,8,10,5,Sat,Mar,0.3608,0.3608,46035,231,82.13,low,10:00,STD
1595,2025-03-08 11:00:00,2025,3,8,11,5,Sat,Mar,0.3558,0.3558,46035,231,81.0,low,11:00,STD
1596,2025-03-08 12:00:00,2025,3,8,12,5,Sat,Mar,0.1722,0.1722,46035,231,39.2,low,12:00,OP
1597,2025-03-08 13:00:00,2025,3,8,13,5,Sat,Mar,0.1653,0.1653,46035,231,37.63,low,13:00,OP
1598,2025-03-08 14:00:00,2025,3,8,14,5,Sat,Mar,0.1541,0.1541,46035,231,35.08,low,14:00,OP
1599,2025-03-08 15:00:00,2025,3,8,15,5,Sat,Mar,0.1547,0.1547,46035,231,35.22,low,15:00,OP
1600,2025-03-08 16:00:00,2025,3,8,16,5,Sat,Mar,0.1634,0.1634,46035,231,37.2,low,16:00,OP
1601,2025-03-08 17:00:00,2025,3,8,17,5,Sat,Mar,0.3292,0.3292,46035,231,74.95,low,17:00,OP
1602,2025-03-08 18:00:00,2025,3,8,18,5,Sat,Mar,0.521,0.521,46035,231,118.61,low,18:00,STD
1603,2025-03-08 19:00:00,2025,3,8,19,5,Sat,Mar,0.3252,0.3252,46035,231,74.03,low,19:00,STD
1604,2025-03-08 20:00:00,2025,3,8,20,5,Sat,Mar,0.1437,0.1437,46035,231,32.71,low,20:00,OP
1605,2025-03-08 21:00:00,2025,3,8,21,5,Sat,Mar,0.1337,0.1337,46035,231,30.43,low,21:00,OP
1606,2025-03-08 22:00:00,2025,3,8,22,5,Sat,Mar,0.1291,0.1291,46035,231,29.39,low,22:00,OP
1607,2025-03-08 23:00:00,2025,3,8,23,5,Sat,Mar,0.0971,0.1,46035,231,22.76,low,23:00,OP
1608,2025-03-09 00:00:00,2025,3,9,0,6,Sun,Mar,0.11,0.11,46035,231,25.04,low,00:00,OP
1609,2025-03-09 01:00:00,2025,3,9,1,6,Sun,Mar,0.1034,0.1034,46035,231,23.54,low,01:00,OP
1610,2025-03-09 02:00:00,2025,3,9,2,6,Sun,Mar,0.1073,0.1073,46035,231,24.43,low,02:00,OP
1611,2025-03-09 03:00:00,2025,3,9,3,6,Sun,Mar,0.1261,0.1261,46035,231,28.71,low,03:00,OP
1612,2025-03-09 04:00:00,2025,3,9,4,6,Sun,Mar,0.1426,0.1426,46035,231,32.46,low,04:00,OP
1613,2025-03-09 05:00:00,2025,3,9,5,6,Sun,Mar,0.1505,0.1505,46035,231,34.27,low,05:00,OP
1614,2025-03-09 06:00:00,2025,3,9,6,6,Sun,Mar,0.1655,0.1655,46035,231,37.68,low,06:00,OP
1615,2025-03-09 07:00:00,2025,3,9,7,6,Sun,Mar,0.3932,0.3932,46035,231,89.51,low,07:00,OP
1616,2025-03-09 08:00:00,2025,3,9,8,6,Sun,Mar,0.379,0.379,46035,231,86.28,low,08:00,OP
1617,2025-03-09 09:00:00,2025,3,9,9,6,Sun,Mar,0.3775,0.3775,46035,231,85.94,low,09:00,OP
1618,2025-03-09 10:00:00,2025,3,9,10,6,Sun,Mar,0.3608,0.3608,46035,231,82.13,low,10:00,OP
1619,2025-03-09 11:00:00,2025,3,9,11,6,Sun,Mar,0.3558,0.3558,46035,231,81.0,low,11:00,OP
1620,2025-03-09 12:00:00,2025,3,9,12,6,Sun,Mar,0.1722,0.1722,46035,231,39.2,low,12:00,OP
1621,2025-03-09 13:00:00,2025,3,9,13,6,Sun,Mar,0.1653,0.1653,46035,231,37.63,low,13:00,OP
1622,2025-03-09 14:00:00,2025,3,9,14,6,Sun,Mar,0.1541,0.1541,46035,231,35.08,low,14:00,OP
1623,2025-03-09 15:00:00,2025,3,9,15,6,Sun,Mar,0.1547,0.1547,46035,231,35.22,low,15:00,OP
1624,2025-03-09 16:00:00,2025,3,9,16,6,Sun,Mar,0.1634,0.1634,46035,231,37.2,low,16:00,OP
1625,2025-03-09 17:00:00,2025,3,9,17,6,Sun,Mar,0.3292,0.3292,46035,231,74.95,low,17:00,OP
1626,2025-03-09 18:00:00,2025,3,9,18,6,Sun,Mar,0.521,0.521,46035,231,118.61,low,18:00,STD
1627,2025-03-09 19:00:00,2025,3,9,19,6,Sun,Mar,0.3252,0.3252,46035,231,74.03,low,19:00,STD
1628,2025-03-09 20:00:00,2025,3,9,20,6,Sun,Mar,0.1437,0.1437,46035,231,32.71,low,20:00,OP
1629,2025-03-09 21:00:00,2025,3,9,21,6,Sun,Mar,0.1337,0.1337,46035,231,30.43,low,21:00,OP
1630,2025-03-09 22:00:00,2025,3,9,22,6,Sun,Mar,0.1291,0.1291,46035,231,29.39,low,22:00,OP
1631,2025-03-09 23:00:00,2025,3,9,23,6,Sun,Mar,0.0971,0.1,46035,231,22.76,low,23:00,OP
1632,2025-03-10 00:00:00,2025,3,10,0,0,Weekday,Mar,0.1105,0.1105,46035,231,25.16,low,00:00,OP
1633,2025-03-10 01:00:00,2025,3,10,1,0,Weekday,Mar,0.1022,0.1022,46035,231,23.27,low,01:00,OP
1634,2025-03-10 02:00:00,2025,3,10,2,0,Weekday,Mar,0.1079,0.1079,46035,231,24.56,low,02:00,OP
1635,2025-03-10 03:00:00,2025,3,10,3,0,Weekday,Mar,0.1285,0.1285,46035,231,29.25,low,03:00,OP
1636,2025-03-10 04:00:00,2025,3,10,4,0,Weekday,Mar,0.1432,0.1432,46035,231,32.6,low,04:00,OP
1637,2025-03-10 05:00:00,2025,3,10,5,0,Weekday,Mar,0.157,0.157,46035,231,35.74,low,05:00,OP
1638,2025-03-10 06:00:00,2025,3,10,6,0,Weekday,Mar,0.289,0.289,46035,231,65.8,low,06:00,STD
1639,2025-03-10 07:00:00,2025,3,10,7,0,Weekday,Mar,0.046,0.1,46035,231,22.76,low,07:00,PK
1640,2025-03-10 08:00:00,2025,3,10,8,0,Weekday,Mar,0.3365,0.3365,46035,231,76.61,low,08:00,PK
1641,2025-03-10 09:00:00,2025,3,10,9,0,Weekday,Mar,0.6077,0.6077,46035,231,138.35,low,09:00,STD
1642,2025-03-10 10:00:00,2025,3,10,10,0,Weekday,Mar,0.5644,0.5644,46035,231,128.49,low,10:00,STD
1643,2025-03-10 11:00:00,2025,3,10,11,0,Weekday,Mar,0.5577,0.5577,46035,231,126.96,low,11:00,STD
1644,2025-03-10 12:00:00,2025,3,10,12,0,Weekday,Mar,0.5319,0.5319,46035,231,121.09,low,12:00,STD
1645,2025-03-10 13:00:00,2025,3,10,13,0,Weekday,Mar,0.5076,0.5076,46035,231,115.56,low,13:00,STD
1646,2025-03-10 14:00:00,2025,3,10,14,0,Weekday,Mar,0.4855,0.4855,46035,231,110.53,low,14:00,STD
1647,2025-03-10 15:00:00,2025,3,10,15,0,Weekday,Mar,0.4967,0.4967,46035,231,113.08,low,15:00,STD
1648,2025-03-10 16:00:00,2025,3,10,16,0,Weekday,Mar,0.5252,0.5252,46035,231,119.56,low,16:00,STD
1649,2025-03-10 17:00:00,2025,3,10,17,0,Weekday,Mar,0.2875,0.2875,46035,231,65.45,low,17:00,STD
1650,2025-03-10 18:00:00,2025,3,10,18,0,Weekday,Mar,0.0394,0.1,46035,231,22.76,low,18:00,PK
1651,2025-03-10 19:00:00,2025,3,10,19,0,Weekday,Mar,0.0369,0.1,46035,231,22.76,low,19:00,PK
1652,2025-03-10 20:00:00,2025,3,10,20,0,Weekday,Mar,0.2441,0.2441,46035,231,55.57,low,20:00,PK
1653,2025-03-10 21:00:00,2025,3,10,21,0,Weekday,Mar,0.4107,0.4107,46035,231,93.49,low,21:00,STD
1654,2025-03-10 22:00:00,2025,3,10,22,0,Weekday,Mar,0.1291,0.1291,46035,231,29.39,low,22:00,OP
1655,2025-03-10 23:00:00,2025,3,10,23,0,Weekday,Mar,0.0986,0.1,46035,231,22.76,low,23:00,OP
1656,2025-03-11 00:00:00,2025,3,11,0,1,Weekday,Mar,0.1105,0.1105,46035,231,25.16,low,00:00,OP
1657,2025-03-11 01:00:00,2025,3,11,1,1,Weekday,Mar,0.1022,0.1022,46035,231,23.27,low,01:00,OP
1658,2025-03-11 02:00:00,2025,3,11,2,1,Weekday,Mar,0.1079,0.1079,46035,231,24.56,low,02:00,OP
1659,2025-03-11 03:00:00,2025,3,11,3,1,Weekday,Mar,0.1285,0.1285,46035,231,29.25,low,03:00,OP
1660,2025-03-11 04:00:00,2025,3,11,4,1,Weekday,Mar,0.1432,0.1432,46035,231,32.6,low,04:00,OP
1661,2025-03-11 05:00:00,2025,3,11,5,1,Weekday,Mar,0.157,0.157,46035,231,35.74,low,05:00,OP
1662,2025-03-11 06:00:00,2025,3,11,6,1,Weekday,Mar,0.289,0.289,46035,231,65.8,low,06:00,STD
1663,2025-03-11 07:00:00,2025,3,11,7,1,Weekday,Mar,0.046,0.1,46035,231,22.76,low,07:00,PK
1664,2025-03-11 08:00:00,2025,3,11,8,1,Weekday,Mar,0.3365,0.3365,46035,231,76.61,low,08:00,PK
1665,2025-03-11 09:00:00,2025,3,11,9,1,Weekday,Mar,0.6077,0.6077,46035,231,138.35,low,09:00,STD
1666,2025-03-11 10:00:00,2025,3,11,10,1,Weekday,Mar,0.5644,0.5644,46035,231,128.49,low,10:00,STD
1667,2025-03-11 11:00:00,2025,3,11,11,1,Weekday,Mar,0.5577,0.5577,46035,231,126.96,low,11:00,STD
1668,2025-03-11 12:00:00,2025,3,11,12,1,Weekday,Mar,0.5319,0.5319,46035,231,121.09,low,12:00,STD
1669,2025-03-11 13:00:00,2025,3,11,13,1,Weekday,Mar,0.5076,0.5076,46035,231,115.56,low,13:00,STD
1670,2025-03-11 14:00:00,2025,3,11,14,1,Weekday,Mar,0.4855,0.4855,46035,231,110.53,low,14:00,STD
1671,2025-03-11 15:00:00,2025,3,11,15,1,Weekday,Mar,0.4967,0.4967,46035,231,113.08,low,15:00,STD
1672,2025-03-11 16:00:00,2025,3,11,16,1,Weekday,Mar,0.5252,0.5252,46035,231,119.56,low,16:00,STD
1673,2025-03-11 17:00:00,2025,3,11,17,1,Weekday,Mar,0.2875,0.2875,46035,231,65.45,low,17:00,STD
1674,2025-03-11 18:00:00,2025,3,11,18,1,Weekday,Mar,0.0394,0.1,46035,231,22.76,low,18:00,PK
1675,2025-03-11 19:00:00,2025,3,11,19,1,Weekday,Mar,0.0369,0.1,46035,231,22.76,low,19:00,PK
1676,2025-03-11 20:00:00,2025,3,11,20,1,Weekday,Mar,0.2441,0.2441,46035,231,55.57,low,20:00,PK
1677,2025-03-11 21:00:00,2025,3,11,21,1,Weekday,Mar,0.4107,0.4107,46035,231,93.49,low,21:00,STD
1678,2025-03-11 22:00:00,2025,3,11,22,1,Weekday,Mar,0.1291,0.1291,46035,231,29.39,low,22:00,OP
1679,2025-03-11 23:00:00,2025,3,11,23,1,Weekday,Mar,0.0986,0.1,46035,231,22.76,low,23:00,OP
1680,2025-03-12 00:00:00,2025,3,12,0,2,Weekday,Mar,0.1105,0.1105,46035,231,25.16,low,00:00,OP
1681,2025-03-12 01:00:00,2025,3,12,1,2,Weekday,Mar,0.1022,0.1022,46035,231,23.27,low,01:00,OP
1682,2025-03-12 02:00:00,2025,3,12,2,2,Weekday,Mar,0.1079,0.1079,46035,231,24.56,low,02:00,OP
1683,2025-03-12 03:00:00,2025,3,12,3,2,Weekday,Mar,0.1285,0.1285,46035,231,29.25,low,03:00,OP
1684,2025-03-12 04:00:00,2025,3,12,4,2,Weekday,Mar,0.1432,0.1432,46035,231,32.6,low,04:00,OP
1685,2025-03-12 05:00:00,2025,3,12,5,2,Weekday,Mar,0.157,0.157,46035,231,35.74,low,05:00,OP
1686,2025-03-12 06:00:00,2025,3,12,6,2,Weekday,Mar,0.289,0.289,46035,231,65.8,low,06:00,STD
1687,2025-03-12 07:00:00,2025,3,12,7,2,Weekday,Mar,0.046,0.1,46035,231,22.76,low,07:00,PK
1688,2025-03-12 08:00:00,2025,3,12,8,2,Weekday,Mar,0.3365,0.3365,46035,231,76.61,low,08:00,PK
1689,2025-03-12 09:00:00,2025,3,12,9,2,Weekday,Mar,0.6077,0.6077,46035,231,138.35,low,09:00,STD
1690,2025-03-12 10:00:00,2025,3,12,10,2,Weekday,Mar,0.5644,0.5644,46035,231,128.49,low,10:00,STD
1691,2025-03-12 11:00:00,2025,3,12,11,2,Weekday,Mar,0.5577,0.5577,46035,231,126.96,low,11:00,STD
1692,2025-03-12 12:00:00,2025,3,12,12,2,Weekday,Mar,0.5319,0.5319,46035,231,121.09,low,12:00,STD
1693,2025-03-12 13:00:00,2025,3,12,13,2,Weekday,Mar,0.5076,0.5076,46035,231,115.56,low,13:00,STD
1694,2025-03-12 14:00:00,2025,3,12,14,2,Weekday,Mar,0.4855,0.4855,46035,231,110.53,low,14:00,STD
1695,2025-03-12 15:00:00,2025,3,12,15,2,Weekday,Mar,0.4967,0.4967,46035,231,113.08,low,15:00,STD
1696,2025-03-12 16:00:00,2025,3,12,16,2,Weekday,Mar,0.5252,0.5252,46035,231,119.56,low,16:00,STD
1697,2025-03-12 17:00:00,2025,3,12,17,2,Weekday,Mar,0.2875,0.2875,46035,231,65.45,low,17:00,STD
1698,2025-03-12 18:00:00,2025,3,12,18,2,Weekday,Mar,0.0394,0.1,46035,231,22.76,low,18:00,PK
1699,2025-03-12 19:00:00,2025,3,12,19,2,Weekday,Mar,0.0369,0.1,46035,231,22.76,low,19:00,PK
1700,2025-03-12 20:00:00,2025,3,12,20,2,Weekday,Mar,0.2441,0.2441,46035,231,55.57,low,20:00,PK
1701,2025-03-12 21:00:00,2025,3,12,21,2,Weekday,Mar,0.4107,0.4107,46035,231,93.49,low,21:00,STD
1702,2025-03-12 22:00:00,2025,3,12,22,2,Weekday,Mar,0.1291,0.1291,46035,231,29.39,low,22:00,OP
1703,2025-03-12 23:00:00,2025,3,12,23,2,Weekday,Mar,0.0986,0.1,46035,231,22.76,low,23:00,OP
1704,2025-03-13 00:00:00,2025,3,13,0,3,Weekday,Mar,0.1105,0.1105,46035,231,25.16,low,00:00,OP
1705,2025-03-13 01:00:00,2025,3,13,1,3,Weekday,Mar,0.1022,0.1022,46035,231,23.27,low,01:00,OP
1706,2025-03-13 02:00:00,2025,3,13,2,3,Weekday,Mar,0.1079,0.1079,46035,231,24.56,low,02:00,OP
1707,2025-03-13 03:00:00,2025,3,13,3,3,Weekday,Mar,0.1285,0.1285,46035,231,29.25,low,03:00,OP
1708,2025-03-13 04:00:00,2025,3,13,4,3,Weekday,Mar,0.1432,0.1432,46035,231,32.6,low,04:00,OP
1709,2025-03-13 05:00:00,2025,3,13,5,3,Weekday,Mar,0.157,0.157,46035,231,35.74,low,05:00,OP
1710,2025-03-13 06:00:00,2025,3,13,6,3,Weekday,Mar,0.289,0.289,46035,231,65.8,low,06:00,STD
1711,2025-03-13 07:00:00,2025,3,13,7,3,Weekday,Mar,0.046,0.1,46035,231,22.76,low,07:00,PK
1712,2025-03-13 08:00:00,2025,3,13,8,3,Weekday,Mar,0.3365,0.3365,46035,231,76.61,low,08:00,PK
1713,2025-03-13 09:00:00,2025,3,13,9,3,Weekday,Mar,0.6077,0.6077,46035,231,138.35,low,09:00,STD
1714,2025-03-13 10:00:00,2025,3,13,10,3,Weekday,Mar,0.5644,0.5644,46035,231,128.49,low,10:00,STD
1715,2025-03-13 11:00:00,2025,3,13,11,3,Weekday,Mar,0.5577,0.5577,46035,231,126.96,low,11:00,STD
1716,2025-03-13 12:00:00,2025,3,13,12,3,Weekday,Mar,0.5319,0.5319,46035,231,121.09,low,12:00,STD
1717,2025-03-13 13:00:00,2025,3,13,13,3,Weekday,Mar,0.5076,0.5076,46035,231,115.56,low,13:00,STD
1718,2025-03-13 14:00:00,2025,3,13,14,3,Weekday,Mar,0.4855,0.4855,46035,231,110.53,low,14:00,STD
1719,2025-03-13 15:00:00,2025,3,13,15,3,Weekday,Mar,0.4967,0.4967,46035,231,113.08,low,15:00,STD
1720,2025-03-13 16:00:00,2025,3,13,16,3,Weekday,Mar,0.5252,0.5252,46035,231,119.56,low,16:00,STD
1721,2025-03-13 17:00:00,2025,3,13,17,3,Weekday,Mar,0.2875,0.2875,46035,231,65.45,low,17:00,STD
1722,2025-03-13 18:00:00,2025,3,13,18,3,Weekday,Mar,0.0394,0.1,46035,231,22.76,low,18:00,PK
1723,2025-03-13 19:00:00,2025,3,13,19,3,Weekday,Mar,0.0369,0.1,46035,231,22.76,low,19:00,PK
1724,2025-03-13 20:00:00,2025,3,13,20,3,Weekday,Mar,0.2441,0.2441,46035,231,55.57,low,20:00,PK
1725,2025-03-13 21:00:00,2025,3,13,21,3,Weekday,Mar,0.4107,0.4107,46035,231,93.49,low,21:00,STD
1726,2025-03-13 22:00:00,2025,3,13,22,3,Weekday,Mar,0.1291,0.1291,46035,231,29.39,low,22:00,OP
1727,2025-03-13 23:00:00,2025,3,13,23,3,Weekday,Mar,0.0986,0.1,46035,231,22.76,low,23:00,OP
1728,2025-03-14 00:00:00,2025,3,14,0,4,Weekday,Mar,0.1105,0.1105,46035,231,25.16,low,00:00,OP
1729,2025-03-14 01:00:00,2025,3,14,1,4,Weekday,Mar,0.1022,0.1022,46035,231,23.27,low,01:00,OP
1730,2025-03-14 02:00:00,2025,3,14,2,4,Weekday,Mar,0.1079,0.1079,46035,231,24.56,low,02:00,OP
1731,2025-03-14 03:00:00,2025,3,14,3,4,Weekday,Mar,0.1285,0.1285,46035,231,29.25,low,03:00,OP
1732,2025-03-14 04:00:00,2025,3,14,4,4,Weekday,Mar,0.1432,0.1432,46035,231,32.6,low,04:00,OP
1733,2025-03-14 05:00:00,2025,3,14,5,4,Weekday,Mar,0.157,0.157,46035,231,35.74,low,05:00,OP
1734,2025-03-14 06:00:00,2025,3,14,6,4,Weekday,Mar,0.289,0.289,46035,231,65.8,low,06:00,STD
1735,2025-03-14 07:00:00,2025,3,14,7,4,Weekday,Mar,0.046,0.1,46035,231,22.76,low,07:00,PK
1736,2025-03-14 08:00:00,2025,3,14,8,4,Weekday,Mar,0.3365,0.3365,46035,231,76.61,low,08:00,PK
1737,2025-03-14 09:00:00,2025,3,14,9,4,Weekday,Mar,0.6077,0.6077,46035,231,138.35,low,09:00,STD
1738,2025-03-14 10:00:00,2025,3,14,10,4,Weekday,Mar,0.5644,0.5644,46035,231,128.49,low,10:00,STD
1739,2025-03-14 11:00:00,2025,3,14,11,4,Weekday,Mar,0.5577,0.5577,46035,231,126.96,low,11:00,STD
1740,2025-03-14 12:00:00,2025,3,14,12,4,Weekday,Mar,0.5319,0.5319,46035,231,121.09,low,12:00,STD
1741,2025-03-14 13:00:00,2025,3,14,13,4,Weekday,Mar,0.5076,0.5076,46035,231,115.56,low,13:00,STD
1742,2025-03-14 14:00:00,2025,3,14,14,4,Weekday,Mar,0.4855,0.4855,46035,231,110.53,low,14:00,STD
1743,2025-03-14 15:00:00,2025,3,14,15,4,Weekday,Mar,0.4967,0.4967,46035,231,113.08,low,15:00,STD
1744,2025-03-14 16:00:00,2025,3,14,16,4,Weekday,Mar,0.5252,0.5252,46035,231,119.56,low,16:00,STD
1745,2025-03-14 17:00:00,2025,3,14,17,4,Weekday,Mar,0.2875,0.2875,46035,231,65.45,low,17:00,STD
1746,2025-03-14 18:00:00,2025,3,14,18,4,Weekday,Mar,0.0394,0.1,46035,231,22.76,low,18:00,PK
1747,2025-03-14 19:00:00,2025,3,14,19,4,Weekday,Mar,0.0369,0.1,46035,231,22.76,low,19:00,PK
1748,2025-03-14 20:00:00,2025,3,14,20,4,Weekday,Mar,0.2441,0.2441,46035,231,55.57,low,20:00,PK
1749,2025-03-14 21:00:00,2025,3,14,21,4,Weekday,Mar,0.4107,0.4107,46035,231,93.49,low,21:00,STD
1750,2025-03-14 22:00:00,2025,3,14,22,4,Weekday,Mar,0.1291,0.1291,46035,231,29.39,low,22:00,OP
1751,2025-03-14 23:00:00,2025,3,14,23,4,Weekday,Mar,0.0986,0.1,46035,231,22.76,low,23:00,OP
1752,2025-03-15 00:00:00,2025,3,15,0,5,Sat,Mar,0.11,0.11,46035,231,25.04,low,00:00,OP
1753,2025-03-15 01:00:00,2025,3,15,1,5,Sat,Mar,0.1034,0.1034,46035,231,23.54,low,01:00,OP
1754,2025-03-15 02:00:00,2025,3,15,2,5,Sat,Mar,0.1073,0.1073,46035,231,24.43,low,02:00,OP
1755,2025-03-15 03:00:00,2025,3,15,3,5,Sat,Mar,0.1261,0.1261,46035,231,28.71,low,03:00,OP
1756,2025-03-15 04:00:00,2025,3,15,4,5,Sat,Mar,0.1426,0.1426,46035,231,32.46,low,04:00,OP
1757,2025-03-15 05:00:00,2025,3,15,5,5,Sat,Mar,0.1505,0.1505,46035,231,34.27,low,05:00,OP
1758,2025-03-15 06:00:00,2025,3,15,6,5,Sat,Mar,0.1655,0.1655,46035,231,37.68,low,06:00,OP
1759,2025-03-15 07:00:00,2025,3,15,7,5,Sat,Mar,0.3932,0.3932,46035,231,89.51,low,07:00,STD
1760,2025-03-15 08:00:00,2025,3,15,8,5,Sat,Mar,0.379,0.379,46035,231,86.28,low,08:00,STD
1761,2025-03-15 09:00:00,2025,3,15,9,5,Sat,Mar,0.3775,0.3775,46035,231,85.94,low,09:00,STD
1762,2025-03-15 10:00:00,2025,3,15,10,5,Sat,Mar,0.3608,0.3608,46035,231,82.13,low,10:00,STD
1763,2025-03-15 11:00:00,2025,3,15,11,5,Sat,Mar,0.3558,0.3558,46035,231,81.0,low,11:00,STD
1764,2025-03-15 12:00:00,2025,3,15,12,5,Sat,Mar,0.1722,0.1722,46035,231,39.2,low,12:00,OP
1765,2025-03-15 13:00:00,2025,3,15,13,5,Sat,Mar,0.1653,0.1653,46035,231,37.63,low,13:00,OP
1766,2025-03-15 14:00:00,2025,3,15,14,5,Sat,Mar,0.1541,0.1541,46035,231,35.08,low,14:00,OP
1767,2025-03-15 15:00:00,2025,3,15,15,5,Sat,Mar,0.1547,0.1547,46035,231,35.22,low,15:00,OP
1768,2025-03-15 16:00:00,2025,3,15,16,5,Sat,Mar,0.1634,0.1634,46035,231,37.2,low,16:00,OP
1769,2025-03-15 17:00:00,2025,3,15,17,5,Sat,Mar,0.3292,0.3292,46035,231,74.95,low,17:00,OP
1770,2025-03-15 18:00:00,2025,3,15,18,5,Sat,Mar,0.521,0.521,46035,231,118.61,low,18:00,STD
1771,2025-03-15 19:00:00,2025,3,15,19,5,Sat,Mar,0.3252,0.3252,46035,231,74.03,low,19:00,STD
1772,2025-03-15 20:00:00,2025,3,15,20,5,Sat,Mar,0.1437,0.1437,46035,231,32.71,low,20:00,OP
1773,2025-03-15 21:00:00,2025,3,15,21,5,Sat,Mar,0.1337,0.1337,46035,231,30.43,low,21:00,OP
1774,2025-03-15 22:00:00,2025,3,15,22,5,Sat,Mar,0.1291,0.1291,46035,231,29.39,low,22:00,OP
1775,2025-03-15 23:00:00,2025,3,15,23,5,Sat,Mar,0.0971,0.1,46035,231,22.76,low,23:00,OP
1776,2025-03-16 00:00:00,2025,3,16,0,6,Sun,Mar,0.11,0.11,46035,231,25.04,low,00:00,OP
1777,2025-03-16 01:00:00,2025,3,16,1,6,Sun,Mar,0.1034,0.1034,46035,231,23.54,low,01:00,OP
1778,2025-03-16 02:00:00,2025,3,16,2,6,Sun,Mar,0.1073,0.1073,46035,231,24.43,low,02:00,OP
1779,2025-03-16 03:00:00,2025,3,16,3,6,Sun,Mar,0.1261,0.1261,46035,231,28.71,low,03:00,OP
1780,2025-03-16 04:00:00,2025,3,16,4,6,Sun,Mar,0.1426,0.1426,46035,231,32.46,low,04:00,OP
1781,2025-03-16 05:00:00,2025,3,16,5,6,Sun,Mar,0.1505,0.1505,46035,231,34.27,low,05:00,OP
1782,2025-03-16 06:00:00,2025,3,16,6,6,Sun,Mar,0.1655,0.1655,46035,231,37.68,low,06:00,OP
1783,2025-03-16 07:00:00,2025,3,16,7,6,Sun,Mar,0.3932,0.3932,46035,231,89.51,low,07:00,OP
1784,2025-03-16 08:00:00,2025,3,16,8,6,Sun,Mar,0.379,0.379,46035,231,86.28,low,08:00,OP
1785,2025-03-16 09:00:00,2025,3,16,9,6,Sun,Mar,0.3775,0.3775,46035,231,85.94,low,09:00,OP
1786,2025-03-16 10:00:00,2025,3,16,10,6,Sun,Mar,0.3608,0.3608,46035,231,82.13,low,10:00,OP
1787,2025-03-16 11:00:00,2025,3,16,11,6,Sun,Mar,0.3558,0.3558,46035,231,81.0,low,11:00,OP
1788,2025-03-16 12:00:00,2025,3,16,12,6,Sun,Mar,0.1722,0.1722,46035,231,39.2,low,12:00,OP
1789,2025-03-16 13:00:00,2025,3,16,13,6,Sun,Mar,0.1653,0.1653,46035,231,37.63,low,13:00,OP
1790,2025-03-16 14:00:00,2025,3,16,14,6,Sun,Mar,0.1541,0.1541,46035,231,35.08,low,14:00,OP
1791,2025-03-16 15:00:00,2025,3,16,15,6,Sun,Mar,0.1547,0.1547,46035,231,35.22,low,15:00,OP
1792,2025-03-16 16:00:00,2025,3,16,16,6,Sun,Mar,0.1634,0.1634,46035,231,37.2,low,16:00,OP
1793,2025-03-16 17:00:00,2025,3,16,17,6,Sun,Mar,0.3292,0.3292,46035,231,74.95,low,17:00,OP
1794,2025-03-16 18:00:00,2025,3,16,18,6,Sun,Mar,0.521,0.521,46035,231,118.61,low,18:00,STD
1795,2025-03-16 19:00:00,2025,3,16,19,6,Sun,Mar,0.3252,0.3252,46035,231,74.03,low,19:00,STD
1796,2025-03-16 20:00:00,2025,3,16,20,6,Sun,Mar,0.1437,0.1437,46035,231,32.71,low,20:00,OP
1797,2025-03-16 21:00:00,2025,3,16,21,6,Sun,Mar,0.1337,0.1337,46035,231,30.43,low,21:00,OP
1798,2025-03-16 22:00:00,2025,3,16,22,6,Sun,Mar,0.1291,0.1291,46035,231,29.39,low,22:00,OP
1799,2025-03-16 23:00:00,2025,3,16,23,6,Sun,Mar,0.0971,0.1,46035,231,22.76,low,23:00,OP
1800,2025-03-17 00:00:00,2025,3,17,0,0,Weekday,Mar,0.1105,0.1105,46035,231,25.16,low,00:00,OP
1801,2025-03-17 01:00:00,2025,3,17,1,0,Weekday,Mar,0.1022,0.1022,46035,231,23.27,low,01:00,OP
1802,2025-03-17 02:00:00,2025,3,17,2,0,Weekday,Mar,0.1079,0.1079,46035,231,24.56,low,02:00,OP
1803,2025-03-17 03:00:00,2025,3,17,3,0,Weekday,Mar,0.1285,0.1285,46035,231,29.25,low,03:00,OP
1804,2025-03-17 04:00:00,2025,3,17,4,0,Weekday,Mar,0.1432,0.1432,46035,231,32.6,low,04:00,OP
1805,2025-03-17 05:00:00,2025,3,17,5,0,Weekday,Mar,0.157,0.157,46035,231,35.74,low,05:00,OP
1806,2025-03-17 06:00:00,2025,3,17,6,0,Weekday,Mar,0.289,0.289,46035,231,65.8,low,06:00,STD
1807,2025-03-17 07:00:00,2025,3,17,7,0,Weekday,Mar,0.046,0.1,46035,231,22.76,low,07:00,PK
1808,2025-03-17 08:00:00,2025,3,17,8,0,Weekday,Mar,0.3365,0.3365,46035,231,76.61,low,08:00,PK
1809,2025-03-17 09:00:00,2025,3,17,9,0,Weekday,Mar,0.6077,0.6077,46035,231,138.35,low,09:00,STD
1810,2025-03-17 10:00:00,2025,3,17,10,0,Weekday,Mar,0.5644,0.5644,46035,231,128.49,low,10:00,STD
1811,2025-03-17 11:00:00,2025,3,17,11,0,Weekday,Mar,0.5577,0.5577,46035,231,126.96,low,11:00,STD
1812,2025-03-17 12:00:00,2025,3,17,12,0,Weekday,Mar,0.5319,0.5319,46035,231,121.09,low,12:00,STD
1813,2025-03-17 13:00:00,2025,3,17,13,0,Weekday,Mar,0.5076,0.5076,46035,231,115.56,low,13:00,STD
1814,2025-03-17 14:00:00,2025,3,17,14,0,Weekday,Mar,0.4855,0.4855,46035,231,110.53,low,14:00,STD
1815,2025-03-17 15:00:00,2025,3,17,15,0,Weekday,Mar,0.4967,0.4967,46035,231,113.08,low,15:00,STD
1816,2025-03-17 16:00:00,2025,3,17,16,0,Weekday,Mar,0.5252,0.5252,46035,231,119.56,low,16:00,STD
1817,2025-03-17 17:00:00,2025,3,17,17,0,Weekday,Mar,0.2875,0.2875,46035,231,65.45,low,17:00,STD
1818,2025-03-17 18:00:00,2025,3,17,18,0,Weekday,Mar,0.0394,0.1,46035,231,22.76,low,18:00,PK
1819,2025-03-17 19:00:00,2025,3,17,19,0,Weekday,Mar,0.0369,0.1,46035,231,22.76,low,19:00,PK
1820,2025-03-17 20:00:00,2025,3,17,20,0,Weekday,Mar,0.2441,0.2441,46035,231,55.57,low,20:00,PK
1821,2025-03-17 21:00:00,2025,3,17,21,0,Weekday,Mar,0.4107,0.4107,46035,231,93.49,low,21:00,STD
1822,2025-03-17 22:00:00,2025,3,17,22,0,Weekday,Mar,0.1291,0.1291,46035,231,29.39,low,22:00,OP
1823,2025-03-17 23:00:00,2025,3,17,23,0,Weekday,Mar,0.0986,0.1,46035,231,22.76,low,23:00,OP
1824,2025-03-18 00:00:00,2025,3,18,0,1,Weekday,Mar,0.1105,0.1105,46035,231,25.16,low,00:00,OP
1825,2025-03-18 01:00:00,2025,3,18,1,1,Weekday,Mar,0.1022,0.1022,46035,231,23.27,low,01:00,OP
1826,2025-03-18 02:00:00,2025,3,18,2,1,Weekday,Mar,0.1079,0.1079,46035,231,24.56,low,02:00,OP
1827,2025-03-18 03:00:00,2025,3,18,3,1,Weekday,Mar,0.1285,0.1285,46035,231,29.25,low,03:00,OP
1828,2025-03-18 04:00:00,2025,3,18,4,1,Weekday,Mar,0.1432,0.1432,46035,231,32.6,low,04:00,OP
1829,2025-03-18 05:00:00,2025,3,18,5,1,Weekday,Mar,0.157,0.157,46035,231,35.74,low,05:00,OP
1830,2025-03-18 06:00:00,2025,3,18,6,1,Weekday,Mar,0.289,0.289,46035,231,65.8,low,06:00,STD
1831,2025-03-18 07:00:00,2025,3,18,7,1,Weekday,Mar,0.046,0.1,46035,231,22.76,low,07:00,PK
1832,2025-03-18 08:00:00,2025,3,18,8,1,Weekday,Mar,0.3365,0.3365,46035,231,76.61,low,08:00,PK
1833,2025-03-18 09:00:00,2025,3,18,9,1,Weekday,Mar,0.6077,0.6077,46035,231,138.35,low,09:00,STD
1834,2025-03-18 10:00:00,2025,3,18,10,1,Weekday,Mar,0.5644,0.5644,46035,231,128.49,low,10:00,STD
1835,2025-03-18 11:00:00,2025,3,18,11,1,Weekday,Mar,0.5577,0.5577,46035,231,126.96,low,11:00,STD
1836,2025-03-18 12:00:00,2025,3,18,12,1,Weekday,Mar,0.5319,0.5319,46035,231,121.09,low,12:00,STD
1837,2025-03-18 13:00:00,2025,3,18,13,1,Weekday,Mar,0.5076,0.5076,46035,231,115.56,low,13:00,STD
1838,2025-03-18 14:00:00,2025,3,18,14,1,Weekday,Mar,0.4855,0.4855,46035,231,110.53,low,14:00,STD
1839,2025-03-18 15:00:00,2025,3,18,15,1,Weekday,Mar,0.4967,0.4967,46035,231,113.08,low,15:00,STD
1840,2025-03-18 16:00:00,2025,3,18,16,1,Weekday,Mar,0.5252,0.5252,46035,231,119.56,low,16:00,STD
1841,2025-03-18 17:00:00,2025,3,18,17,1,Weekday,Mar,0.2875,0.2875,46035,231,65.45,low,17:00,STD
1842,2025-03-18 18:00:00,2025,3,18,18,1,Weekday,Mar,0.0394,0.1,46035,231,22.76,low,18:00,PK
1843,2025-03-18 19:00:00,2025,3,18,19,1,Weekday,Mar,0.0369,0.1,46035,231,22.76,low,19:00,PK
1844,2025-03-18 20:00:00,2025,3,18,20,1,Weekday,Mar,0.2441,0.2441,46035,231,55.57,low,20:00,PK
1845,2025-03-18 21:00:00,2025,3,18,21,1,Weekday,Mar,0.4107,0.4107,46035,231,93.49,low,21:00,STD
1846,2025-03-18 22:00:00,2025,3,18,22,1,Weekday,Mar,0.1291,0.1291,46035,231,29.39,low,22:00,OP
1847,2025-03-18 23:00:00,2025,3,18,23,1,Weekday,Mar,0.0986,0.1,46035,231,22.76,low,23:00,OP
1848,2025-03-19 00:00:00,2025,3,19,0,2,Weekday,Mar,0.1105,0.1105,46035,231,25.16,low,00:00,OP
1849,2025-03-19 01:00:00,2025,3,19,1,2,Weekday,Mar,0.1022,0.1022,46035,231,23.27,low,01:00,OP
1850,2025-03-19 02:00:00,2025,3,19,2,2,Weekday,Mar,0.1079,0.1079,46035,231,24.56,low,02:00,OP
1851,2025-03-19 03:00:00,2025,3,19,3,2,Weekday,Mar,0.1285,0.1285,46035,231,29.25,low,03:00,OP
1852,2025-03-19 04:00:00,2025,3,19,4,2,Weekday,Mar,0.1432,0.1432,46035,231,32.6,low,04:00,OP
1853,2025-03-19 05:00:00,2025,3,19,5,2,Weekday,Mar,0.157,0.157,46035,231,35.74,low,05:00,OP
1854,2025-03-19 06:00:00,2025,3,19,6,2,Weekday,Mar,0.289,0.289,46035,231,65.8,low,06:00,STD
1855,2025-03-19 07:00:00,2025,3,19,7,2,Weekday,Mar,0.046,0.1,46035,231,22.76,low,07:00,PK
1856,2025-03-19 08:00:00,2025,3,19,8,2,Weekday,Mar,0.3365,0.3365,46035,231,76.61,low,08:00,PK
1857,2025-03-19 09:00:00,2025,3,19,9,2,Weekday,Mar,0.6077,0.6077,46035,231,138.35,low,09:00,STD
1858,2025-03-19 10:00:00,2025,3,19,10,2,Weekday,Mar,0.5644,0.5644,46035,231,128.49,low,10:00,STD
1859,2025-03-19 11:00:00,2025,3,19,11,2,Weekday,Mar,0.5577,0.5577,46035,231,126.96,low,11:00,STD
1860,2025-03-19 12:00:00,2025,3,19,12,2,Weekday,Mar,0.5319,0.5319,46035,231,121.09,low,12:00,STD
1861,2025-03-19 13:00:00,2025,3,19,13,2,Weekday,Mar,0.5076,0.5076,46035,231,115.56,low,13:00,STD
1862,2025-03-19 14:00:00,2025,3,19,14,2,Weekday,Mar,0.4855,0.4855,46035,231,110.53,low,14:00,STD
1863,2025-03-19 15:00:00,2025,3,19,15,2,Weekday,Mar,0.4967,0.4967,46035,231,113.08,low,15:00,STD
1864,2025-03-19 16:00:00,2025,3,19,16,2,Weekday,Mar,0.5252,0.5252,46035,231,119.56,low,16:00,STD
1865,2025-03-19 17:00:00,2025,3,19,17,2,Weekday,Mar,0.2875,0.2875,46035,231,65.45,low,17:00,STD
1866,2025-03-19 18:00:00,2025,3,19,18,2,Weekday,Mar,0.0394,0.1,46035,231,22.76,low,18:00,PK
1867,2025-03-19 19:00:00,2025,3,19,19,2,Weekday,Mar,0.0369,0.1,46035,231,22.76,low,19:00,PK
1868,2025-03-19 20:00:00,2025,3,19,20,2,Weekday,Mar,0.2441,0.2441,46035,231,55.57,low,20:00,PK
1869,2025-03-19 21:00:00,2025,3,19,21,2,Weekday,Mar,0.4107,0.4107,46035,231,93.49,low,21:00,STD
1870,2025-03-19 22:00:00,2025,3,19,22,2,Weekday,Mar,0.1291,0.1291,46035,231,29.39,low,22:00,OP
1871,2025-03-19 23:00:00,2025,3,19,23,2,Weekday,Mar,0.0986,0.1,46035,231,22.76,low,23:00,OP
1872,2025-03-20 00:00:00,2025,3,20,0,3,Weekday,Mar,0.1105,0.1105,46035,231,25.16,low,00:00,OP
1873,2025-03-20 01:00:00,2025,3,20,1,3,Weekday,Mar,0.1022,0.1022,46035,231,23.27,low,01:00,OP
1874,2025-03-20 02:00:00,2025,3,20,2,3,Weekday,Mar,0.1079,0.1079,46035,231,24.56,low,02:00,OP
1875,2025-03-20 03:00:00,2025,3,20,3,3,Weekday,Mar,0.1285,0.1285,46035,231,29.25,low,03:00,OP
1876,2025-03-20 04:00:00,2025,3,20,4,3,Weekday,Mar,0.1432,0.1432,46035,231,32.6,low,04:00,OP
1877,2025-03-20 05:00:00,2025,3,20,5,3,Weekday,Mar,0.157,0.157,46035,231,35.74,low,05:00,OP
1878,2025-03-20 06:00:00,2025,3,20,6,3,Weekday,Mar,0.289,0.289,46035,231,65.8,low,06:00,STD
1879,2025-03-20 07:00:00,2025,3,20,7,3,Weekday,Mar,0.046,0.1,46035,231,22.76,low,07:00,PK
1880,2025-03-20 08:00:00,2025,3,20,8,3,Weekday,Mar,0.3365,0.3365,46035,231,76.61,low,08:00,PK
1881,2025-03-20 09:00:00,2025,3,20,9,3,Weekday,Mar,0.6077,0.6077,46035,231,138.35,low,09:00,STD
1882,2025-03-20 10:00:00,2025,3,20,10,3,Weekday,Mar,0.5644,0.5644,46035,231,128.49,low,10:00,STD
1883,2025-03-20 11:00:00,2025,3,20,11,3,Weekday,Mar,0.5577,0.5577,46035,231,126.96,low,11:00,STD
1884,2025-03-20 12:00:00,2025,3,20,12,3,Weekday,Mar,0.5319,0.5319,46035,231,121.09,low,12:00,STD
1885,2025-03-20 13:00:00,2025,3,20,13,3,Weekday,Mar,0.5076,0.5076,46035,231,115.56,low,13:00,STD
1886,2025-03-20 14:00:00,2025,3,20,14,3,Weekday,Mar,0.4855,0.4855,46035,231,110.53,low,14:00,STD
1887,2025-03-20 15:00:00,2025,3,20,15,3,Weekday,Mar,0.4967,0.4967,46035,231,113.08,low,15:00,STD
1888,2025-03-20 16:00:00,2025,3,20,16,3,Weekday,Mar,0.5252,0.5252,46035,231,119.56,low,16:00,STD
1889,2025-03-20 17:00:00,2025,3,20,17,3,Weekday,Mar,0.2875,0.2875,46035,231,65.45,low,17:00,STD
1890,2025-03-20 18:00:00,2025,3,20,18,3,Weekday,Mar,0.0394,0.1,46035,231,22.76,low,18:00,PK
1891,2025-03-20 19:00:00,2025,3,20,19,3,Weekday,Mar,0.0369,0.1,46035,231,22.76,low,19:00,PK
1892,2025-03-20 20:00:00,2025,3,20,20,3,Weekday,Mar,0.2441,0.2441,46035,231,55.57,low,20:00,PK
1893,2025-03-20 21:00:00,2025,3,20,21,3,Weekday,Mar,0.4107,0.4107,46035,231,93.49,low,21:00,STD
1894,2025-03-20 22:00:00,2025,3,20,22,3,Weekday,Mar,0.1291,0.1291,46035,231,29.39,low,22:00,OP
1895,2025-03-20 23:00:00,2025,3,20,23,3,Weekday,Mar,0.0986,0.1,46035,231,22.76,low,23:00,OP
1896,2025-03-21 00:00:00,2025,3,21,0,4,Weekday,Mar,0.1105,0.1105,46035,231,25.16,low,00:00,OP
1897,2025-03-21 01:00:00,2025,3,21,1,4,Weekday,Mar,0.1022,0.1022,46035,231,23.27,low,01:00,OP
1898,2025-03-21 02:00:00,2025,3,21,2,4,Weekday,Mar,0.1079,0.1079,46035,231,24.56,low,02:00,OP
1899,2025-03-21 03:00:00,2025,3,21,3,4,Weekday,Mar,0.1285,0.1285,46035,231,29.25,low,03:00,OP
1900,2025-03-21 04:00:00,2025,3,21,4,4,Weekday,Mar,0.1432,0.1432,46035,231,32.6,low,04:00,OP
1901,2025-03-21 05:00:00,2025,3,21,5,4,Weekday,Mar,0.157,0.157,46035,231,35.74,low,05:00,OP
1902,2025-03-21 06:00:00,2025,3,21,6,4,Weekday,Mar,0.289,0.289,46035,231,65.8,low,06:00,STD
1903,2025-03-21 07:00:00,2025,3,21,7,4,Weekday,Mar,0.046,0.1,46035,231,22.76,low,07:00,PK
1904,2025-03-21 08:00:00,2025,3,21,8,4,Weekday,Mar,0.3365,0.3365,46035,231,76.61,low,08:00,PK
1905,2025-03-21 09:00:00,2025,3,21,9,4,Weekday,Mar,0.6077,0.6077,46035,231,138.35,low,09:00,STD
1906,2025-03-21 10:00:00,2025,3,21,10,4,Weekday,Mar,0.5644,0.5644,46035,231,128.49,low,10:00,STD
1907,2025-03-21 11:00:00,2025,3,21,11,4,Weekday,Mar,0.5577,0.5577,46035,231,126.96,low,11:00,STD
1908,2025-03-21 12:00:00,2025,3,21,12,4,Weekday,Mar,0.5319,0.5319,46035,231,121.09,low,12:00,STD
1909,2025-03-21 13:00:00,2025,3,21,13,4,Weekday,Mar,0.5076,0.5076,46035,231,115.56,low,13:00,STD
1910,2025-03-21 14:00:00,2025,3,21,14,4,Weekday,Mar,0.4855,0.4855,46035,231,110.53,low,14:00,STD
1911,2025-03-21 15:00:00,2025,3,21,15,4,Weekday,Mar,0.4967,0.4967,46035,231,113.08,low,15:00,STD
1912,2025-03-21 16:00:00,2025,3,21,16,4,Weekday,Mar,0.5252,0.5252,46035,231,119.56,low,16:00,STD
1913,2025-03-21 17:00:00,2025,3,21,17,4,Weekday,Mar,0.2875,0.2875,46035,231,65.45,low,17:00,STD
1914,2025-03-21 18:00:00,2025,3,21,18,4,Weekday,Mar,0.0394,0.1,46035,231,22.76,low,18:00,PK
1915,2025-03-21 19:00:00,2025,3,21,19,4,Weekday,Mar,0.0369,0.1,46035,231,22.76,low,19:00,PK
1916,2025-03-21 20:00:00,2025,3,21,20,4,Weekday,Mar,0.2441,0.2441,46035,231,55.57,low,20:00,PK
1917,2025-03-21 21:00:00,2025,3,21,21,4,Weekday,Mar,0.4107,0.4107,46035,231,93.49,low,21:00,STD
1918,2025-03-21 22:00:00,2025,3,21,22,4,Weekday,Mar,0.1291,0.1291,46035,231,29.39,low,22:00,OP
1919,2025-03-21 23:00:00,2025,3,21,23,4,Weekday,Mar,0.0986,0.1,46035,231,22.76,low,23:00,OP
1920,2025-03-22 00:00:00,2025,3,22,0,5,Sat,Mar,0.11,0.11,46035,231,25.04,low,00:00,OP
1921,2025-03-22 01:00:00,2025,3,22,1,5,Sat,Mar,0.1034,0.1034,46035,231,23.54,low,01:00,OP
1922,2025-03-22 02:00:00,2025,3,22,2,5,Sat,Mar,0.1073,0.1073,46035,231,24.43,low,02:00,OP
1923,2025-03-22 03:00:00,2025,3,22,3,5,Sat,Mar,0.1261,0.1261,46035,231,28.71,low,03:00,OP
1924,2025-03-22 04:00:00,2025,3,22,4,5,Sat,Mar,0.1426,0.1426,46035,231,32.46,low,04:00,OP
1925,2025-03-22 05:00:00,2025,3,22,5,5,Sat,Mar,0.1505,0.1505,46035,231,34.27,low,05:00,OP
1926,2025-03-22 06:00:00,2025,3,22,6,5,Sat,Mar,0.1655,0.1655,46035,231,37.68,low,06:00,OP
1927,2025-03-22 07:00:00,2025,3,22,7,5,Sat,Mar,0.3932,0.3932,46035,231,89.51,low,07:00,STD
1928,2025-03-22 08:00:00,2025,3,22,8,5,Sat,Mar,0.379,0.379,46035,231,86.28,low,08:00,STD
1929,2025-03-22 09:00:00,2025,3,22,9,5,Sat,Mar,0.3775,0.3775,46035,231,85.94,low,09:00,STD
1930,2025-03-22 10:00:00,2025,3,22,10,5,Sat,Mar,0.3608,0.3608,46035,231,82.13,low,10:00,STD
1931,2025-03-22 11:00:00,2025,3,22,11,5,Sat,Mar,0.3558,0.3558,46035,231,81.0,low,11:00,STD
1932,2025-03-22 12:00:00,2025,3,22,12,5,Sat,Mar,0.1722,0.1722,46035,231,39.2,low,12:00,OP
1933,2025-03-22 13:00:00,2025,3,22,13,5,Sat,Mar,0.1653,0.1653,46035,231,37.63,low,13:00,OP
1934,2025-03-22 14:00:00,2025,3,22,14,5,Sat,Mar,0.1541,0.1541,46035,231,35.08,low,14:00,OP
1935,2025-03-22 15:00:00,2025,3,22,15,5,Sat,Mar,0.1547,0.1547,46035,231,35.22,low,15:00,OP
1936,2025-03-22 16:00:00,2025,3,22,16,5,Sat,Mar,0.1634,0.1634,46035,231,37.2,low,16:00,OP
1937,2025-03-22 17:00:00,2025,3,22,17,5,Sat,Mar,0.3292,0.3292,46035,231,74.95,low,17:00,OP
1938,2025-03-22 18:00:00,2025,3,22,18,5,Sat,Mar,0.521,0.521,46035,231,118.61,low,18:00,STD
1939,2025-03-22 19:00:00,2025,3,22,19,5,Sat,Mar,0.3252,0.3252,46035,231,74.03,low,19:00,STD
1940,2025-03-22 20:00:00,2025,3,22,20,5,Sat,Mar,0.1437,0.1437,46035,231,32.71,low,20:00,OP
1941,2025-03-22 21:00:00,2025,3,22,21,5,Sat,Mar,0.1337,0.1337,46035,231,30.43,low,21:00,OP
1942,2025-03-22 22:00:00,2025,3,22,22,5,Sat,Mar,0.1291,0.1291,46035,231,29.39,low,22:00,OP
1943,2025-03-22 23:00:00,2025,3,22,23,5,Sat,Mar,0.0971,0.1,46035,231,22.76,low,23:00,OP
1944,2025-03-23 00:00:00,2025,3,23,0,6,Sun,Mar,0.11,0.11,46035,231,25.04,low,00:00,OP
1945,2025-03-23 01:00:00,2025,3,23,1,6,Sun,Mar,0.1034,0.1034,46035,231,23.54,low,01:00,OP
1946,2025-03-23 02:00:00,2025,3,23,2,6,Sun,Mar,0.1073,0.1073,46035,231,24.43,low,02:00,OP
1947,2025-03-23 03:00:00,2025,3,23,3,6,Sun,Mar,0.1261,0.1261,46035,231,28.71,low,03:00,OP
1948,2025-03-23 04:00:00,2025,3,23,4,6,Sun,Mar,0.1426,0.1426,46035,231,32.46,low,04:00,OP
1949,2025-03-23 05:00:00,2025,3,23,5,6,Sun,Mar,0.1505,0.1505,46035,231,34.27,low,05:00,OP
1950,2025-03-23 06:00:00,2025,3,23,6,6,Sun,Mar,0.1655,0.1655,46035,231,37.68,low,06:00,OP
1951,2025-03-23 07:00:00,2025,3,23,7,6,Sun,Mar,0.3932,0.3932,46035,231,89.51,low,07:00,OP
1952,2025-03-23 08:00:00,2025,3,23,8,6,Sun,Mar,0.379,0.379,46035,231,86.28,low,08:00,OP
1953,2025-03-23 09:00:00,2025,3,23,9,6,Sun,Mar,0.3775,0.3775,46035,231,85.94,low,09:00,OP
1954,2025-03-23 10:00:00,2025,3,23,10,6,Sun,Mar,0.3608,0.3608,46035,231,82.13,low,10:00,OP
1955,2025-03-23 11:00:00,2025,3,23,11,6,Sun,Mar,0.3558,0.3558,46035,231,81.0,low,11:00,OP
1956,2025-03-23 12:00:00,2025,3,23,12,6,Sun,Mar,0.1722,0.1722,46035,231,39.2,low,12:00,OP
1957,2025-03-23 13:00:00,2025,3,23,13,6,Sun,Mar,0.1653,0.1653,46035,231,37.63,low,13:00,OP
1958,2025-03-23 14:00:00,2025,3,23,14,6,Sun,Mar,0.1541,0.1541,46035,231,35.08,low,14:00,OP
1959,2025-03-23 15:00:00,2025,3,23,15,6,Sun,Mar,0.1547,0.1547,46035,231,35.22,low,15:00,OP
1960,2025-03-23 16:00:00,2025,3,23,16,6,Sun,Mar,0.1634,0.1634,46035,231,37.2,low,16:00,OP
1961,2025-03-23 17:00:00,2025,3,23,17,6,Sun,Mar,0.3292,0.3292,46035,231,74.95,low,17:00,OP
1962,2025-03-23 18:00:00,2025,3,23,18,6,Sun,Mar,0.521,0.521,46035,231,118.61,low,18:00,STD
1963,2025-03-23 19:00:00,2025,3,23,19,6,Sun,Mar,0.3252,0.3252,46035,231,74.03,low,19:00,STD
1964,2025-03-23 20:00:00,2025,3,23,20,6,Sun,Mar,0.1437,0.1437,46035,231,32.71,low,20:00,OP
1965,2025-03-23 21:00:00,2025,3,23,21,6,Sun,Mar,0.1337,0.1337,46035,231,30.43,low,21:00,OP
1966,2025-03-23 22:00:00,2025,3,23,22,6,Sun,Mar,0.1291,0.1291,46035,231,29.39,low,22:00,OP
1967,2025-03-23 23:00:00,2025,3,23,23,6,Sun,Mar,0.0971,0.1,46035,231,22.76,low,23:00,OP
1968,2025-03-24 00:00:00,2025,3,24,0,0,Weekday,Mar,0.1105,0.1105,46035,231,25.16,low,00:00,OP
1969,2025-03-24 01:00:00,2025,3,24,1,0,Weekday,Mar,0.1022,0.1022,46035,231,23.27,low,01:00,OP
1970,2025-03-24 02:00:00,2025,3,24,2,0,Weekday,Mar,0.1079,0.1079,46035,231,24.56,low,02:00,OP
1971,2025-03-24 03:00:00,2025,3,24,3,0,Weekday,Mar,0.1285,0.1285,46035,231,29.25,low,03:00,OP
1972,2025-03-24 04:00:00,2025,3,24,4,0,Weekday,Mar,0.1432,0.1432,46035,231,32.6,low,04:00,OP
1973,2025-03-24 05:00:00,2025,3,24,5,0,Weekday,Mar,0.157,0.157,46035,231,35.74,low,05:00,OP
1974,2025-03-24 06:00:00,2025,3,24,6,0,Weekday,Mar,0.289,0.289,46035,231,65.8,low,06:00,STD
1975,2025-03-24 07:00:00,2025,3,24,7,0,Weekday,Mar,0.046,0.1,46035,231,22.76,low,07:00,PK
1976,2025-03-24 08:00:00,2025,3,24,8,0,Weekday,Mar,0.3365,0.3365,46035,231,76.61,low,08:00,PK
1977,2025-03-24 09:00:00,2025,3,24,9,0,Weekday,Mar,0.6077,0.6077,46035,231,138.35,low,09:00,STD
1978,2025-03-24 10:00:00,2025,3,24,10,0,Weekday,Mar,0.5644,0.5644,46035,231,128.49,low,10:00,STD
1979,2025-03-24 11:00:00,2025,3,24,11,0,Weekday,Mar,0.5577,0.5577,46035,231,126.96,low,11:00,STD
1980,2025-03-24 12:00:00,2025,3,24,12,0,Weekday,Mar,0.5319,0.5319,46035,231,121.09,low,12:00,STD
1981,2025-03-24 13:00:00,2025,3,24,13,0,Weekday,Mar,0.5076,0.5076,46035,231,115.56,low,13:00,STD
1982,2025-03-24 14:00:00,2025,3,24,14,0,Weekday,Mar,0.4855,0.4855,46035,231,110.53,low,14:00,STD
1983,2025-03-24 15:00:00,2025,3,24,15,0,Weekday,Mar,0.4967,0.4967,46035,231,113.08,low,15:00,STD
1984,2025-03-24 16:00:00,2025,3,24,16,0,Weekday,Mar,0.5252,0.5252,46035,231,119.56,low,16:00,STD
1985,2025-03-24 17:00:00,2025,3,24,17,0,Weekday,Mar,0.2875,0.2875,46035,231,65.45,low,17:00,STD
1986,2025-03-24 18:00:00,2025,3,24,18,0,Weekday,Mar,0.0394,0.1,46035,231,22.76,low,18:00,PK
1987,2025-03-24 19:00:00,2025,3,24,19,0,Weekday,Mar,0.0369,0.1,46035,231,22.76,low,19:00,PK
1988,2025-03-24 20:00:00,2025,3,24,20,0,Weekday,Mar,0.2441,0.2441,46035,231,55.57,low,20:00,PK
1989,2025-03-24 21:00:00,2025,3,24,21,0,Weekday,Mar,0.4107,0.4107,46035,231,93.49,low,21:00,STD
1990,2025-03-24 22:00:00,2025,3,24,22,0,Weekday,Mar,0.1291,0.1291,46035,231,29.39,low,22:00,OP
1991,2025-03-24 23:00:00,2025,3,24,23,0,Weekday,Mar,0.0986,0.1,46035,231,22.76,low,23:00,OP
1992,2025-03-25 00:00:00,2025,3,25,0,1,Weekday,Mar,0.1105,0.1105,46035,231,25.16,low,00:00,OP
1993,2025-03-25 01:00:00,2025,3,25,1,1,Weekday,Mar,0.1022,0.1022,46035,231,23.27,low,01:00,OP
1994,2025-03-25 02:00:00,2025,3,25,2,1,Weekday,Mar,0.1079,0.1079,46035,231,24.56,low,02:00,OP
1995,2025-03-25 03:00:00,2025,3,25,3,1,Weekday,Mar,0.1285,0.1285,46035,231,29.25,low,03:00,OP
1996,2025-03-25 04:00:00,2025,3,25,4,1,Weekday,Mar,0.1432,0.1432,46035,231,32.6,low,04:00,OP
1997,2025-03-25 05:00:00,2025,3,25,5,1,Weekday,Mar,0.157,0.157,46035,231,35.74,low,05:00,OP
1998,2025-03-25 06:00:00,2025,3,25,6,1,Weekday,Mar,0.289,0.289,46035,231,65.8,low,06:00,STD
1999,2025-03-25 07:00:00,2025,3,25,7,1,Weekday,Mar,0.046,0.1,46035,231,22.76,low,07:00,PK
2000,2025-03-25 08:00:00,2025,3,25,8,1,Weekday,Mar,0.3365,0.3365,46035,231,76.61,low,08:00,PK
2001,2025-03-25 09:00:00,2025,3,25,9,1,Weekday,Mar,0.6077,0.6077,46035,231,138.35,low,09:00,STD
2002,2025-03-25 10:00:00,2025,3,25,10,1,Weekday,Mar,0.5644,0.5644,46035,231,128.49,low,10:00,STD
2003,2025-03-25 11:00:00,2025,3,25,11,1,Weekday,Mar,0.5577,0.5577,46035,231,126.96,low,11:00,STD
2004,2025-03-25 12:00:00,2025,3,25,12,1,Weekday,Mar,0.5319,0.5319,46035,231,121.09,low,12:00,STD
2005,2025-03-25 13:00:00,2025,3,25,13,1,Weekday,Mar,0.5076,0.5076,46035,231,115.56,low,13:00,STD
2006,2025-03-25 14:00:00,2025,3,25,14,1,Weekday,Mar,0.4855,0.4855,46035,231,110.53,low,14:00,STD
2007,2025-03-25 15:00:00,2025,3,25,15,1,Weekday,Mar,0.4967,0.4967,46035,231,113.08,low,15:00,STD
2008,2025-03-25 16:00:00,2025,3,25,16,1,Weekday,Mar,0.5252,0.5252,46035,231,119.56,low,16:00,STD
2009,2025-03-25 17:00:00,2025,3,25,17,1,Weekday,Mar,0.2875,0.2875,46035,231,65.45,low,17:00,STD
2010,2025-03-25 18:00:00,2025,3,25,18,1,Weekday,Mar,0.0394,0.1,46035,231,22.76,low,18:00,PK
2011,2025-03-25 19:00:00,2025,3,25,19,1,Weekday,Mar,0.0369,0.1,46035,231,22.76,low,19:00,PK
2012,2025-03-25 20:00:00,2025,3,25,20,1,Weekday,Mar,0.2441,0.2441,46035,231,55.57,low,20:00,PK
2013,2025-03-25 21:00:00,2025,3,25,21,1,Weekday,Mar,0.4107,0.4107,46035,231,93.49,low,21:00,STD
2014,2025-03-25 22:00:00,2025,3,25,22,1,Weekday,Mar,0.1291,0.1291,46035,231,29.39,low,22:00,OP
2015,2025-03-25 23:00:00,2025,3,25,23,1,Weekday,Mar,0.0986,0.1,46035,231,22.76,low,23:00,OP
2016,2025-03-26 00:00:00,2025,3,26,0,2,Weekday,Mar,0.1105,0.1105,46035,231,25.16,low,00:00,OP
2017,2025-03-26 01:00:00,2025,3,26,1,2,Weekday,Mar,0.1022,0.1022,46035,231,23.27,low,01:00,OP
2018,2025-03-26 02:00:00,2025,3,26,2,2,Weekday,Mar,0.1079,0.1079,46035,231,24.56,low,02:00,OP
2019,2025-03-26 03:00:00,2025,3,26,3,2,Weekday,Mar,0.1285,0.1285,46035,231,29.25,low,03:00,OP
2020,2025-03-26 04:00:00,2025,3,26,4,2,Weekday,Mar,0.1432,0.1432,46035,231,32.6,low,04:00,OP
2021,2025-03-26 05:00:00,2025,3,26,5,2,Weekday,Mar,0.157,0.157,46035,231,35.74,low,05:00,OP
2022,2025-03-26 06:00:00,2025,3,26,6,2,Weekday,Mar,0.289,0.289,46035,231,65.8,low,06:00,STD
2023,2025-03-26 07:00:00,2025,3,26,7,2,Weekday,Mar,0.046,0.1,46035,231,22.76,low,07:00,PK
2024,2025-03-26 08:00:00,2025,3,26,8,2,Weekday,Mar,0.3365,0.3365,46035,231,76.61,low,08:00,PK
2025,2025-03-26 09:00:00,2025,3,26,9,2,Weekday,Mar,0.6077,0.6077,46035,231,138.35,low,09:00,STD
2026,2025-03-26 10:00:00,2025,3,26,10,2,Weekday,Mar,0.5644,0.5644,46035,231,128.49,low,10:00,STD
2027,2025-03-26 11:00:00,2025,3,26,11,2,Weekday,Mar,0.5577,0.5577,46035,231,126.96,low,11:00,STD
2028,2025-03-26 12:00:00,2025,3,26,12,2,Weekday,Mar,0.5319,0.5319,46035,231,121.09,low,12:00,STD
2029,2025-03-26 13:00:00,2025,3,26,13,2,Weekday,Mar,0.5076,0.5076,46035,231,115.56,low,13:00,STD
2030,2025-03-26 14:00:00,2025,3,26,14,2,Weekday,Mar,0.4855,0.4855,46035,231,110.53,low,14:00,STD
2031,2025-03-26 15:00:00,2025,3,26,15,2,Weekday,Mar,0.4967,0.4967,46035,231,113.08,low,15:00,STD
2032,2025-03-26 16:00:00,2025,3,26,16,2,Weekday,Mar,0.5252,0.5252,46035,231,119.56,low,16:00,STD
2033,2025-03-26 17:00:00,2025,3,26,17,2,Weekday,Mar,0.2875,0.2875,46035,231,65.45,low,17:00,STD
2034,2025-03-26 18:00:00,2025,3,26,18,2,Weekday,Mar,0.0394,0.1,46035,231,22.76,low,18:00,PK
2035,2025-03-26 19:00:00,2025,3,26,19,2,Weekday,Mar,0.0369,0.1,46035,231,22.76,low,19:00,PK
2036,2025-03-26 20:00:00,2025,3,26,20,2,Weekday,Mar,0.2441,0.2441,46035,231,55.57,low,20:00,PK
2037,2025-03-26 21:00:00,2025,3,26,21,2,Weekday,Mar,0.4107,0.4107,46035,231,93.49,low,21:00,STD
2038,2025-03-26 22:00:00,2025,3,26,22,2,Weekday,Mar,0.1291,0.1291,46035,231,29.39,low,22:00,OP
2039,2025-03-26 23:00:00,2025,3,26,23,2,Weekday,Mar,0.0986,0.1,46035,231,22.76,low,23:00,OP
2040,2025-03-27 00:00:00,2025,3,27,0,3,Weekday,Mar,0.1105,0.1105,46035,231,25.16,low,00:00,OP
2041,2025-03-27 01:00:00,2025,3,27,1,3,Weekday,Mar,0.1022,0.1022,46035,231,23.27,low,01:00,OP
2042,2025-03-27 02:00:00,2025,3,27,2,3,Weekday,Mar,0.1079,0.1079,46035,231,24.56,low,02:00,OP
2043,2025-03-27 03:00:00,2025,3,27,3,3,Weekday,Mar,0.1285,0.1285,46035,231,29.25,low,03:00,OP
2044,2025-03-27 04:00:00,2025,3,27,4,3,Weekday,Mar,0.1432,0.1432,46035,231,32.6,low,04:00,OP
2045,2025-03-27 05:00:00,2025,3,27,5,3,Weekday,Mar,0.157,0.157,46035,231,35.74,low,05:00,OP
2046,2025-03-27 06:00:00,2025,3,27,6,3,Weekday,Mar,0.289,0.289,46035,231,65.8,low,06:00,STD
2047,2025-03-27 07:00:00,2025,3,27,7,3,Weekday,Mar,0.046,0.1,46035,231,22.76,low,07:00,PK
2048,2025-03-27 08:00:00,2025,3,27,8,3,Weekday,Mar,0.3365,0.3365,46035,231,76.61,low,08:00,PK
2049,2025-03-27 09:00:00,2025,3,27,9,3,Weekday,Mar,0.6077,0.6077,46035,231,138.35,low,09:00,STD
2050,2025-03-27 10:00:00,2025,3,27,10,3,Weekday,Mar,0.5644,0.5644,46035,231,128.49,low,10:00,STD
2051,2025-03-27 11:00:00,2025,3,27,11,3,Weekday,Mar,0.5577,0.5577,46035,231,126.96,low,11:00,STD
2052,2025-03-27 12:00:00,2025,3,27,12,3,Weekday,Mar,0.5319,0.5319,46035,231,121.09,low,12:00,STD
2053,2025-03-27 13:00:00,2025,3,27,13,3,Weekday,Mar,0.5076,0.5076,46035,231,115.56,low,13:00,STD
2054,2025-03-27 14:00:00,2025,3,27,14,3,Weekday,Mar,0.4855,0.4855,46035,231,110.53,low,14:00,STD
2055,2025-03-27 15:00:00,2025,3,27,15,3,Weekday,Mar,0.4967,0.4967,46035,231,113.08,low,15:00,STD
2056,2025-03-27 16:00:00,2025,3,27,16,3,Weekday,Mar,0.5252,0.5252,46035,231,119.56,low,16:00,STD
2057,2025-03-27 17:00:00,2025,3,27,17,3,Weekday,Mar,0.2875,0.2875,46035,231,65.45,low,17:00,STD
2058,2025-03-27 18:00:00,2025,3,27,18,3,Weekday,Mar,0.0394,0.1,46035,231,22.76,low,18:00,PK
2059,2025-03-27 19:00:00,2025,3,27,19,3,Weekday,Mar,0.0369,0.1,46035,231,22.76,low,19:00,PK
2060,2025-03-27 20:00:00,2025,3,27,20,3,Weekday,Mar,0.2441,0.2441,46035,231,55.57,low,20:00,PK
2061,2025-03-27 21:00:00,2025,3,27,21,3,Weekday,Mar,0.4107,0.4107,46035,231,93.49,low,21:00,STD
2062,2025-03-27 22:00:00,2025,3,27,22,3,Weekday,Mar,0.1291,0.1291,46035,231,29.39,low,22:00,OP
2063,2025-03-27 23:00:00,2025,3,27,23,3,Weekday,Mar,0.0986,0.1,46035,231,22.76,low,23:00,OP
2064,2025-03-28 00:00:00,2025,3,28,0,4,Weekday,Mar,0.1105,0.1105,46035,231,25.16,low,00:00,OP
2065,2025-03-28 01:00:00,2025,3,28,1,4,Weekday,Mar,0.1022,0.1022,46035,231,23.27,low,01:00,OP
2066,2025-03-28 02:00:00,2025,3,28,2,4,Weekday,Mar,0.1079,0.1079,46035,231,24.56,low,02:00,OP
2067,2025-03-28 03:00:00,2025,3,28,3,4,Weekday,Mar,0.1285,0.1285,46035,231,29.25,low,03:00,OP
2068,2025-03-28 04:00:00,2025,3,28,4,4,Weekday,Mar,0.1432,0.1432,46035,231,32.6,low,04:00,OP
2069,2025-03-28 05:00:00,2025,3,28,5,4,Weekday,Mar,0.157,0.157,46035,231,35.74,low,05:00,OP
2070,2025-03-28 06:00:00,2025,3,28,6,4,Weekday,Mar,0.289,0.289,46035,231,65.8,low,06:00,STD
2071,2025-03-28 07:00:00,2025,3,28,7,4,Weekday,Mar,0.046,0.1,46035,231,22.76,low,07:00,PK
2072,2025-03-28 08:00:00,2025,3,28,8,4,Weekday,Mar,0.3365,0.3365,46035,231,76.61,low,08:00,PK
2073,2025-03-28 09:00:00,2025,3,28,9,4,Weekday,Mar,0.6077,0.6077,46035,231,138.35,low,09:00,STD
2074,2025-03-28 10:00:00,2025,3,28,10,4,Weekday,Mar,0.5644,0.5644,46035,231,128.49,low,10:00,STD
2075,2025-03-28 11:00:00,2025,3,28,11,4,Weekday,Mar,0.5577,0.5577,46035,231,126.96,low,11:00,STD
2076,2025-03-28 12:00:00,2025,3,28,12,4,Weekday,Mar,0.5319,0.5319,46035,231,121.09,low,12:00,STD
2077,2025-03-28 13:00:00,2025,3,28,13,4,Weekday,Mar,0.5076,0.5076,46035,231,115.56,low,13:00,STD
2078,2025-03-28 14:00:00,2025,3,28,14,4,Weekday,Mar,0.4855,0.4855,46035,231,110.53,low,14:00,STD
2079,2025-03-28 15:00:00,2025,3,28,15,4,Weekday,Mar,0.4967,0.4967,46035,231,113.08,low,15:00,STD
2080,2025-03-28 16:00:00,2025,3,28,16,4,Weekday,Mar,0.5252,0.5252,46035,231,119.56,low,16:00,STD
2081,2025-03-28 17:00:00,2025,3,28,17,4,Weekday,Mar,0.2875,0.2875,46035,231,65.45,low,17:00,STD
2082,2025-03-28 18:00:00,2025,3,28,18,4,Weekday,Mar,0.0394,0.1,46035,231,22.76,low,18:00,PK
2083,2025-03-28 19:00:00,2025,3,28,19,4,Weekday,Mar,0.0369,0.1,46035,231,22.76,low,19:00,PK
2084,2025-03-28 20:00:00,2025,3,28,20,4,Weekday,Mar,0.2441,0.2441,46035,231,55.57,low,20:00,PK
2085,2025-03-28 21:00:00,2025,3,28,21,4,Weekday,Mar,0.4107,0.4107,46035,231,93.49,low,21:00,STD
2086,2025-03-28 22:00:00,2025,3,28,22,4,Weekday,Mar,0.1291,0.1291,46035,231,29.39,low,22:00,OP
2087,2025-03-28 23:00:00,2025,3,28,23,4,Weekday,Mar,0.0986,0.1,46035,231,22.76,low,23:00,OP
2088,2025-03-29 00:00:00,2025,3,29,0,5,Sat,Mar,0.11,0.11,46035,231,25.04,low,00:00,OP
2089,2025-03-29 01:00:00,2025,3,29,1,5,Sat,Mar,0.1034,0.1034,46035,231,23.54,low,01:00,OP
2090,2025-03-29 02:00:00,2025,3,29,2,5,Sat,Mar,0.1073,0.1073,46035,231,24.43,low,02:00,OP
2091,2025-03-29 03:00:00,2025,3,29,3,5,Sat,Mar,0.1261,0.1261,46035,231,28.71,low,03:00,OP
2092,2025-03-29 04:00:00,2025,3,29,4,5,Sat,Mar,0.1426,0.1426,46035,231,32.46,low,04:00,OP
2093,2025-03-29 05:00:00,2025,3,29,5,5,Sat,Mar,0.1505,0.1505,46035,231,34.27,low,05:00,OP
2094,2025-03-29 06:00:00,2025,3,29,6,5,Sat,Mar,0.1655,0.1655,46035,231,37.68,low,06:00,OP
2095,2025-03-29 07:00:00,2025,3,29,7,5,Sat,Mar,0.3932,0.3932,46035,231,89.51,low,07:00,STD
2096,2025-03-29 08:00:00,2025,3,29,8,5,Sat,Mar,0.379,0.379,46035,231,86.28,low,08:00,STD
2097,2025-03-29 09:00:00,2025,3,29,9,5,Sat,Mar,0.3775,0.3775,46035,231,85.94,low,09:00,STD
2098,2025-03-29 10:00:00,2025,3,29,10,5,Sat,Mar,0.3608,0.3608,46035,231,82.13,low,10:00,STD
2099,2025-03-29 11:00:00,2025,3,29,11,5,Sat,Mar,0.3558,0.3558,46035,231,81.0,low,11:00,STD
2100,2025-03-29 12:00:00,2025,3,29,12,5,Sat,Mar,0.1722,0.1722,46035,231,39.2,low,12:00,OP
2101,2025-03-29 13:00:00,2025,3,29,13,5,Sat,Mar,0.1653,0.1653,46035,231,37.63,low,13:00,OP
2102,2025-03-29 14:00:00,2025,3,29,14,5,Sat,Mar,0.1541,0.1541,46035,231,35.08,low,14:00,OP
2103,2025-03-29 15:00:00,2025,3,29,15,5,Sat,Mar,0.1547,0.1547,46035,231,35.22,low,15:00,OP
2104,2025-03-29 16:00:00,2025,3,29,16,5,Sat,Mar,0.1634,0.1634,46035,231,37.2,low,16:00,OP
2105,2025-03-29 17:00:00,2025,3,29,17,5,Sat,Mar,0.3292,0.3292,46035,231,74.95,low,17:00,OP
2106,2025-03-29 18:00:00,2025,3,29,18,5,Sat,Mar,0.521,0.521,46035,231,118.61,low,18:00,STD
2107,2025-03-29 19:00:00,2025,3,29,19,5,Sat,Mar,0.3252,0.3252,46035,231,74.03,low,19:00,STD
2108,2025-03-29 20:00:00,2025,3,29,20,5,Sat,Mar,0.1437,0.1437,46035,231,32.71,low,20:00,OP
2109,2025-03-29 21:00:00,2025,3,29,21,5,Sat,Mar,0.1337,0.1337,46035,231,30.43,low,21:00,OP
2110,2025-03-29 22:00:00,2025,3,29,22,5,Sat,Mar,0.1291,0.1291,46035,231,29.39,low,22:00,OP
2111,2025-03-29 23:00:00,2025,3,29,23,5,Sat,Mar,0.0971,0.1,46035,231,22.76,low,23:00,OP
2112,2025-03-30 00:00:00,2025,3,30,0,6,Sun,Mar,0.11,0.11,46035,231,25.04,low,00:00,OP
2113,2025-03-30 01:00:00,2025,3,30,1,6,Sun,Mar,0.1034,0.1034,46035,231,23.54,low,01:00,OP
2114,2025-03-30 02:00:00,2025,3,30,2,6,Sun,Mar,0.1073,0.1073,46035,231,24.43,low,02:00,OP
2115,2025-03-30 03:00:00,2025,3,30,3,6,Sun,Mar,0.1261,0.1261,46035,231,28.71,low,03:00,OP
2116,2025-03-30 04:00:00,2025,3,30,4,6,Sun,Mar,0.1426,0.1426,46035,231,32.46,low,04:00,OP
2117,2025-03-30 05:00:00,2025,3,30,5,6,Sun,Mar,0.1505,0.1505,46035,231,34.27,low,05:00,OP
2118,2025-03-30 06:00:00,2025,3,30,6,6,Sun,Mar,0.1655,0.1655,46035,231,37.68,low,06:00,OP
2119,2025-03-30 07:00:00,2025,3,30,7,6,Sun,Mar,0.3932,0.3932,46035,231,89.51,low,07:00,OP
2120,2025-03-30 08:00:00,2025,3,30,8,6,Sun,Mar,0.379,0.379,46035,231,86.28,low,08:00,OP
2121,2025-03-30 09:00:00,2025,3,30,9,6,Sun,Mar,0.3775,0.3775,46035,231,85.94,low,09:00,OP
2122,2025-03-30 10:00:00,2025,3,30,10,6,Sun,Mar,0.3608,0.3608,46035,231,82.13,low,10:00,OP
2123,2025-03-30 11:00:00,2025,3,30,11,6,Sun,Mar,0.3558,0.3558,46035,231,81.0,low,11:00,OP
2124,2025-03-30 12:00:00,2025,3,30,12,6,Sun,Mar,0.1722,0.1722,46035,231,39.2,low,12:00,OP
2125,2025-03-30 13:00:00,2025,3,30,13,6,Sun,Mar,0.1653,0.1653,46035,231,37.63,low,13:00,OP
2126,2025-03-30 14:00:00,2025,3,30,14,6,Sun,Mar,0.1541,0.1541,46035,231,35.08,low,14:00,OP
2127,2025-03-30 15:00:00,2025,3,30,15,6,Sun,Mar,0.1547,0.1547,46035,231,35.22,low,15:00,OP
2128,2025-03-30 16:00:00,2025,3,30,16,6,Sun,Mar,0.1634,0.1634,46035,231,37.2,low,16:00,OP
2129,2025-03-30 17:00:00,2025,3,30,17,6,Sun,Mar,0.3292,0.3292,46035,231,74.95,low,17:00,OP
2130,2025-03-30 18:00:00,2025,3,30,18,6,Sun,Mar,0.521,0.521,46035,231,118.61,low,18:00,STD
2131,2025-03-30 19:00:00,2025,3,30,19,6,Sun,Mar,0.3252,0.3252,46035,231,74.03,low,19:00,STD
2132,2025-03-30 20:00:00,2025,3,30,20,6,Sun,Mar,0.1437,0.1437,46035,231,32.71,low,20:00,OP
2133,2025-03-30 21:00:00,2025,3,30,21,6,Sun,Mar,0.1337,0.1337,46035,231,30.43,low,21:00,OP
2134,2025-03-30 22:00:00,2025,3,30,22,6,Sun,Mar,0.1291,0.1291,46035,231,29.39,low,22:00,OP
2135,2025-03-30 23:00:00,2025,3,30,23,6,Sun,Mar,0.0971,0.1,46035,231,22.76,low,23:00,OP
2136,2025-03-31 00:00:00,2025,3,31,0,0,Weekday,Mar,0.1105,0.1105,46035,231,25.16,low,00:00,OP
2137,2025-03-31 01:00:00,2025,3,31,1,0,Weekday,Mar,0.1022,0.1022,46035,231,23.27,low,01:00,OP
2138,2025-03-31 02:00:00,2025,3,31,2,0,Weekday,Mar,0.1079,0.1079,46035,231,24.56,low,02:00,OP
2139,2025-03-31 03:00:00,2025,3,31,3,0,Weekday,Mar,0.1285,0.1285,46035,231,29.25,low,03:00,OP
2140,2025-03-31 04:00:00,2025,3,31,4,0,Weekday,Mar,0.1432,0.1432,46035,231,32.6,low,04:00,OP
2141,2025-03-31 05:00:00,2025,3,31,5,0,Weekday,Mar,0.157,0.157,46035,231,35.74,low,05:00,OP
2142,2025-03-31 06:00:00,2025,3,31,6,0,Weekday,Mar,0.289,0.289,46035,231,65.8,low,06:00,STD
2143,2025-03-31 07:00:00,2025,3,31,7,0,Weekday,Mar,0.046,0.1,46035,231,22.76,low,07:00,PK
2144,2025-03-31 08:00:00,2025,3,31,8,0,Weekday,Mar,0.3365,0.3365,46035,231,76.61,low,08:00,PK
2145,2025-03-31 09:00:00,2025,3,31,9,0,Weekday,Mar,0.6077,0.6077,46035,231,138.35,low,09:00,STD
2146,2025-03-31 10:00:00,2025,3,31,10,0,Weekday,Mar,0.5644,0.5644,46035,231,128.49,low,10:00,STD
2147,2025-03-31 11:00:00,2025,3,31,11,0,Weekday,Mar,0.5577,0.5577,46035,231,126.96,low,11:00,STD
2148,2025-03-31 12:00:00,2025,3,31,12,0,Weekday,Mar,0.5319,0.5319,46035,231,121.09,low,12:00,STD
2149,2025-03-31 13:00:00,2025,3,31,13,0,Weekday,Mar,0.5076,0.5076,46035,231,115.56,low,13:00,STD
2150,2025-03-31 14:00:00,2025,3,31,14,0,Weekday,Mar,0.4855,0.4855,46035,231,110.53,low,14:00,STD
2151,2025-03-31 15:00:00,2025,3,31,15,0,Weekday,Mar,0.4967,0.4967,46035,231,113.08,low,15:00,STD
2152,2025-03-31 16:00:00,2025,3,31,16,0,Weekday,Mar,0.5252,0.5252,46035,231,119.56,low,16:00,STD
2153,2025-03-31 17:00:00,2025,3,31,17,0,Weekday,Mar,0.2875,0.2875,46035,231,65.45,low,17:00,STD
2154,2025-03-31 18:00:00,2025,3,31,18,0,Weekday,Mar,0.0394,0.1,46035,231,22.76,low,18:00,PK
2155,2025-03-31 19:00:00,2025,3,31,19,0,Weekday,Mar,0.0369,0.1,46035,231,22.76,low,19:00,PK
2156,2025-03-31 20:00:00,2025,3,31,20,0,Weekday,Mar,0.2441,0.2441,46035,231,55.57,low,20:00,PK
2157,2025-03-31 21:00:00,2025,3,31,21,0,Weekday,Mar,0.4107,0.4107,46035,231,93.49,low,21:00,STD
2158,2025-03-31 22:00:00,2025,3,31,22,0,Weekday,Mar,0.1291,0.1291,46035,231,29.39,low,22:00,OP
2159,2025-03-31 23:00:00,2025,3,31,23,0,Weekday,Mar,0.0986,0.1,46035,231,22.76,low,23:00,OP
2160,2025-04-01 00:00:00,2025,4,1,0,1,Weekday,Apr,0.1105,0.1105,46035,231,25.59,low,00:00,OP
2161,2025-04-01 01:00:00,2025,4,1,1,1,Weekday,Apr,0.1022,0.1022,46035,231,23.67,low,01:00,OP
2162,2025-04-01 02:00:00,2025,4,1,2,1,Weekday,Apr,0.1079,0.1079,46035,231,24.98,low,02:00,OP
2163,2025-04-01 03:00:00,2025,4,1,3,1,Weekday,Apr,0.1285,0.1285,46035,231,29.75,low,03:00,OP
2164,2025-04-01 04:00:00,2025,4,1,4,1,Weekday,Apr,0.1432,0.1432,46035,231,33.16,low,04:00,OP
2165,2025-04-01 05:00:00,2025,4,1,5,1,Weekday,Apr,0.157,0.157,46035,231,36.35,low,05:00,OP
2166,2025-04-01 06:00:00,2025,4,1,6,1,Weekday,Apr,0.289,0.289,46035,231,66.92,low,06:00,STD
2167,2025-04-01 07:00:00,2025,4,1,7,1,Weekday,Apr,0.046,0.1,46035,231,23.15,low,07:00,PK
2168,2025-04-01 08:00:00,2025,4,1,8,1,Weekday,Apr,0.3365,0.3365,46035,231,77.92,low,08:00,PK
2169,2025-04-01 09:00:00,2025,4,1,9,1,Weekday,Apr,0.6077,0.6077,46035,231,140.72,low,09:00,STD
2170,2025-04-01 10:00:00,2025,4,1,10,1,Weekday,Apr,0.5644,0.5644,46035,231,130.69,low,10:00,STD
2171,2025-04-01 11:00:00,2025,4,1,11,1,Weekday,Apr,0.5577,0.5577,46035,231,129.14,low,11:00,STD
2172,2025-04-01 12:00:00,2025,4,1,12,1,Weekday,Apr,0.5319,0.5319,46035,231,123.17,low,12:00,STD
2173,2025-04-01 13:00:00,2025,4,1,13,1,Weekday,Apr,0.5076,0.5076,46035,231,117.54,low,13:00,STD
2174,2025-04-01 14:00:00,2025,4,1,14,1,Weekday,Apr,0.4855,0.4855,46035,231,112.42,low,14:00,STD
2175,2025-04-01 15:00:00,2025,4,1,15,1,Weekday,Apr,0.4967,0.4967,46035,231,115.01,low,15:00,STD
2176,2025-04-01 16:00:00,2025,4,1,16,1,Weekday,Apr,0.5252,0.5252,46035,231,121.61,low,16:00,STD
2177,2025-04-01 17:00:00,2025,4,1,17,1,Weekday,Apr,0.2875,0.2875,46035,231,66.57,low,17:00,STD
2178,2025-04-01 18:00:00,2025,4,1,18,1,Weekday,Apr,0.0394,0.1,46035,231,23.15,low,18:00,PK
2179,2025-04-01 19:00:00,2025,4,1,19,1,Weekday,Apr,0.0369,0.1,46035,231,23.15,low,19:00,PK
2180,2025-04-01 20:00:00,2025,4,1,20,1,Weekday,Apr,0.2441,0.2441,46035,231,56.52,low,20:00,PK
2181,2025-04-01 21:00:00,2025,4,1,21,1,Weekday,Apr,0.4107,0.4107,46035,231,95.1,low,21:00,STD
2182,2025-04-01 22:00:00,2025,4,1,22,1,Weekday,Apr,0.1291,0.1291,46035,231,29.89,low,22:00,OP
2183,2025-04-01 23:00:00,2025,4,1,23,1,Weekday,Apr,0.0986,0.1,46035,231,23.15,low,23:00,OP
2184,2025-04-02 00:00:00,2025,4,2,0,2,Weekday,Apr,0.1105,0.1105,46035,231,25.59,low,00:00,OP
2185,2025-04-02 01:00:00,2025,4,2,1,2,Weekday,Apr,0.1022,0.1022,46035,231,23.67,low,01:00,OP
2186,2025-04-02 02:00:00,2025,4,2,2,2,Weekday,Apr,0.1079,0.1079,46035,231,24.98,low,02:00,OP
2187,2025-04-02 03:00:00,2025,4,2,3,2,Weekday,Apr,0.1285,0.1285,46035,231,29.75,low,03:00,OP
2188,2025-04-02 04:00:00,2025,4,2,4,2,Weekday,Apr,0.1432,0.1432,46035,231,33.16,low,04:00,OP
2189,2025-04-02 05:00:00,2025,4,2,5,2,Weekday,Apr,0.157,0.157,46035,231,36.35,low,05:00,OP
2190,2025-04-02 06:00:00,2025,4,2,6,2,Weekday,Apr,0.289,0.289,46035,231,66.92,low,06:00,STD
2191,2025-04-02 07:00:00,2025,4,2,7,2,Weekday,Apr,0.046,0.1,46035,231,23.15,low,07:00,PK
2192,2025-04-02 08:00:00,2025,4,2,8,2,Weekday,Apr,0.3365,0.3365,46035,231,77.92,low,08:00,PK
2193,2025-04-02 09:00:00,2025,4,2,9,2,Weekday,Apr,0.6077,0.6077,46035,231,140.72,low,09:00,STD
2194,2025-04-02 10:00:00,2025,4,2,10,2,Weekday,Apr,0.5644,0.5644,46035,231,130.69,low,10:00,STD
2195,2025-04-02 11:00:00,2025,4,2,11,2,Weekday,Apr,0.5577,0.5577,46035,231,129.14,low,11:00,STD
2196,2025-04-02 12:00:00,2025,4,2,12,2,Weekday,Apr,0.5319,0.5319,46035,231,123.17,low,12:00,STD
2197,2025-04-02 13:00:00,2025,4,2,13,2,Weekday,Apr,0.5076,0.5076,46035,231,117.54,low,13:00,STD
2198,2025-04-02 14:00:00,2025,4,2,14,2,Weekday,Apr,0.4855,0.4855,46035,231,112.42,low,14:00,STD
2199,2025-04-02 15:00:00,2025,4,2,15,2,Weekday,Apr,0.4967,0.4967,46035,231,115.01,low,15:00,STD
2200,2025-04-02 16:00:00,2025,4,2,16,2,Weekday,Apr,0.5252,0.5252,46035,231,121.61,low,16:00,STD
2201,2025-04-02 17:00:00,2025,4,2,17,2,Weekday,Apr,0.2875,0.2875,46035,231,66.57,low,17:00,STD
2202,2025-04-02 18:00:00,2025,4,2,18,2,Weekday,Apr,0.0394,0.1,46035,231,23.15,low,18:00,PK
2203,2025-04-02 19:00:00,2025,4,2,19,2,Weekday,Apr,0.0369,0.1,46035,231,23.15,low,19:00,PK
2204,2025-04-02 20:00:00,2025,4,2,20,2,Weekday,Apr,0.2441,0.2441,46035,231,56.52,low,20:00,PK
2205,2025-04-02 21:00:00,2025,4,2,21,2,Weekday,Apr,0.4107,0.4107,46035,231,95.1,low,21:00,STD
2206,2025-04-02 22:00:00,2025,4,2,22,2,Weekday,Apr,0.1291,0.1291,46035,231,29.89,low,22:00,OP
2207,2025-04-02 23:00:00,2025,4,2,23,2,Weekday,Apr,0.0986,0.1,46035,231,23.15,low,23:00,OP
2208,2025-04-03 00:00:00,2025,4,3,0,3,Weekday,Apr,0.1105,0.1105,46035,231,25.59,low,00:00,OP
2209,2025-04-03 01:00:00,2025,4,3,1,3,Weekday,Apr,0.1022,0.1022,46035,231,23.67,low,01:00,OP
2210,2025-04-03 02:00:00,2025,4,3,2,3,Weekday,Apr,0.1079,0.1079,46035,231,24.98,low,02:00,OP
2211,2025-04-03 03:00:00,2025,4,3,3,3,Weekday,Apr,0.1285,0.1285,46035,231,29.75,low,03:00,OP
2212,2025-04-03 04:00:00,2025,4,3,4,3,Weekday,Apr,0.1432,0.1432,46035,231,33.16,low,04:00,OP
2213,2025-04-03 05:00:00,2025,4,3,5,3,Weekday,Apr,0.157,0.157,46035,231,36.35,low,05:00,OP
2214,2025-04-03 06:00:00,2025,4,3,6,3,Weekday,Apr,0.289,0.289,46035,231,66.92,low,06:00,STD
2215,2025-04-03 07:00:00,2025,4,3,7,3,Weekday,Apr,0.046,0.1,46035,231,23.15,low,07:00,PK
2216,2025-04-03 08:00:00,2025,4,3,8,3,Weekday,Apr,0.3365,0.3365,46035,231,77.92,low,08:00,PK
2217,2025-04-03 09:00:00,2025,4,3,9,3,Weekday,Apr,0.6077,0.6077,46035,231,140.72,low,09:00,STD
2218,2025-04-03 10:00:00,2025,4,3,10,3,Weekday,Apr,0.5644,0.5644,46035,231,130.69,low,10:00,STD
2219,2025-04-03 11:00:00,2025,4,3,11,3,Weekday,Apr,0.5577,0.5577,46035,231,129.14,low,11:00,STD
2220,2025-04-03 12:00:00,2025,4,3,12,3,Weekday,Apr,0.5319,0.5319,46035,231,123.17,low,12:00,STD
2221,2025-04-03 13:00:00,2025,4,3,13,3,Weekday,Apr,0.5076,0.5076,46035,231,117.54,low,13:00,STD
2222,2025-04-03 14:00:00,2025,4,3,14,3,Weekday,Apr,0.4855,0.4855,46035,231,112.42,low,14:00,STD
2223,2025-04-03 15:00:00,2025,4,3,15,3,Weekday,Apr,0.4967,0.4967,46035,231,115.01,low,15:00,STD
2224,2025-04-03 16:00:00,2025,4,3,16,3,Weekday,Apr,0.5252,0.5252,46035,231,121.61,low,16:00,STD
2225,2025-04-03 17:00:00,2025,4,3,17,3,Weekday,Apr,0.2875,0.2875,46035,231,66.57,low,17:00,STD
2226,2025-04-03 18:00:00,2025,4,3,18,3,Weekday,Apr,0.0394,0.1,46035,231,23.15,low,18:00,PK
2227,2025-04-03 19:00:00,2025,4,3,19,3,Weekday,Apr,0.0369,0.1,46035,231,23.15,low,19:00,PK
2228,2025-04-03 20:00:00,2025,4,3,20,3,Weekday,Apr,0.2441,0.2441,46035,231,56.52,low,20:00,PK
2229,2025-04-03 21:00:00,2025,4,3,21,3,Weekday,Apr,0.4107,0.4107,46035,231,95.1,low,21:00,STD
2230,2025-04-03 22:00:00,2025,4,3,22,3,Weekday,Apr,0.1291,0.1291,46035,231,29.89,low,22:00,OP
2231,2025-04-03 23:00:00,2025,4,3,23,3,Weekday,Apr,0.0986,0.1,46035,231,23.15,low,23:00,OP
2232,2025-04-04 00:00:00,2025,4,4,0,4,Weekday,Apr,0.1105,0.1105,46035,231,25.59,low,00:00,OP
2233,2025-04-04 01:00:00,2025,4,4,1,4,Weekday,Apr,0.1022,0.1022,46035,231,23.67,low,01:00,OP
2234,2025-04-04 02:00:00,2025,4,4,2,4,Weekday,Apr,0.1079,0.1079,46035,231,24.98,low,02:00,OP
2235,2025-04-04 03:00:00,2025,4,4,3,4,Weekday,Apr,0.1285,0.1285,46035,231,29.75,low,03:00,OP
2236,2025-04-04 04:00:00,2025,4,4,4,4,Weekday,Apr,0.1432,0.1432,46035,231,33.16,low,04:00,OP
2237,2025-04-04 05:00:00,2025,4,4,5,4,Weekday,Apr,0.157,0.157,46035,231,36.35,low,05:00,OP
2238,2025-04-04 06:00:00,2025,4,4,6,4,Weekday,Apr,0.289,0.289,46035,231,66.92,low,06:00,STD
2239,2025-04-04 07:00:00,2025,4,4,7,4,Weekday,Apr,0.046,0.1,46035,231,23.15,low,07:00,PK
2240,2025-04-04 08:00:00,2025,4,4,8,4,Weekday,Apr,0.3365,0.3365,46035,231,77.92,low,08:00,PK
2241,2025-04-04 09:00:00,2025,4,4,9,4,Weekday,Apr,0.6077,0.6077,46035,231,140.72,low,09:00,STD
2242,2025-04-04 10:00:00,2025,4,4,10,4,Weekday,Apr,0.5644,0.5644,46035,231,130.69,low,10:00,STD
2243,2025-04-04 11:00:00,2025,4,4,11,4,Weekday,Apr,0.5577,0.5577,46035,231,129.14,low,11:00,STD
2244,2025-04-04 12:00:00,2025,4,4,12,4,Weekday,Apr,0.5319,0.5319,46035,231,123.17,low,12:00,STD
2245,2025-04-04 13:00:00,2025,4,4,13,4,Weekday,Apr,0.5076,0.5076,46035,231,117.54,low,13:00,STD
2246,2025-04-04 14:00:00,2025,4,4,14,4,Weekday,Apr,0.4855,0.4855,46035,231,112.42,low,14:00,STD
2247,2025-04-04 15:00:00,2025,4,4,15,4,Weekday,Apr,0.4967,0.4967,46035,231,115.01,low,15:00,STD
2248,2025-04-04 16:00:00,2025,4,4,16,4,Weekday,Apr,0.5252,0.5252,46035,231,121.61,low,16:00,STD
2249,2025-04-04 17:00:00,2025,4,4,17,4,Weekday,Apr,0.2875,0.2875,46035,231,66.57,low,17:00,STD
2250,2025-04-04 18:00:00,2025,4,4,18,4,Weekday,Apr,0.0394,0.1,46035,231,23.15,low,18:00,PK
2251,2025-04-04 19:00:00,2025,4,4,19,4,Weekday,Apr,0.0369,0.1,46035,231,23.15,low,19:00,PK
2252,2025-04-04 20:00:00,2025,4,4,20,4,Weekday,Apr,0.2441,0.2441,46035,231,56.52,low,20:00,PK
2253,2025-04-04 21:00:00,2025,4,4,21,4,Weekday,Apr,0.4107,0.4107,46035,231,95.1,low,21:00,STD
2254,2025-04-04 22:00:00,2025,4,4,22,4,Weekday,Apr,0.1291,0.1291,46035,231,29.89,low,22:00,OP
2255,2025-04-04 23:00:00,2025,4,4,23,4,Weekday,Apr,0.0986,0.1,46035,231,23.15,low,23:00,OP
2256,2025-04-05 00:00:00,2025,4,5,0,5,Sat,Apr,0.11,0.11,46035,231,25.47,low,00:00,OP
2257,2025-04-05 01:00:00,2025,4,5,1,5,Sat,Apr,0.1034,0.1034,46035,231,23.95,low,01:00,OP
2258,2025-04-05 02:00:00,2025,4,5,2,5,Sat,Apr,0.1073,0.1073,46035,231,24.85,low,02:00,OP
2259,2025-04-05 03:00:00,2025,4,5,3,5,Sat,Apr,0.1261,0.1261,46035,231,29.2,low,03:00,OP
2260,2025-04-05 04:00:00,2025,4,5,4,5,Sat,Apr,0.1426,0.1426,46035,231,33.02,low,04:00,OP
2261,2025-04-05 05:00:00,2025,4,5,5,5,Sat,Apr,0.1505,0.1505,46035,231,34.86,low,05:00,OP
2262,2025-04-05 06:00:00,2025,4,5,6,5,Sat,Apr,0.1655,0.1655,46035,231,38.32,low,06:00,OP
2263,2025-04-05 07:00:00,2025,4,5,7,5,Sat,Apr,0.3932,0.3932,46035,231,91.04,low,07:00,STD
2264,2025-04-05 08:00:00,2025,4,5,8,5,Sat,Apr,0.379,0.379,46035,231,87.76,low,08:00,STD
2265,2025-04-05 09:00:00,2025,4,5,9,5,Sat,Apr,0.3775,0.3775,46035,231,87.41,low,09:00,STD
2266,2025-04-05 10:00:00,2025,4,5,10,5,Sat,Apr,0.3608,0.3608,46035,231,83.54,low,10:00,STD
2267,2025-04-05 11:00:00,2025,4,5,11,5,Sat,Apr,0.3558,0.3558,46035,231,82.39,low,11:00,STD
2268,2025-04-05 12:00:00,2025,4,5,12,5,Sat,Apr,0.1722,0.1722,46035,231,39.88,low,12:00,OP
2269,2025-04-05 13:00:00,2025,4,5,13,5,Sat,Apr,0.1653,0.1653,46035,231,38.27,low,13:00,OP
2270,2025-04-05 14:00:00,2025,4,5,14,5,Sat,Apr,0.1541,0.1541,46035,231,35.68,low,14:00,OP
2271,2025-04-05 15:00:00,2025,4,5,15,5,Sat,Apr,0.1547,0.1547,46035,231,35.82,low,15:00,OP
2272,2025-04-05 16:00:00,2025,4,5,16,5,Sat,Apr,0.1634,0.1634,46035,231,37.84,low,16:00,OP
2273,2025-04-05 17:00:00,2025,4,5,17,5,Sat,Apr,0.3292,0.3292,46035,231,76.23,low,17:00,OP
2274,2025-04-05 18:00:00,2025,4,5,18,5,Sat,Apr,0.521,0.521,46035,231,120.64,low,18:00,STD
2275,2025-04-05 19:00:00,2025,4,5,19,5,Sat,Apr,0.3252,0.3252,46035,231,75.3,low,19:00,STD
2276,2025-04-05 20:00:00,2025,4,5,20,5,Sat,Apr,0.1437,0.1437,46035,231,33.27,low,20:00,OP
2277,2025-04-05 21:00:00,2025,4,5,21,5,Sat,Apr,0.1337,0.1337,46035,231,30.95,low,21:00,OP
2278,2025-04-05 22:00:00,2025,4,5,22,5,Sat,Apr,0.1291,0.1291,46035,231,29.89,low,22:00,OP
2279,2025-04-05 23:00:00,2025,4,5,23,5,Sat,Apr,0.0971,0.1,46035,231,23.15,low,23:00,OP
2280,2025-04-06 00:00:00,2025,4,6,0,6,Sun,Apr,0.11,0.11,46035,231,25.47,low,00:00,OP
2281,2025-04-06 01:00:00,2025,4,6,1,6,Sun,Apr,0.1034,0.1034,46035,231,23.95,low,01:00,OP
2282,2025-04-06 02:00:00,2025,4,6,2,6,Sun,Apr,0.1073,0.1073,46035,231,24.85,low,02:00,OP
2283,2025-04-06 03:00:00,2025,4,6,3,6,Sun,Apr,0.1261,0.1261,46035,231,29.2,low,03:00,OP
2284,2025-04-06 04:00:00,2025,4,6,4,6,Sun,Apr,0.1426,0.1426,46035,231,33.02,low,04:00,OP
2285,2025-04-06 05:00:00,2025,4,6,5,6,Sun,Apr,0.1505,0.1505,46035,231,34.86,low,05:00,OP
2286,2025-04-06 06:00:00,2025,4,6,6,6,Sun,Apr,0.1655,0.1655,46035,231,38.32,low,06:00,OP
2287,2025-04-06 07:00:00,2025,4,6,7,6,Sun,Apr,0.3932,0.3932,46035,231,91.04,low,07:00,OP
2288,2025-04-06 08:00:00,2025,4,6,8,6,Sun,Apr,0.379,0.379,46035,231,87.76,low,08:00,OP
2289,2025-04-06 09:00:00,2025,4,6,9,6,Sun,Apr,0.3775,0.3775,46035,231,87.41,low,09:00,OP
2290,2025-04-06 10:00:00,2025,4,6,10,6,Sun,Apr,0.3608,0.3608,46035,231,83.54,low,10:00,OP
2291,2025-04-06 11:00:00,2025,4,6,11,6,Sun,Apr,0.3558,0.3558,46035,231,82.39,low,11:00,OP
2292,2025-04-06 12:00:00,2025,4,6,12,6,Sun,Apr,0.1722,0.1722,46035,231,39.88,low,12:00,OP
2293,2025-04-06 13:00:00,2025,4,6,13,6,Sun,Apr,0.1653,0.1653,46035,231,38.27,low,13:00,OP
2294,2025-04-06 14:00:00,2025,4,6,14,6,Sun,Apr,0.1541,0.1541,46035,231,35.68,low,14:00,OP
2295,2025-04-06 15:00:00,2025,4,6,15,6,Sun,Apr,0.1547,0.1547,46035,231,35.82,low,15:00,OP
2296,2025-04-06 16:00:00,2025,4,6,16,6,Sun,Apr,0.1634,0.1634,46035,231,37.84,low,16:00,OP
2297,2025-04-06 17:00:00,2025,4,6,17,6,Sun,Apr,0.3292,0.3292,46035,231,76.23,low,17:00,OP
2298,2025-04-06 18:00:00,2025,4,6,18,6,Sun,Apr,0.521,0.521,46035,231,120.64,low,18:00,STD
2299,2025-04-06 19:00:00,2025,4,6,19,6,Sun,Apr,0.3252,0.3252,46035,231,75.3,low,19:00,STD
2300,2025-04-06 20:00:00,2025,4,6,20,6,Sun,Apr,0.1437,0.1437,46035,231,33.27,low,20:00,OP
2301,2025-04-06 21:00:00,2025,4,6,21,6,Sun,Apr,0.1337,0.1337,46035,231,30.95,low,21:00,OP
2302,2025-04-06 22:00:00,2025,4,6,22,6,Sun,Apr,0.1291,0.1291,46035,231,29.89,low,22:00,OP
2303,2025-04-06 23:00:00,2025,4,6,23,6,Sun,Apr,0.0971,0.1,46035,231,23.15,low,23:00,OP
2304,2025-04-07 00:00:00,2025,4,7,0,0,Weekday,Apr,0.1105,0.1105,46035,231,25.59,low,00:00,OP
2305,2025-04-07 01:00:00,2025,4,7,1,0,Weekday,Apr,0.1022,0.1022,46035,231,23.67,low,01:00,OP
2306,2025-04-07 02:00:00,2025,4,7,2,0,Weekday,Apr,0.1079,0.1079,46035,231,24.98,low,02:00,OP
2307,2025-04-07 03:00:00,2025,4,7,3,0,Weekday,Apr,0.1285,0.1285,46035,231,29.75,low,03:00,OP
2308,2025-04-07 04:00:00,2025,4,7,4,0,Weekday,Apr,0.1432,0.1432,46035,231,33.16,low,04:00,OP
2309,2025-04-07 05:00:00,2025,4,7,5,0,Weekday,Apr,0.157,0.157,46035,231,36.35,low,05:00,OP
2310,2025-04-07 06:00:00,2025,4,7,6,0,Weekday,Apr,0.289,0.289,46035,231,66.92,low,06:00,STD
2311,2025-04-07 07:00:00,2025,4,7,7,0,Weekday,Apr,0.046,0.1,46035,231,23.15,low,07:00,PK
2312,2025-04-07 08:00:00,2025,4,7,8,0,Weekday,Apr,0.3365,0.3365,46035,231,77.92,low,08:00,PK
2313,2025-04-07 09:00:00,2025,4,7,9,0,Weekday,Apr,0.6077,0.6077,46035,231,140.72,low,09:00,STD
2314,2025-04-07 10:00:00,2025,4,7,10,0,Weekday,Apr,0.5644,0.5644,46035,231,130.69,low,10:00,STD
2315,2025-04-07 11:00:00,2025,4,7,11,0,Weekday,Apr,0.5577,0.5577,46035,231,129.14,low,11:00,STD
2316,2025-04-07 12:00:00,2025,4,7,12,0,Weekday,Apr,0.5319,0.5319,46035,231,123.17,low,12:00,STD
2317,2025-04-07 13:00:00,2025,4,7,13,0,Weekday,Apr,0.5076,0.5076,46035,231,117.54,low,13:00,STD
2318,2025-04-07 14:00:00,2025,4,7,14,0,Weekday,Apr,0.4855,0.4855,46035,231,112.42,low,14:00,STD
2319,2025-04-07 15:00:00,2025,4,7,15,0,Weekday,Apr,0.4967,0.4967,46035,231,115.01,low,15:00,STD
2320,2025-04-07 16:00:00,2025,4,7,16,0,Weekday,Apr,0.5252,0.5252,46035,231,121.61,low,16:00,STD
2321,2025-04-07 17:00:00,2025,4,7,17,0,Weekday,Apr,0.2875,0.2875,46035,231,66.57,low,17:00,STD
2322,2025-04-07 18:00:00,2025,4,7,18,0,Weekday,Apr,0.0394,0.1,46035,231,23.15,low,18:00,PK
2323,2025-04-07 19:00:00,2025,4,7,19,0,Weekday,Apr,0.0369,0.1,46035,231,23.15,low,19:00,PK
2324,2025-04-07 20:00:00,2025,4,7,20,0,Weekday,Apr,0.2441,0.2441,46035,231,56.52,low,20:00,PK
2325,2025-04-07 21:00:00,2025,4,7,21,0,Weekday,Apr,0.4107,0.4107,46035,231,95.1,low,21:00,STD
2326,2025-04-07 22:00:00,2025,4,7,22,0,Weekday,Apr,0.1291,0.1291,46035,231,29.89,low,22:00,OP
2327,2025-04-07 23:00:00,2025,4,7,23,0,Weekday,Apr,0.0986,0.1,46035,231,23.15,low,23:00,OP
2328,2025-04-08 00:00:00,2025,4,8,0,1,Weekday,Apr,0.1105,0.1105,46035,231,25.59,low,00:00,OP
2329,2025-04-08 01:00:00,2025,4,8,1,1,Weekday,Apr,0.1022,0.1022,46035,231,23.67,low,01:00,OP
2330,2025-04-08 02:00:00,2025,4,8,2,1,Weekday,Apr,0.1079,0.1079,46035,231,24.98,low,02:00,OP
2331,2025-04-08 03:00:00,2025,4,8,3,1,Weekday,Apr,0.1285,0.1285,46035,231,29.75,low,03:00,OP
2332,2025-04-08 04:00:00,2025,4,8,4,1,Weekday,Apr,0.1432,0.1432,46035,231,33.16,low,04:00,OP
2333,2025-04-08 05:00:00,2025,4,8,5,1,Weekday,Apr,0.157,0.157,46035,231,36.35,low,05:00,OP
2334,2025-04-08 06:00:00,2025,4,8,6,1,Weekday,Apr,0.289,0.289,46035,231,66.92,low,06:00,STD
2335,2025-04-08 07:00:00,2025,4,8,7,1,Weekday,Apr,0.046,0.1,46035,231,23.15,low,07:00,PK
2336,2025-04-08 08:00:00,2025,4,8,8,1,Weekday,Apr,0.3365,0.3365,46035,231,77.92,low,08:00,PK
2337,2025-04-08 09:00:00,2025,4,8,9,1,Weekday,Apr,0.6077,0.6077,46035,231,140.72,low,09:00,STD
2338,2025-04-08 10:00:00,2025,4,8,10,1,Weekday,Apr,0.5644,0.5644,46035,231,130.69,low,10:00,STD
2339,2025-04-08 11:00:00,2025,4,8,11,1,Weekday,Apr,0.5577,0.5577,46035,231,129.14,low,11:00,STD
2340,2025-04-08 12:00:00,2025,4,8,12,1,Weekday,Apr,0.5319,0.5319,46035,231,123.17,low,12:00,STD
2341,2025-04-08 13:00:00,2025,4,8,13,1,Weekday,Apr,0.5076,0.5076,46035,231,117.54,low,13:00,STD
2342,2025-04-08 14:00:00,2025,4,8,14,1,Weekday,Apr,0.4855,0.4855,46035,231,112.42,low,14:00,STD
2343,2025-04-08 15:00:00,2025,4,8,15,1,Weekday,Apr,0.4967,0.4967,46035,231,115.01,low,15:00,STD
2344,2025-04-08 16:00:00,2025,4,8,16,1,Weekday,Apr,0.5252,0.5252,46035,231,121.61,low,16:00,STD
2345,2025-04-08 17:00:00,2025,4,8,17,1,Weekday,Apr,0.2875,0.2875,46035,231,66.57,low,17:00,STD
2346,2025-04-08 18:00:00,2025,4,8,18,1,Weekday,Apr,0.0394,0.1,46035,231,23.15,low,18:00,PK
2347,2025-04-08 19:00:00,2025,4,8,19,1,Weekday,Apr,0.0369,0.1,46035,231,23.15,low,19:00,PK
2348,2025-04-08 20:00:00,2025,4,8,20,1,Weekday,Apr,0.2441,0.2441,46035,231,56.52,low,20:00,PK
2349,2025-04-08 21:00:00,2025,4,8,21,1,Weekday,Apr,0.4107,0.4107,46035,231,95.1,low,21:00,STD
2350,2025-04-08 22:00:00,2025,4,8,22,1,Weekday,Apr,0.1291,0.1291,46035,231,29.89,low,22:00,OP
2351,2025-04-08 23:00:00,2025,4,8,23,1,Weekday,Apr,0.0986,0.1,46035,231,23.15,low,23:00,OP
2352,2025-04-09 00:00:00,2025,4,9,0,2,Weekday,Apr,0.1105,0.1105,46035,231,25.59,low,00:00,OP
2353,2025-04-09 01:00:00,2025,4,9,1,2,Weekday,Apr,0.1022,0.1022,46035,231,23.67,low,01:00,OP
2354,2025-04-09 02:00:00,2025,4,9,2,2,Weekday,Apr,0.1079,0.1079,46035,231,24.98,low,02:00,OP
2355,2025-04-09 03:00:00,2025,4,9,3,2,Weekday,Apr,0.1285,0.1285,46035,231,29.75,low,03:00,OP
2356,2025-04-09 04:00:00,2025,4,9,4,2,Weekday,Apr,0.1432,0.1432,46035,231,33.16,low,04:00,OP
2357,2025-04-09 05:00:00,2025,4,9,5,2,Weekday,Apr,0.157,0.157,46035,231,36.35,low,05:00,OP
2358,2025-04-09 06:00:00,2025,4,9,6,2,Weekday,Apr,0.289,0.289,46035,231,66.92,low,06:00,STD
2359,2025-04-09 07:00:00,2025,4,9,7,2,Weekday,Apr,0.046,0.1,46035,231,23.15,low,07:00,PK
2360,2025-04-09 08:00:00,2025,4,9,8,2,Weekday,Apr,0.3365,0.3365,46035,231,77.92,low,08:00,PK
2361,2025-04-09 09:00:00,2025,4,9,9,2,Weekday,Apr,0.6077,0.6077,46035,231,140.72,low,09:00,STD
2362,2025-04-09 10:00:00,2025,4,9,10,2,Weekday,Apr,0.5644,0.5644,46035,231,130.69,low,10:00,STD
2363,2025-04-09 11:00:00,2025,4,9,11,2,Weekday,Apr,0.5577,0.5577,46035,231,129.14,low,11:00,STD
2364,2025-04-09 12:00:00,2025,4,9,12,2,Weekday,Apr,0.5319,0.5319,46035,231,123.17,low,12:00,STD
2365,2025-04-09 13:00:00,2025,4,9,13,2,Weekday,Apr,0.5076,0.5076,46035,231,117.54,low,13:00,STD
2366,2025-04-09 14:00:00,2025,4,9,14,2,Weekday,Apr,0.4855,0.4855,46035,231,112.42,low,14:00,STD
2367,2025-04-09 15:00:00,2025,4,9,15,2,Weekday,Apr,0.4967,0.4967,46035,231,115.01,low,15:00,STD
2368,2025-04-09 16:00:00,2025,4,9,16,2,Weekday,Apr,0.5252,0.5252,46035,231,121.61,low,16:00,STD
2369,2025-04-09 17:00:00,2025,4,9,17,2,Weekday,Apr,0.2875,0.2875,46035,231,66.57,low,17:00,STD
2370,2025-04-09 18:00:00,2025,4,9,18,2,Weekday,Apr,0.0394,0.1,46035,231,23.15,low,18:00,PK
2371,2025-04-09 19:00:00,2025,4,9,19,2,Weekday,Apr,0.0369,0.1,46035,231,23.15,low,19:00,PK
2372,2025-04-09 20:00:00,2025,4,9,20,2,Weekday,Apr,0.2441,0.2441,46035,231,56.52,low,20:00,PK
2373,2025-04-09 21:00:00,2025,4,9,21,2,Weekday,Apr,0.4107,0.4107,46035,231,95.1,low,21:00,STD
2374,2025-04-09 22:00:00,2025,4,9,22,2,Weekday,Apr,0.1291,0.1291,46035,231,29.89,low,22:00,OP
2375,2025-04-09 23:00:00,2025,4,9,23,2,Weekday,Apr,0.0986,0.1,46035,231,23.15,low,23:00,OP
2376,2025-04-10 00:00:00,2025,4,10,0,3,Weekday,Apr,0.1105,0.1105,46035,231,25.59,low,00:00,OP
2377,2025-04-10 01:00:00,2025,4,10,1,3,Weekday,Apr,0.1022,0.1022,46035,231,23.67,low,01:00,OP
2378,2025-04-10 02:00:00,2025,4,10,2,3,Weekday,Apr,0.1079,0.1079,46035,231,24.98,low,02:00,OP
2379,2025-04-10 03:00:00,2025,4,10,3,3,Weekday,Apr,0.1285,0.1285,46035,231,29.75,low,03:00,OP
2380,2025-04-10 04:00:00,2025,4,10,4,3,Weekday,Apr,0.1432,0.1432,46035,231,33.16,low,04:00,OP
2381,2025-04-10 05:00:00,2025,4,10,5,3,Weekday,Apr,0.157,0.157,46035,231,36.35,low,05:00,OP
2382,2025-04-10 06:00:00,2025,4,10,6,3,Weekday,Apr,0.289,0.289,46035,231,66.92,low,06:00,STD
2383,2025-04-10 07:00:00,2025,4,10,7,3,Weekday,Apr,0.046,0.1,46035,231,23.15,low,07:00,PK
2384,2025-04-10 08:00:00,2025,4,10,8,3,Weekday,Apr,0.3365,0.3365,46035,231,77.92,low,08:00,PK
2385,2025-04-10 09:00:00,2025,4,10,9,3,Weekday,Apr,0.6077,0.6077,46035,231,140.72,low,09:00,STD
2386,2025-04-10 10:00:00,2025,4,10,10,3,Weekday,Apr,0.5644,0.5644,46035,231,130.69,low,10:00,STD
2387,2025-04-10 11:00:00,2025,4,10,11,3,Weekday,Apr,0.5577,0.5577,46035,231,129.14,low,11:00,STD
2388,2025-04-10 12:00:00,2025,4,10,12,3,Weekday,Apr,0.5319,0.5319,46035,231,123.17,low,12:00,STD
2389,2025-04-10 13:00:00,2025,4,10,13,3,Weekday,Apr,0.5076,0.5076,46035,231,117.54,low,13:00,STD
2390,2025-04-10 14:00:00,2025,4,10,14,3,Weekday,Apr,0.4855,0.4855,46035,231,112.42,low,14:00,STD
2391,2025-04-10 15:00:00,2025,4,10,15,3,Weekday,Apr,0.4967,0.4967,46035,231,115.01,low,15:00,STD
2392,2025-04-10 16:00:00,2025,4,10,16,3,Weekday,Apr,0.5252,0.5252,46035,231,121.61,low,16:00,STD
2393,2025-04-10 17:00:00,2025,4,10,17,3,Weekday,Apr,0.2875,0.2875,46035,231,66.57,low,17:00,STD
2394,2025-04-10 18:00:00,2025,4,10,18,3,Weekday,Apr,0.0394,0.1,46035,231,23.15,low,18:00,PK
2395,2025-04-10 19:00:00,2025,4,10,19,3,Weekday,Apr,0.0369,0.1,46035,231,23.15,low,19:00,PK
2396,2025-04-10 20:00:00,2025,4,10,20,3,Weekday,Apr,0.2441,0.2441,46035,231,56.52,low,20:00,PK
2397,2025-04-10 21:00:00,2025,4,10,21,3,Weekday,Apr,0.4107,0.4107,46035,231,95.1,low,21:00,STD
2398,2025-04-10 22:00:00,2025,4,10,22,3,Weekday,Apr,0.1291,0.1291,46035,231,29.89,low,22:00,OP
2399,2025-04-10 23:00:00,2025,4,10,23,3,Weekday,Apr,0.0986,0.1,46035,231,23.15,low,23:00,OP
2400,2025-04-11 00:00:00,2025,4,11,0,4,Weekday,Apr,0.1105,0.1105,46035,231,25.59,low,00:00,OP
2401,2025-04-11 01:00:00,2025,4,11,1,4,Weekday,Apr,0.1022,0.1022,46035,231,23.67,low,01:00,OP
2402,2025-04-11 02:00:00,2025,4,11,2,4,Weekday,Apr,0.1079,0.1079,46035,231,24.98,low,02:00,OP
2403,2025-04-11 03:00:00,2025,4,11,3,4,Weekday,Apr,0.1285,0.1285,46035,231,29.75,low,03:00,OP
2404,2025-04-11 04:00:00,2025,4,11,4,4,Weekday,Apr,0.1432,0.1432,46035,231,33.16,low,04:00,OP
2405,2025-04-11 05:00:00,2025,4,11,5,4,Weekday,Apr,0.157,0.157,46035,231,36.35,low,05:00,OP
2406,2025-04-11 06:00:00,2025,4,11,6,4,Weekday,Apr,0.289,0.289,46035,231,66.92,low,06:00,STD
2407,2025-04-11 07:00:00,2025,4,11,7,4,Weekday,Apr,0.046,0.1,46035,231,23.15,low,07:00,PK
2408,2025-04-11 08:00:00,2025,4,11,8,4,Weekday,Apr,0.3365,0.3365,46035,231,77.92,low,08:00,PK
2409,2025-04-11 09:00:00,2025,4,11,9,4,Weekday,Apr,0.6077,0.6077,46035,231,140.72,low,09:00,STD
2410,2025-04-11 10:00:00,2025,4,11,10,4,Weekday,Apr,0.5644,0.5644,46035,231,130.69,low,10:00,STD
2411,2025-04-11 11:00:00,2025,4,11,11,4,Weekday,Apr,0.5577,0.5577,46035,231,129.14,low,11:00,STD
2412,2025-04-11 12:00:00,2025,4,11,12,4,Weekday,Apr,0.5319,0.5319,46035,231,123.17,low,12:00,STD
2413,2025-04-11 13:00:00,2025,4,11,13,4,Weekday,Apr,0.5076,0.5076,46035,231,117.54,low,13:00,STD
2414,2025-04-11 14:00:00,2025,4,11,14,4,Weekday,Apr,0.4855,0.4855,46035,231,112.42,low,14:00,STD
2415,2025-04-11 15:00:00,2025,4,11,15,4,Weekday,Apr,0.4967,0.4967,46035,231,115.01,low,15:00,STD
2416,2025-04-11 16:00:00,2025,4,11,16,4,Weekday,Apr,0.5252,0.5252,46035,231,121.61,low,16:00,STD
2417,2025-04-11 17:00:00,2025,4,11,17,4,Weekday,Apr,0.2875,0.2875,46035,231,66.57,low,17:00,STD
2418,2025-04-11 18:00:00,2025,4,11,18,4,Weekday,Apr,0.0394,0.1,46035,231,23.15,low,18:00,PK
2419,2025-04-11 19:00:00,2025,4,11,19,4,Weekday,Apr,0.0369,0.1,46035,231,23.15,low,19:00,PK
2420,2025-04-11 20:00:00,2025,4,11,20,4,Weekday,Apr,0.2441,0.2441,46035,231,56.52,low,20:00,PK
2421,2025-04-11 21:00:00,2025,4,11,21,4,Weekday,Apr,0.4107,0.4107,46035,231,95.1,low,21:00,STD
2422,2025-04-11 22:00:00,2025,4,11,22,4,Weekday,Apr,0.1291,0.1291,46035,231,29.89,low,22:00,OP
2423,2025-04-11 23:00:00,2025,4,11,23,4,Weekday,Apr,0.0986,0.1,46035,231,23.15,low,23:00,OP
2424,2025-04-12 00:00:00,2025,4,12,0,5,Sat,Apr,0.11,0.11,46035,231,25.47,low,00:00,OP
2425,2025-04-12 01:00:00,2025,4,12,1,5,Sat,Apr,0.1034,0.1034,46035,231,23.95,low,01:00,OP
2426,2025-04-12 02:00:00,2025,4,12,2,5,Sat,Apr,0.1073,0.1073,46035,231,24.85,low,02:00,OP
2427,2025-04-12 03:00:00,2025,4,12,3,5,Sat,Apr,0.1261,0.1261,46035,231,29.2,low,03:00,OP
2428,2025-04-12 04:00:00,2025,4,12,4,5,Sat,Apr,0.1426,0.1426,46035,231,33.02,low,04:00,OP
2429,2025-04-12 05:00:00,2025,4,12,5,5,Sat,Apr,0.1505,0.1505,46035,231,34.86,low,05:00,OP
2430,2025-04-12 06:00:00,2025,4,12,6,5,Sat,Apr,0.1655,0.1655,46035,231,38.32,low,06:00,OP
2431,2025-04-12 07:00:00,2025,4,12,7,5,Sat,Apr,0.3932,0.3932,46035,231,91.04,low,07:00,STD
2432,2025-04-12 08:00:00,2025,4,12,8,5,Sat,Apr,0.379,0.379,46035,231,87.76,low,08:00,STD
2433,2025-04-12 09:00:00,2025,4,12,9,5,Sat,Apr,0.3775,0.3775,46035,231,87.41,low,09:00,STD
2434,2025-04-12 10:00:00,2025,4,12,10,5,Sat,Apr,0.3608,0.3608,46035,231,83.54,low,10:00,STD
2435,2025-04-12 11:00:00,2025,4,12,11,5,Sat,Apr,0.3558,0.3558,46035,231,82.39,low,11:00,STD
2436,2025-04-12 12:00:00,2025,4,12,12,5,Sat,Apr,0.1722,0.1722,46035,231,39.88,low,12:00,OP
2437,2025-04-12 13:00:00,2025,4,12,13,5,Sat,Apr,0.1653,0.1653,46035,231,38.27,low,13:00,OP
2438,2025-04-12 14:00:00,2025,4,12,14,5,Sat,Apr,0.1541,0.1541,46035,231,35.68,low,14:00,OP
2439,2025-04-12 15:00:00,2025,4,12,15,5,Sat,Apr,0.1547,0.1547,46035,231,35.82,low,15:00,OP
2440,2025-04-12 16:00:00,2025,4,12,16,5,Sat,Apr,0.1634,0.1634,46035,231,37.84,low,16:00,OP
2441,2025-04-12 17:00:00,2025,4,12,17,5,Sat,Apr,0.3292,0.3292,46035,231,76.23,low,17:00,OP
2442,2025-04-12 18:00:00,2025,4,12,18,5,Sat,Apr,0.521,0.521,46035,231,120.64,low,18:00,STD
2443,2025-04-12 19:00:00,2025,4,12,19,5,Sat,Apr,0.3252,0.3252,46035,231,75.3,low,19:00,STD
2444,2025-04-12 20:00:00,2025,4,12,20,5,Sat,Apr,0.1437,0.1437,46035,231,33.27,low,20:00,OP
2445,2025-04-12 21:00:00,2025,4,12,21,5,Sat,Apr,0.1337,0.1337,46035,231,30.95,low,21:00,OP
2446,2025-04-12 22:00:00,2025,4,12,22,5,Sat,Apr,0.1291,0.1291,46035,231,29.89,low,22:00,OP
2447,2025-04-12 23:00:00,2025,4,12,23,5,Sat,Apr,0.0971,0.1,46035,231,23.15,low,23:00,OP
2448,2025-04-13 00:00:00,2025,4,13,0,6,Sun,Apr,0.11,0.11,46035,231,25.47,low,00:00,OP
2449,2025-04-13 01:00:00,2025,4,13,1,6,Sun,Apr,0.1034,0.1034,46035,231,23.95,low,01:00,OP
2450,2025-04-13 02:00:00,2025,4,13,2,6,Sun,Apr,0.1073,0.1073,46035,231,24.85,low,02:00,OP
2451,2025-04-13 03:00:00,2025,4,13,3,6,Sun,Apr,0.1261,0.1261,46035,231,29.2,low,03:00,OP
2452,2025-04-13 04:00:00,2025,4,13,4,6,Sun,Apr,0.1426,0.1426,46035,231,33.02,low,04:00,OP
2453,2025-04-13 05:00:00,2025,4,13,5,6,Sun,Apr,0.1505,0.1505,46035,231,34.86,low,05:00,OP
2454,2025-04-13 06:00:00,2025,4,13,6,6,Sun,Apr,0.1655,0.1655,46035,231,38.32,low,06:00,OP
2455,2025-04-13 07:00:00,2025,4,13,7,6,Sun,Apr,0.3932,0.3932,46035,231,91.04,low,07:00,OP
2456,2025-04-13 08:00:00,2025,4,13,8,6,Sun,Apr,0.379,0.379,46035,231,87.76,low,08:00,OP
2457,2025-04-13 09:00:00,2025,4,13,9,6,Sun,Apr,0.3775,0.3775,46035,231,87.41,low,09:00,OP
2458,2025-04-13 10:00:00,2025,4,13,10,6,Sun,Apr,0.3608,0.3608,46035,231,83.54,low,10:00,OP
2459,2025-04-13 11:00:00,2025,4,13,11,6,Sun,Apr,0.3558,0.3558,46035,231,82.39,low,11:00,OP
2460,2025-04-13 12:00:00,2025,4,13,12,6,Sun,Apr,0.1722,0.1722,46035,231,39.88,low,12:00,OP
2461,2025-04-13 13:00:00,2025,4,13,13,6,Sun,Apr,0.1653,0.1653,46035,231,38.27,low,13:00,OP
2462,2025-04-13 14:00:00,2025,4,13,14,6,Sun,Apr,0.1541,0.1541,46035,231,35.68,low,14:00,OP
2463,2025-04-13 15:00:00,2025,4,13,15,6,Sun,Apr,0.1547,0.1547,46035,231,35.82,low,15:00,OP
2464,2025-04-13 16:00:00,2025,4,13,16,6,Sun,Apr,0.1634,0.1634,46035,231,37.84,low,16:00,OP
2465,2025-04-13 17:00:00,2025,4,13,17,6,Sun,Apr,0.3292,0.3292,46035,231,76.23,low,17:00,OP
2466,2025-04-13 18:00:00,2025,4,13,18,6,Sun,Apr,0.521,0.521,46035,231,120.64,low,18:00,STD
2467,2025-04-13 19:00:00,2025,4,13,19,6,Sun,Apr,0.3252,0.3252,46035,231,75.3,low,19:00,STD
2468,2025-04-13 20:00:00,2025,4,13,20,6,Sun,Apr,0.1437,0.1437,46035,231,33.27,low,20:00,OP
2469,2025-04-13 21:00:00,2025,4,13,21,6,Sun,Apr,0.1337,0.1337,46035,231,30.95,low,21:00,OP
2470,2025-04-13 22:00:00,2025,4,13,22,6,Sun,Apr,0.1291,0.1291,46035,231,29.89,low,22:00,OP
2471,2025-04-13 23:00:00,2025,4,13,23,6,Sun,Apr,0.0971,0.1,46035,231,23.15,low,23:00,OP
2472,2025-04-14 00:00:00,2025,4,14,0,0,Weekday,Apr,0.1105,0.1105,46035,231,25.59,low,00:00,OP
2473,2025-04-14 01:00:00,2025,4,14,1,0,Weekday,Apr,0.1022,0.1022,46035,231,23.67,low,01:00,OP
2474,2025-04-14 02:00:00,2025,4,14,2,0,Weekday,Apr,0.1079,0.1079,46035,231,24.98,low,02:00,OP
2475,2025-04-14 03:00:00,2025,4,14,3,0,Weekday,Apr,0.1285,0.1285,46035,231,29.75,low,03:00,OP
2476,2025-04-14 04:00:00,2025,4,14,4,0,Weekday,Apr,0.1432,0.1432,46035,231,33.16,low,04:00,OP
2477,2025-04-14 05:00:00,2025,4,14,5,0,Weekday,Apr,0.157,0.157,46035,231,36.35,low,05:00,OP
2478,2025-04-14 06:00:00,2025,4,14,6,0,Weekday,Apr,0.289,0.289,46035,231,66.92,low,06:00,STD
2479,2025-04-14 07:00:00,2025,4,14,7,0,Weekday,Apr,0.046,0.1,46035,231,23.15,low,07:00,PK
2480,2025-04-14 08:00:00,2025,4,14,8,0,Weekday,Apr,0.3365,0.3365,46035,231,77.92,low,08:00,PK
2481,2025-04-14 09:00:00,2025,4,14,9,0,Weekday,Apr,0.6077,0.6077,46035,231,140.72,low,09:00,STD
2482,2025-04-14 10:00:00,2025,4,14,10,0,Weekday,Apr,0.5644,0.5644,46035,231,130.69,low,10:00,STD
2483,2025-04-14 11:00:00,2025,4,14,11,0,Weekday,Apr,0.5577,0.5577,46035,231,129.14,low,11:00,STD
2484,2025-04-14 12:00:00,2025,4,14,12,0,Weekday,Apr,0.5319,0.5319,46035,231,123.17,low,12:00,STD
2485,2025-04-14 13:00:00,2025,4,14,13,0,Weekday,Apr,0.5076,0.5076,46035,231,117.54,low,13:00,STD
2486,2025-04-14 14:00:00,2025,4,14,14,0,Weekday,Apr,0.4855,0.4855,46035,231,112.42,low,14:00,STD
2487,2025-04-14 15:00:00,2025,4,14,15,0,Weekday,Apr,0.4967,0.4967,46035,231,115.01,low,15:00,STD
2488,2025-04-14 16:00:00,2025,4,14,16,0,Weekday,Apr,0.5252,0.5252,46035,231,121.61,low,16:00,STD
2489,2025-04-14 17:00:00,2025,4,14,17,0,Weekday,Apr,0.2875,0.2875,46035,231,66.57,low,17:00,STD
2490,2025-04-14 18:00:00,2025,4,14,18,0,Weekday,Apr,0.0394,0.1,46035,231,23.15,low,18:00,PK
2491,2025-04-14 19:00:00,2025,4,14,19,0,Weekday,Apr,0.0369,0.1,46035,231,23.15,low,19:00,PK
2492,2025-04-14 20:00:00,2025,4,14,20,0,Weekday,Apr,0.2441,0.2441,46035,231,56.52,low,20:00,PK
2493,2025-04-14 21:00:00,2025,4,14,21,0,Weekday,Apr,0.4107,0.4107,46035,231,95.1,low,21:00,STD
2494,2025-04-14 22:00:00,2025,4,14,22,0,Weekday,Apr,0.1291,0.1291,46035,231,29.89,low,22:00,OP
2495,2025-04-14 23:00:00,2025,4,14,23,0,Weekday,Apr,0.0986,0.1,46035,231,23.15,low,23:00,OP
2496,2025-04-15 00:00:00,2025,4,15,0,1,Weekday,Apr,0.1105,0.1105,46035,231,25.59,low,00:00,OP
2497,2025-04-15 01:00:00,2025,4,15,1,1,Weekday,Apr,0.1022,0.1022,46035,231,23.67,low,01:00,OP
2498,2025-04-15 02:00:00,2025,4,15,2,1,Weekday,Apr,0.1079,0.1079,46035,231,24.98,low,02:00,OP
2499,2025-04-15 03:00:00,2025,4,15,3,1,Weekday,Apr,0.1285,0.1285,46035,231,29.75,low,03:00,OP
2500,2025-04-15 04:00:00,2025,4,15,4,1,Weekday,Apr,0.1432,0.1432,46035,231,33.16,low,04:00,OP
2501,2025-04-15 05:00:00,2025,4,15,5,1,Weekday,Apr,0.157,0.157,46035,231,36.35,low,05:00,OP
2502,2025-04-15 06:00:00,2025,4,15,6,1,Weekday,Apr,0.289,0.289,46035,231,66.92,low,06:00,STD
2503,2025-04-15 07:00:00,2025,4,15,7,1,Weekday,Apr,0.046,0.1,46035,231,23.15,low,07:00,PK
2504,2025-04-15 08:00:00,2025,4,15,8,1,Weekday,Apr,0.3365,0.3365,46035,231,77.92,low,08:00,PK
2505,2025-04-15 09:00:00,2025,4,15,9,1,Weekday,Apr,0.6077,0.6077,46035,231,140.72,low,09:00,STD
2506,2025-04-15 10:00:00,2025,4,15,10,1,Weekday,Apr,0.5644,0.5644,46035,231,130.69,low,10:00,STD
2507,2025-04-15 11:00:00,2025,4,15,11,1,Weekday,Apr,0.5577,0.5577,46035,231,129.14,low,11:00,STD
2508,2025-04-15 12:00:00,2025,4,15,12,1,Weekday,Apr,0.5319,0.5319,46035,231,123.17,low,12:00,STD
2509,2025-04-15 13:00:00,2025,4,15,13,1,Weekday,Apr,0.5076,0.5076,46035,231,117.54,low,13:00,STD
2510,2025-04-15 14:00:00,2025,4,15,14,1,Weekday,Apr,0.4855,0.4855,46035,231,112.42,low,14:00,STD
2511,2025-04-15 15:00:00,2025,4,15,15,1,Weekday,Apr,0.4967,0.4967,46035,231,115.01,low,15:00,STD
2512,2025-04-15 16:00:00,2025,4,15,16,1,Weekday,Apr,0.5252,0.5252,46035,231,121.61,low,16:00,STD
2513,2025-04-15 17:00:00,2025,4,15,17,1,Weekday,Apr,0.2875,0.2875,46035,231,66.57,low,17:00,STD
2514,2025-04-15 18:00:00,2025,4,15,18,1,Weekday,Apr,0.0394,0.1,46035,231,23.15,low,18:00,PK
2515,2025-04-15 19:00:00,2025,4,15,19,1,Weekday,Apr,0.0369,0.1,46035,231,23.15,low,19:00,PK
2516,2025-04-15 20:00:00,2025,4,15,20,1,Weekday,Apr,0.2441,0.2441,46035,231,56.52,low,20:00,PK
2517,2025-04-15 21:00:00,2025,4,15,21,1,Weekday,Apr,0.4107,0.4107,46035,231,95.1,low,21:00,STD
2518,2025-04-15 22:00:00,2025,4,15,22,1,Weekday,Apr,0.1291,0.1291,46035,231,29.89,low,22:00,OP
2519,2025-04-15 23:00:00,2025,4,15,23,1,Weekday,Apr,0.0986,0.1,46035,231,23.15,low,23:00,OP
2520,2025-04-16 00:00:00,2025,4,16,0,2,Weekday,Apr,0.1105,0.1105,46035,231,25.59,low,00:00,OP
2521,2025-04-16 01:00:00,2025,4,16,1,2,Weekday,Apr,0.1022,0.1022,46035,231,23.67,low,01:00,OP
2522,2025-04-16 02:00:00,2025,4,16,2,2,Weekday,Apr,0.1079,0.1079,46035,231,24.98,low,02:00,OP
2523,2025-04-16 03:00:00,2025,4,16,3,2,Weekday,Apr,0.1285,0.1285,46035,231,29.75,low,03:00,OP
2524,2025-04-16 04:00:00,2025,4,16,4,2,Weekday,Apr,0.1432,0.1432,46035,231,33.16,low,04:00,OP
2525,2025-04-16 05:00:00,2025,4,16,5,2,Weekday,Apr,0.157,0.157,46035,231,36.35,low,05:00,OP
2526,2025-04-16 06:00:00,2025,4,16,6,2,Weekday,Apr,0.289,0.289,46035,231,66.92,low,06:00,STD
2527,2025-04-16 07:00:00,2025,4,16,7,2,Weekday,Apr,0.046,0.1,46035,231,23.15,low,07:00,PK
2528,2025-04-16 08:00:00,2025,4,16,8,2,Weekday,Apr,0.3365,0.3365,46035,231,77.92,low,08:00,PK
2529,2025-04-16 09:00:00,2025,4,16,9,2,Weekday,Apr,0.6077,0.6077,46035,231,140.72,low,09:00,STD
2530,2025-04-16 10:00:00,2025,4,16,10,2,Weekday,Apr,0.5644,0.5644,46035,231,130.69,low,10:00,STD
2531,2025-04-16 11:00:00,2025,4,16,11,2,Weekday,Apr,0.5577,0.5577,46035,231,129.14,low,11:00,STD
2532,2025-04-16 12:00:00,2025,4,16,12,2,Weekday,Apr,0.5319,0.5319,46035,231,123.17,low,12:00,STD
2533,2025-04-16 13:00:00,2025,4,16,13,2,Weekday,Apr,0.5076,0.5076,46035,231,117.54,low,13:00,STD
2534,2025-04-16 14:00:00,2025,4,16,14,2,Weekday,Apr,0.4855,0.4855,46035,231,112.42,low,14:00,STD
2535,2025-04-16 15:00:00,2025,4,16,15,2,Weekday,Apr,0.4967,0.4967,46035,231,115.01,low,15:00,STD
2536,2025-04-16 16:00:00,2025,4,16,16,2,Weekday,Apr,0.5252,0.5252,46035,231,121.61,low,16:00,STD
2537,2025-04-16 17:00:00,2025,4,16,17,2,Weekday,Apr,0.2875,0.2875,46035,231,66.57,low,17:00,STD
2538,2025-04-16 18:00:00,2025,4,16,18,2,Weekday,Apr,0.0394,0.1,46035,231,23.15,low,18:00,PK
2539,2025-04-16 19:00:00,2025,4,16,19,2,Weekday,Apr,0.0369,0.1,46035,231,23.15,low,19:00,PK
2540,2025-04-16 20:00:00,2025,4,16,20,2,Weekday,Apr,0.2441,0.2441,46035,231,56.52,low,20:00,PK
2541,2025-04-16 21:00:00,2025,4,16,21,2,Weekday,Apr,0.4107,0.4107,46035,231,95.1,low,21:00,STD
2542,2025-04-16 22:00:00,2025,4,16,22,2,Weekday,Apr,0.1291,0.1291,46035,231,29.89,low,22:00,OP
2543,2025-04-16 23:00:00,2025,4,16,23,2,Weekday,Apr,0.0986,0.1,46035,231,23.15,low,23:00,OP
2544,2025-04-17 00:00:00,2025,4,17,0,3,Weekday,Apr,0.1105,0.1105,46035,231,25.59,low,00:00,OP
2545,2025-04-17 01:00:00,2025,4,17,1,3,Weekday,Apr,0.1022,0.1022,46035,231,23.67,low,01:00,OP
2546,2025-04-17 02:00:00,2025,4,17,2,3,Weekday,Apr,0.1079,0.1079,46035,231,24.98,low,02:00,OP
2547,2025-04-17 03:00:00,2025,4,17,3,3,Weekday,Apr,0.1285,0.1285,46035,231,29.75,low,03:00,OP
2548,2025-04-17 04:00:00,2025,4,17,4,3,Weekday,Apr,0.1432,0.1432,46035,231,33.16,low,04:00,OP
2549,2025-04-17 05:00:00,2025,4,17,5,3,Weekday,Apr,0.157,0.157,46035,231,36.35,low,05:00,OP
2550,2025-04-17 06:00:00,2025,4,17,6,3,Weekday,Apr,0.289,0.289,46035,231,66.92,low,06:00,STD
2551,2025-04-17 07:00:00,2025,4,17,7,3,Weekday,Apr,0.046,0.1,46035,231,23.15,low,07:00,PK
2552,2025-04-17 08:00:00,2025,4,17,8,3,Weekday,Apr,0.3365,0.3365,46035,231,77.92,low,08:00,PK
2553,2025-04-17 09:00:00,2025,4,17,9,3,Weekday,Apr,0.6077,0.6077,46035,231,140.72,low,09:00,STD
2554,2025-04-17 10:00:00,2025,4,17,10,3,Weekday,Apr,0.5644,0.5644,46035,231,130.69,low,10:00,STD
2555,2025-04-17 11:00:00,2025,4,17,11,3,Weekday,Apr,0.5577,0.5577,46035,231,129.14,low,11:00,STD
2556,2025-04-17 12:00:00,2025,4,17,12,3,Weekday,Apr,0.5319,0.5319,46035,231,123.17,low,12:00,STD
2557,2025-04-17 13:00:00,2025,4,17,13,3,Weekday,Apr,0.5076,0.5076,46035,231,117.54,low,13:00,STD
2558,2025-04-17 14:00:00,2025,4,17,14,3,Weekday,Apr,0.4855,0.4855,46035,231,112.42,low,14:00,STD
2559,2025-04-17 15:00:00,2025,4,17,15,3,Weekday,Apr,0.4967,0.4967,46035,231,115.01,low,15:00,STD
2560,2025-04-17 16:00:00,2025,4,17,16,3,Weekday,Apr,0.5252,0.5252,46035,231,121.61,low,16:00,STD
2561,2025-04-17 17:00:00,2025,4,17,17,3,Weekday,Apr,0.2875,0.2875,46035,231,66.57,low,17:00,STD
2562,2025-04-17 18:00:00,2025,4,17,18,3,Weekday,Apr,0.0394,0.1,46035,231,23.15,low,18:00,PK
2563,2025-04-17 19:00:00,2025,4,17,19,3,Weekday,Apr,0.0369,0.1,46035,231,23.15,low,19:00,PK
2564,2025-04-17 20:00:00,2025,4,17,20,3,Weekday,Apr,0.2441,0.2441,46035,231,56.52,low,20:00,PK
2565,2025-04-17 21:00:00,2025,4,17,21,3,Weekday,Apr,0.4107,0.4107,46035,231,95.1,low,21:00,STD
2566,2025-04-17 22:00:00,2025,4,17,22,3,Weekday,Apr,0.1291,0.1291,46035,231,29.89,low,22:00,OP
2567,2025-04-17 23:00:00,2025,4,17,23,3,Weekday,Apr,0.0986,0.1,46035,231,23.15,low,23:00,OP
2568,2025-04-18 00:00:00,2025,4,18,0,4,Weekday,Apr,0.1105,0.1105,46035,231,25.59,low,00:00,OP
2569,2025-04-18 01:00:00,2025,4,18,1,4,Weekday,Apr,0.1022,0.1022,46035,231,23.67,low,01:00,OP
2570,2025-04-18 02:00:00,2025,4,18,2,4,Weekday,Apr,0.1079,0.1079,46035,231,24.98,low,02:00,OP
2571,2025-04-18 03:00:00,2025,4,18,3,4,Weekday,Apr,0.1285,0.1285,46035,231,29.75,low,03:00,OP
2572,2025-04-18 04:00:00,2025,4,18,4,4,Weekday,Apr,0.1432,0.1432,46035,231,33.16,low,04:00,OP
2573,2025-04-18 05:00:00,2025,4,18,5,4,Weekday,Apr,0.157,0.157,46035,231,36.35,low,05:00,OP
2574,2025-04-18 06:00:00,2025,4,18,6,4,Weekday,Apr,0.289,0.289,46035,231,66.92,low,06:00,STD
2575,2025-04-18 07:00:00,2025,4,18,7,4,Weekday,Apr,0.046,0.1,46035,231,23.15,low,07:00,PK
2576,2025-04-18 08:00:00,2025,4,18,8,4,Weekday,Apr,0.3365,0.3365,46035,231,77.92,low,08:00,PK
2577,2025-04-18 09:00:00,2025,4,18,9,4,Weekday,Apr,0.6077,0.6077,46035,231,140.72,low,09:00,STD
2578,2025-04-18 10:00:00,2025,4,18,10,4,Weekday,Apr,0.5644,0.5644,46035,231,130.69,low,10:00,STD
2579,2025-04-18 11:00:00,2025,4,18,11,4,Weekday,Apr,0.5577,0.5577,46035,231,129.14,low,11:00,STD
2580,2025-04-18 12:00:00,2025,4,18,12,4,Weekday,Apr,0.5319,0.5319,46035,231,123.17,low,12:00,STD
2581,2025-04-18 13:00:00,2025,4,18,13,4,Weekday,Apr,0.5076,0.5076,46035,231,117.54,low,13:00,STD
2582,2025-04-18 14:00:00,2025,4,18,14,4,Weekday,Apr,0.4855,0.4855,46035,231,112.42,low,14:00,STD
2583,2025-04-18 15:00:00,2025,4,18,15,4,Weekday,Apr,0.4967,0.4967,46035,231,115.01,low,15:00,STD
2584,2025-04-18 16:00:00,2025,4,18,16,4,Weekday,Apr,0.5252,0.5252,46035,231,121.61,low,16:00,STD
2585,2025-04-18 17:00:00,2025,4,18,17,4,Weekday,Apr,0.2875,0.2875,46035,231,66.57,low,17:00,STD
2586,2025-04-18 18:00:00,2025,4,18,18,4,Weekday,Apr,0.0394,0.1,46035,231,23.15,low,18:00,PK
2587,2025-04-18 19:00:00,2025,4,18,19,4,Weekday,Apr,0.0369,0.1,46035,231,23.15,low,19:00,PK
2588,2025-04-18 20:00:00,2025,4,18,20,4,Weekday,Apr,0.2441,0.2441,46035,231,56.52,low,20:00,PK
2589,2025-04-18 21:00:00,2025,4,18,21,4,Weekday,Apr,0.4107,0.4107,46035,231,95.1,low,21:00,STD
2590,2025-04-18 22:00:00,2025,4,18,22,4,Weekday,Apr,0.1291,0.1291,46035,231,29.89,low,22:00,OP
2591,2025-04-18 23:00:00,2025,4,18,23,4,Weekday,Apr,0.0986,0.1,46035,231,23.15,low,23:00,OP
2592,2025-04-19 00:00:00,2025,4,19,0,5,Sat,Apr,0.11,0.11,46035,231,25.47,low,00:00,OP
2593,2025-04-19 01:00:00,2025,4,19,1,5,Sat,Apr,0.1034,0.1034,46035,231,23.95,low,01:00,OP
2594,2025-04-19 02:00:00,2025,4,19,2,5,Sat,Apr,0.1073,0.1073,46035,231,24.85,low,02:00,OP
2595,2025-04-19 03:00:00,2025,4,19,3,5,Sat,Apr,0.1261,0.1261,46035,231,29.2,low,03:00,OP
2596,2025-04-19 04:00:00,2025,4,19,4,5,Sat,Apr,0.1426,0.1426,46035,231,33.02,low,04:00,OP
2597,2025-04-19 05:00:00,2025,4,19,5,5,Sat,Apr,0.1505,0.1505,46035,231,34.86,low,05:00,OP
2598,2025-04-19 06:00:00,2025,4,19,6,5,Sat,Apr,0.1655,0.1655,46035,231,38.32,low,06:00,OP
2599,2025-04-19 07:00:00,2025,4,19,7,5,Sat,Apr,0.3932,0.3932,46035,231,91.04,low,07:00,STD
2600,2025-04-19 08:00:00,2025,4,19,8,5,Sat,Apr,0.379,0.379,46035,231,87.76,low,08:00,STD
2601,2025-04-19 09:00:00,2025,4,19,9,5,Sat,Apr,0.3775,0.3775,46035,231,87.41,low,09:00,STD
2602,2025-04-19 10:00:00,2025,4,19,10,5,Sat,Apr,0.3608,0.3608,46035,231,83.54,low,10:00,STD
2603,2025-04-19 11:00:00,2025,4,19,11,5,Sat,Apr,0.3558,0.3558,46035,231,82.39,low,11:00,STD
2604,2025-04-19 12:00:00,2025,4,19,12,5,Sat,Apr,0.1722,0.1722,46035,231,39.88,low,12:00,OP
2605,2025-04-19 13:00:00,2025,4,19,13,5,Sat,Apr,0.1653,0.1653,46035,231,38.27,low,13:00,OP
2606,2025-04-19 14:00:00,2025,4,19,14,5,Sat,Apr,0.1541,0.1541,46035,231,35.68,low,14:00,OP
2607,2025-04-19 15:00:00,2025,4,19,15,5,Sat,Apr,0.1547,0.1547,46035,231,35.82,low,15:00,OP
2608,2025-04-19 16:00:00,2025,4,19,16,5,Sat,Apr,0.1634,0.1634,46035,231,37.84,low,16:00,OP
2609,2025-04-19 17:00:00,2025,4,19,17,5,Sat,Apr,0.3292,0.3292,46035,231,76.23,low,17:00,OP
2610,2025-04-19 18:00:00,2025,4,19,18,5,Sat,Apr,0.521,0.521,46035,231,120.64,low,18:00,STD
2611,2025-04-19 19:00:00,2025,4,19,19,5,Sat,Apr,0.3252,0.3252,46035,231,75.3,low,19:00,STD
2612,2025-04-19 20:00:00,2025,4,19,20,5,Sat,Apr,0.1437,0.1437,46035,231,33.27,low,20:00,OP
2613,2025-04-19 21:00:00,2025,4,19,21,5,Sat,Apr,0.1337,0.1337,46035,231,30.95,low,21:00,OP
2614,2025-04-19 22:00:00,2025,4,19,22,5,Sat,Apr,0.1291,0.1291,46035,231,29.89,low,22:00,OP
2615,2025-04-19 23:00:00,2025,4,19,23,5,Sat,Apr,0.0971,0.1,46035,231,23.15,low,23:00,OP
2616,2025-04-20 00:00:00,2025,4,20,0,6,Sun,Apr,0.11,0.11,46035,231,25.47,low,00:00,OP
2617,2025-04-20 01:00:00,2025,4,20,1,6,Sun,Apr,0.1034,0.1034,46035,231,23.95,low,01:00,OP
2618,2025-04-20 02:00:00,2025,4,20,2,6,Sun,Apr,0.1073,0.1073,46035,231,24.85,low,02:00,OP
2619,2025-04-20 03:00:00,2025,4,20,3,6,Sun,Apr,0.1261,0.1261,46035,231,29.2,low,03:00,OP
2620,2025-04-20 04:00:00,2025,4,20,4,6,Sun,Apr,0.1426,0.1426,46035,231,33.02,low,04:00,OP
2621,2025-04-20 05:00:00,2025,4,20,5,6,Sun,Apr,0.1505,0.1505,46035,231,34.86,low,05:00,OP
2622,2025-04-20 06:00:00,2025,4,20,6,6,Sun,Apr,0.1655,0.1655,46035,231,38.32,low,06:00,OP
2623,2025-04-20 07:00:00,2025,4,20,7,6,Sun,Apr,0.3932,0.3932,46035,231,91.04,low,07:00,OP
2624,2025-04-20 08:00:00,2025,4,20,8,6,Sun,Apr,0.379,0.379,46035,231,87.76,low,08:00,OP
2625,2025-04-20 09:00:00,2025,4,20,9,6,Sun,Apr,0.3775,0.3775,46035,231,87.41,low,09:00,OP
2626,2025-04-20 10:00:00,2025,4,20,10,6,Sun,Apr,0.3608,0.3608,46035,231,83.54,low,10:00,OP
2627,2025-04-20 11:00:00,2025,4,20,11,6,Sun,Apr,0.3558,0.3558,46035,231,82.39,low,11:00,OP
2628,2025-04-20 12:00:00,2025,4,20,12,6,Sun,Apr,0.1722,0.1722,46035,231,39.88,low,12:00,OP
2629,2025-04-20 13:00:00,2025,4,20,13,6,Sun,Apr,0.1653,0.1653,46035,231,38.27,low,13:00,OP
2630,2025-04-20 14:00:00,2025,4,20,14,6,Sun,Apr,0.1541,0.1541,46035,231,35.68,low,14:00,OP
2631,2025-04-20 15:00:00,2025,4,20,15,6,Sun,Apr,0.1547,0.1547,46035,231,35.82,low,15:00,OP
2632,2025-04-20 16:00:00,2025,4,20,16,6,Sun,Apr,0.1634,0.1634,46035,231,37.84,low,16:00,OP
2633,2025-04-20 17:00:00,2025,4,20,17,6,Sun,Apr,0.3292,0.3292,46035,231,76.23,low,17:00,OP
2634,2025-04-20 18:00:00,2025,4,20,18,6,Sun,Apr,0.521,0.521,46035,231,120.64,low,18:00,STD
2635,2025-04-20 19:00:00,2025,4,20,19,6,Sun,Apr,0.3252,0.3252,46035,231,75.3,low,19:00,STD
2636,2025-04-20 20:00:00,2025,4,20,20,6,Sun,Apr,0.1437,0.1437,46035,231,33.27,low,20:00,OP
2637,2025-04-20 21:00:00,2025,4,20,21,6,Sun,Apr,0.1337,0.1337,46035,231,30.95,low,21:00,OP
2638,2025-04-20 22:00:00,2025,4,20,22,6,Sun,Apr,0.1291,0.1291,46035,231,29.89,low,22:00,OP
2639,2025-04-20 23:00:00,2025,4,20,23,6,Sun,Apr,0.0971,0.1,46035,231,23.15,low,23:00,OP
2640,2025-04-21 00:00:00,2025,4,21,0,0,Weekday,Apr,0.1105,0.1105,46035,231,25.59,low,00:00,OP
2641,2025-04-21 01:00:00,2025,4,21,1,0,Weekday,Apr,0.1022,0.1022,46035,231,23.67,low,01:00,OP
2642,2025-04-21 02:00:00,2025,4,21,2,0,Weekday,Apr,0.1079,0.1079,46035,231,24.98,low,02:00,OP
2643,2025-04-21 03:00:00,2025,4,21,3,0,Weekday,Apr,0.1285,0.1285,46035,231,29.75,low,03:00,OP
2644,2025-04-21 04:00:00,2025,4,21,4,0,Weekday,Apr,0.1432,0.1432,46035,231,33.16,low,04:00,OP
2645,2025-04-21 05:00:00,2025,4,21,5,0,Weekday,Apr,0.157,0.157,46035,231,36.35,low,05:00,OP
2646,2025-04-21 06:00:00,2025,4,21,6,0,Weekday,Apr,0.289,0.289,46035,231,66.92,low,06:00,STD
2647,2025-04-21 07:00:00,2025,4,21,7,0,Weekday,Apr,0.046,0.1,46035,231,23.15,low,07:00,PK
2648,2025-04-21 08:00:00,2025,4,21,8,0,Weekday,Apr,0.3365,0.3365,46035,231,77.92,low,08:00,PK
2649,2025-04-21 09:00:00,2025,4,21,9,0,Weekday,Apr,0.6077,0.6077,46035,231,140.72,low,09:00,STD
2650,2025-04-21 10:00:00,2025,4,21,10,0,Weekday,Apr,0.5644,0.5644,46035,231,130.69,low,10:00,STD
2651,2025-04-21 11:00:00,2025,4,21,11,0,Weekday,Apr,0.5577,0.5577,46035,231,129.14,low,11:00,STD
2652,2025-04-21 12:00:00,2025,4,21,12,0,Weekday,Apr,0.5319,0.5319,46035,231,123.17,low,12:00,STD
2653,2025-04-21 13:00:00,2025,4,21,13,0,Weekday,Apr,0.5076,0.5076,46035,231,117.54,low,13:00,STD
2654,2025-04-21 14:00:00,2025,4,21,14,0,Weekday,Apr,0.4855,0.4855,46035,231,112.42,low,14:00,STD
2655,2025-04-21 15:00:00,2025,4,21,15,0,Weekday,Apr,0.4967,0.4967,46035,231,115.01,low,15:00,STD
2656,2025-04-21 16:00:00,2025,4,21,16,0,Weekday,Apr,0.5252,0.5252,46035,231,121.61,low,16:00,STD
2657,2025-04-21 17:00:00,2025,4,21,17,0,Weekday,Apr,0.2875,0.2875,46035,231,66.57,low,17:00,STD
2658,2025-04-21 18:00:00,2025,4,21,18,0,Weekday,Apr,0.0394,0.1,46035,231,23.15,low,18:00,PK
2659,2025-04-21 19:00:00,2025,4,21,19,0,Weekday,Apr,0.0369,0.1,46035,231,23.15,low,19:00,PK
2660,2025-04-21 20:00:00,2025,4,21,20,0,Weekday,Apr,0.2441,0.2441,46035,231,56.52,low,20:00,PK
2661,2025-04-21 21:00:00,2025,4,21,21,0,Weekday,Apr,0.4107,0.4107,46035,231,95.1,low,21:00,STD
2662,2025-04-21 22:00:00,2025,4,21,22,0,Weekday,Apr,0.1291,0.1291,46035,231,29.89,low,22:00,OP
2663,2025-04-21 23:00:00,2025,4,21,23,0,Weekday,Apr,0.0986,0.1,46035,231,23.15,low,23:00,OP
2664,2025-04-22 00:00:00,2025,4,22,0,1,Weekday,Apr,0.1105,0.1105,46035,231,25.59,low,00:00,OP
2665,2025-04-22 01:00:00,2025,4,22,1,1,Weekday,Apr,0.1022,0.1022,46035,231,23.67,low,01:00,OP
2666,2025-04-22 02:00:00,2025,4,22,2,1,Weekday,Apr,0.1079,0.1079,46035,231,24.98,low,02:00,OP
2667,2025-04-22 03:00:00,2025,4,22,3,1,Weekday,Apr,0.1285,0.1285,46035,231,29.75,low,03:00,OP
2668,2025-04-22 04:00:00,2025,4,22,4,1,Weekday,Apr,0.1432,0.1432,46035,231,33.16,low,04:00,OP
2669,2025-04-22 05:00:00,2025,4,22,5,1,Weekday,Apr,0.157,0.157,46035,231,36.35,low,05:00,OP
2670,2025-04-22 06:00:00,2025,4,22,6,1,Weekday,Apr,0.289,0.289,46035,231,66.92,low,06:00,STD
2671,2025-04-22 07:00:00,2025,4,22,7,1,Weekday,Apr,0.046,0.1,46035,231,23.15,low,07:00,PK
2672,2025-04-22 08:00:00,2025,4,22,8,1,Weekday,Apr,0.3365,0.3365,46035,231,77.92,low,08:00,PK
2673,2025-04-22 09:00:00,2025,4,22,9,1,Weekday,Apr,0.6077,0.6077,46035,231,140.72,low,09:00,STD
2674,2025-04-22 10:00:00,2025,4,22,10,1,Weekday,Apr,0.5644,0.5644,46035,231,130.69,low,10:00,STD
2675,2025-04-22 11:00:00,2025,4,22,11,1,Weekday,Apr,0.5577,0.5577,46035,231,129.14,low,11:00,STD
2676,2025-04-22 12:00:00,2025,4,22,12,1,Weekday,Apr,0.5319,0.5319,46035,231,123.17,low,12:00,STD
2677,2025-04-22 13:00:00,2025,4,22,13,1,Weekday,Apr,0.5076,0.5076,46035,231,117.54,low,13:00,STD
2678,2025-04-22 14:00:00,2025,4,22,14,1,Weekday,Apr,0.4855,0.4855,46035,231,112.42,low,14:00,STD
2679,2025-04-22 15:00:00,2025,4,22,15,1,Weekday,Apr,0.4967,0.4967,46035,231,115.01,low,15:00,STD
2680,2025-04-22 16:00:00,2025,4,22,16,1,Weekday,Apr,0.5252,0.5252,46035,231,121.61,low,16:00,STD
2681,2025-04-22 17:00:00,2025,4,22,17,1,Weekday,Apr,0.2875,0.2875,46035,231,66.57,low,17:00,STD
2682,2025-04-22 18:00:00,2025,4,22,18,1,Weekday,Apr,0.0394,0.1,46035,231,23.15,low,18:00,PK
2683,2025-04-22 19:00:00,2025,4,22,19,1,Weekday,Apr,0.0369,0.1,46035,231,23.15,low,19:00,PK
2684,2025-04-22 20:00:00,2025,4,22,20,1,Weekday,Apr,0.2441,0.2441,46035,231,56.52,low,20:00,PK
2685,2025-04-22 21:00:00,2025,4,22,21,1,Weekday,Apr,0.4107,0.4107,46035,231,95.1,low,21:00,STD
2686,2025-04-22 22:00:00,2025,4,22,22,1,Weekday,Apr,0.1291,0.1291,46035,231,29.89,low,22:00,OP
2687,2025-04-22 23:00:00,2025,4,22,23,1,Weekday,Apr,0.0986,0.1,46035,231,23.15,low,23:00,OP
2688,2025-04-23 00:00:00,2025,4,23,0,2,Weekday,Apr,0.1105,0.1105,46035,231,25.59,low,00:00,OP
2689,2025-04-23 01:00:00,2025,4,23,1,2,Weekday,Apr,0.1022,0.1022,46035,231,23.67,low,01:00,OP
2690,2025-04-23 02:00:00,2025,4,23,2,2,Weekday,Apr,0.1079,0.1079,46035,231,24.98,low,02:00,OP
2691,2025-04-23 03:00:00,2025,4,23,3,2,Weekday,Apr,0.1285,0.1285,46035,231,29.75,low,03:00,OP
2692,2025-04-23 04:00:00,2025,4,23,4,2,Weekday,Apr,0.1432,0.1432,46035,231,33.16,low,04:00,OP
2693,2025-04-23 05:00:00,2025,4,23,5,2,Weekday,Apr,0.157,0.157,46035,231,36.35,low,05:00,OP
2694,2025-04-23 06:00:00,2025,4,23,6,2,Weekday,Apr,0.289,0.289,46035,231,66.92,low,06:00,STD
2695,2025-04-23 07:00:00,2025,4,23,7,2,Weekday,Apr,0.046,0.1,46035,231,23.15,low,07:00,PK
2696,2025-04-23 08:00:00,2025,4,23,8,2,Weekday,Apr,0.3365,0.3365,46035,231,77.92,low,08:00,PK
2697,2025-04-23 09:00:00,2025,4,23,9,2,Weekday,Apr,0.6077,0.6077,46035,231,140.72,low,09:00,STD
2698,2025-04-23 10:00:00,2025,4,23,10,2,Weekday,Apr,0.5644,0.5644,46035,231,130.69,low,10:00,STD
2699,2025-04-23 11:00:00,2025,4,23,11,2,Weekday,Apr,0.5577,0.5577,46035,231,129.14,low,11:00,STD
2700,2025-04-23 12:00:00,2025,4,23,12,2,Weekday,Apr,0.5319,0.5319,46035,231,123.17,low,12:00,STD
2701,2025-04-23 13:00:00,2025,4,23,13,2,Weekday,Apr,0.5076,0.5076,46035,231,117.54,low,13:00,STD
2702,2025-04-23 14:00:00,2025,4,23,14,2,Weekday,Apr,0.4855,0.4855,46035,231,112.42,low,14:00,STD
2703,2025-04-23 15:00:00,2025,4,23,15,2,Weekday,Apr,0.4967,0.4967,46035,231,115.01,low,15:00,STD
2704,2025-04-23 16:00:00,2025,4,23,16,2,Weekday,Apr,0.5252,0.5252,46035,231,121.61,low,16:00,STD
2705,2025-04-23 17:00:00,2025,4,23,17,2,Weekday,Apr,0.2875,0.2875,46035,231,66.57,low,17:00,STD
2706,2025-04-23 18:00:00,2025,4,23,18,2,Weekday,Apr,0.0394,0.1,46035,231,23.15,low,18:00,PK
2707,2025-04-23 19:00:00,2025,4,23,19,2,Weekday,Apr,0.0369,0.1,46035,231,23.15,low,19:00,PK
2708,2025-04-23 20:00:00,2025,4,23,20,2,Weekday,Apr,0.2441,0.2441,46035,231,56.52,low,20:00,PK
2709,2025-04-23 21:00:00,2025,4,23,21,2,Weekday,Apr,0.4107,0.4107,46035,231,95.1,low,21:00,STD
2710,2025-04-23 22:00:00,2025,4,23,22,2,Weekday,Apr,0.1291,0.1291,46035,231,29.89,low,22:00,OP
2711,2025-04-23 23:00:00,2025,4,23,23,2,Weekday,Apr,0.0986,0.1,46035,231,23.15,low,23:00,OP
2712,2025-04-24 00:00:00,2025,4,24,0,3,Weekday,Apr,0.1105,0.1105,46035,231,25.59,low,00:00,OP
2713,2025-04-24 01:00:00,2025,4,24,1,3,Weekday,Apr,0.1022,0.1022,46035,231,23.67,low,01:00,OP
2714,2025-04-24 02:00:00,2025,4,24,2,3,Weekday,Apr,0.1079,0.1079,46035,231,24.98,low,02:00,OP
2715,2025-04-24 03:00:00,2025,4,24,3,3,Weekday,Apr,0.1285,0.1285,46035,231,29.75,low,03:00,OP
2716,2025-04-24 04:00:00,2025,4,24,4,3,Weekday,Apr,0.1432,0.1432,46035,231,33.16,low,04:00,OP
2717,2025-04-24 05:00:00,2025,4,24,5,3,Weekday,Apr,0.157,0.157,46035,231,36.35,low,05:00,OP
2718,2025-04-24 06:00:00,2025,4,24,6,3,Weekday,Apr,0.289,0.289,46035,231,66.92,low,06:00,STD
2719,2025-04-24 07:00:00,2025,4,24,7,3,Weekday,Apr,0.046,0.1,46035,231,23.15,low,07:00,PK
2720,2025-04-24 08:00:00,2025,4,24,8,3,Weekday,Apr,0.3365,0.3365,46035,231,77.92,low,08:00,PK
2721,2025-04-24 09:00:00,2025,4,24,9,3,Weekday,Apr,0.6077,0.6077,46035,231,140.72,low,09:00,STD
2722,2025-04-24 10:00:00,2025,4,24,10,3,Weekday,Apr,0.5644,0.5644,46035,231,130.69,low,10:00,STD
2723,2025-04-24 11:00:00,2025,4,24,11,3,Weekday,Apr,0.5577,0.5577,46035,231,129.14,low,11:00,STD
2724,2025-04-24 12:00:00,2025,4,24,12,3,Weekday,Apr,0.5319,0.5319,46035,231,123.17,low,12:00,STD
2725,2025-04-24 13:00:00,2025,4,24,13,3,Weekday,Apr,0.5076,0.5076,46035,231,117.54,low,13:00,STD
2726,2025-04-24 14:00:00,2025,4,24,14,3,Weekday,Apr,0.4855,0.4855,46035,231,112.42,low,14:00,STD
2727,2025-04-24 15:00:00,2025,4,24,15,3,Weekday,Apr,0.4967,0.4967,46035,231,115.01,low,15:00,STD
2728,2025-04-24 16:00:00,2025,4,24,16,3,Weekday,Apr,0.5252,0.5252,46035,231,121.61,low,16:00,STD
2729,2025-04-24 17:00:00,2025,4,24,17,3,Weekday,Apr,0.2875,0.2875,46035,231,66.57,low,17:00,STD
2730,2025-04-24 18:00:00,2025,4,24,18,3,Weekday,Apr,0.0394,0.1,46035,231,23.15,low,18:00,PK
2731,2025-04-24 19:00:00,2025,4,24,19,3,Weekday,Apr,0.0369,0.1,46035,231,23.15,low,19:00,PK
2732,2025-04-24 20:00:00,2025,4,24,20,3,Weekday,Apr,0.2441,0.2441,46035,231,56.52,low,20:00,PK
2733,2025-04-24 21:00:00,2025,4,24,21,3,Weekday,Apr,0.4107,0.4107,46035,231,95.1,low,21:00,STD
2734,2025-04-24 22:00:00,2025,4,24,22,3,Weekday,Apr,0.1291,0.1291,46035,231,29.89,low,22:00,OP
2735,2025-04-24 23:00:00,2025,4,24,23,3,Weekday,Apr,0.0986,0.1,46035,231,23.15,low,23:00,OP
2736,2025-04-25 00:00:00,2025,4,25,0,4,Weekday,Apr,0.1105,0.1105,46035,231,25.59,low,00:00,OP
2737,2025-04-25 01:00:00,2025,4,25,1,4,Weekday,Apr,0.1022,0.1022,46035,231,23.67,low,01:00,OP
2738,2025-04-25 02:00:00,2025,4,25,2,4,Weekday,Apr,0.1079,0.1079,46035,231,24.98,low,02:00,OP
2739,2025-04-25 03:00:00,2025,4,25,3,4,Weekday,Apr,0.1285,0.1285,46035,231,29.75,low,03:00,OP
2740,2025-04-25 04:00:00,2025,4,25,4,4,Weekday,Apr,0.1432,0.1432,46035,231,33.16,low,04:00,OP
2741,2025-04-25 05:00:00,2025,4,25,5,4,Weekday,Apr,0.157,0.157,46035,231,36.35,low,05:00,OP
2742,2025-04-25 06:00:00,2025,4,25,6,4,Weekday,Apr,0.289,0.289,46035,231,66.92,low,06:00,STD
2743,2025-04-25 07:00:00,2025,4,25,7,4,Weekday,Apr,0.046,0.1,46035,231,23.15,low,07:00,PK
2744,2025-04-25 08:00:00,2025,4,25,8,4,Weekday,Apr,0.3365,0.3365,46035,231,77.92,low,08:00,PK
2745,2025-04-25 09:00:00,2025,4,25,9,4,Weekday,Apr,0.6077,0.6077,46035,231,140.72,low,09:00,STD
2746,2025-04-25 10:00:00,2025,4,25,10,4,Weekday,Apr,0.5644,0.5644,46035,231,130.69,low,10:00,STD
2747,2025-04-25 11:00:00,2025,4,25,11,4,Weekday,Apr,0.5577,0.5577,46035,231,129.14,low,11:00,STD
2748,2025-04-25 12:00:00,2025,4,25,12,4,Weekday,Apr,0.5319,0.5319,46035,231,123.17,low,12:00,STD
2749,2025-04-25 13:00:00,2025,4,25,13,4,Weekday,Apr,0.5076,0.5076,46035,231,117.54,low,13:00,STD
2750,2025-04-25 14:00:00,2025,4,25,14,4,Weekday,Apr,0.4855,0.4855,46035,231,112.42,low,14:00,STD
2751,2025-04-25 15:00:00,2025,4,25,15,4,Weekday,Apr,0.4967,0.4967,46035,231,115.01,low,15:00,STD
2752,2025-04-25 16:00:00,2025,4,25,16,4,Weekday,Apr,0.5252,0.5252,46035,231,121.61,low,16:00,STD
2753,2025-04-25 17:00:00,2025,4,25,17,4,Weekday,Apr,0.2875,0.2875,46035,231,66.57,low,17:00,STD
2754,2025-04-25 18:00:00,2025,4,25,18,4,Weekday,Apr,0.0394,0.1,46035,231,23.15,low,18:00,PK
2755,2025-04-25 19:00:00,2025,4,25,19,4,Weekday,Apr,0.0369,0.1,46035,231,23.15,low,19:00,PK
2756,2025-04-25 20:00:00,2025,4,25,20,4,Weekday,Apr,0.2441,0.2441,46035,231,56.52,low,20:00,PK
2757,2025-04-25 21:00:00,2025,4,25,21,4,Weekday,Apr,0.4107,0.4107,46035,231,95.1,low,21:00,STD
2758,2025-04-25 22:00:00,2025,4,25,22,4,Weekday,Apr,0.1291,0.1291,46035,231,29.89,low,22:00,OP
2759,2025-04-25 23:00:00,2025,4,25,23,4,Weekday,Apr,0.0986,0.1,46035,231,23.15,low,23:00,OP
2760,2025-04-26 00:00:00,2025,4,26,0,5,Sat,Apr,0.11,0.11,46035,231,25.47,low,00:00,OP
2761,2025-04-26 01:00:00,2025,4,26,1,5,Sat,Apr,0.1034,0.1034,46035,231,23.95,low,01:00,OP
2762,2025-04-26 02:00:00,2025,4,26,2,5,Sat,Apr,0.1073,0.1073,46035,231,24.85,low,02:00,OP
2763,2025-04-26 03:00:00,2025,4,26,3,5,Sat,Apr,0.1261,0.1261,46035,231,29.2,low,03:00,OP
2764,2025-04-26 04:00:00,2025,4,26,4,5,Sat,Apr,0.1426,0.1426,46035,231,33.02,low,04:00,OP
2765,2025-04-26 05:00:00,2025,4,26,5,5,Sat,Apr,0.1505,0.1505,46035,231,34.86,low,05:00,OP
2766,2025-04-26 06:00:00,2025,4,26,6,5,Sat,Apr,0.1655,0.1655,46035,231,38.32,low,06:00,OP
2767,2025-04-26 07:00:00,2025,4,26,7,5,Sat,Apr,0.3932,0.3932,46035,231,91.04,low,07:00,STD
2768,2025-04-26 08:00:00,2025,4,26,8,5,Sat,Apr,0.379,0.379,46035,231,87.76,low,08:00,STD
2769,2025-04-26 09:00:00,2025,4,26,9,5,Sat,Apr,0.3775,0.3775,46035,231,87.41,low,09:00,STD
2770,2025-04-26 10:00:00,2025,4,26,10,5,Sat,Apr,0.3608,0.3608,46035,231,83.54,low,10:00,STD
2771,2025-04-26 11:00:00,2025,4,26,11,5,Sat,Apr,0.3558,0.3558,46035,231,82.39,low,11:00,STD
2772,2025-04-26 12:00:00,2025,4,26,12,5,Sat,Apr,0.1722,0.1722,46035,231,39.88,low,12:00,OP
2773,2025-04-26 13:00:00,2025,4,26,13,5,Sat,Apr,0.1653,0.1653,46035,231,38.27,low,13:00,OP
2774,2025-04-26 14:00:00,2025,4,26,14,5,Sat,Apr,0.1541,0.1541,46035,231,35.68,low,14:00,OP
2775,2025-04-26 15:00:00,2025,4,26,15,5,Sat,Apr,0.1547,0.1547,46035,231,35.82,low,15:00,OP
2776,2025-04-26 16:00:00,2025,4,26,16,5,Sat,Apr,0.1634,0.1634,46035,231,37.84,low,16:00,OP
2777,2025-04-26 17:00:00,2025,4,26,17,5,Sat,Apr,0.3292,0.3292,46035,231,76.23,low,17:00,OP
2778,2025-04-26 18:00:00,2025,4,26,18,5,Sat,Apr,0.521,0.521,46035,231,120.64,low,18:00,STD
2779,2025-04-26 19:00:00,2025,4,26,19,5,Sat,Apr,0.3252,0.3252,46035,231,75.3,low,19:00,STD
2780,2025-04-26 20:00:00,2025,4,26,20,5,Sat,Apr,0.1437,0.1437,46035,231,33.27,low,20:00,OP
2781,2025-04-26 21:00:00,2025,4,26,21,5,Sat,Apr,0.1337,0.1337,46035,231,30.95,low,21:00,OP
2782,2025-04-26 22:00:00,2025,4,26,22,5,Sat,Apr,0.1291,0.1291,46035,231,29.89,low,22:00,OP
2783,2025-04-26 23:00:00,2025,4,26,23,5,Sat,Apr,0.0971,0.1,46035,231,23.15,low,23:00,OP
2784,2025-04-27 00:00:00,2025,4,27,0,6,Sun,Apr,0.11,0.11,46035,231,25.47,low,00:00,OP
2785,2025-04-27 01:00:00,2025,4,27,1,6,Sun,Apr,0.1034,0.1034,46035,231,23.95,low,01:00,OP
2786,2025-04-27 02:00:00,2025,4,27,2,6,Sun,Apr,0.1073,0.1073,46035,231,24.85,low,02:00,OP
2787,2025-04-27 03:00:00,2025,4,27,3,6,Sun,Apr,0.1261,0.1261,46035,231,29.2,low,03:00,OP
2788,2025-04-27 04:00:00,2025,4,27,4,6,Sun,Apr,0.1426,0.1426,46035,231,33.02,low,04:00,OP
2789,2025-04-27 05:00:00,2025,4,27,5,6,Sun,Apr,0.1505,0.1505,46035,231,34.86,low,05:00,OP
2790,2025-04-27 06:00:00,2025,4,27,6,6,Sun,Apr,0.1655,0.1655,46035,231,38.32,low,06:00,OP
2791,2025-04-27 07:00:00,2025,4,27,7,6,Sun,Apr,0.3932,0.3932,46035,231,91.04,low,07:00,OP
2792,2025-04-27 08:00:00,2025,4,27,8,6,Sun,Apr,0.379,0.379,46035,231,87.76,low,08:00,OP
2793,2025-04-27 09:00:00,2025,4,27,9,6,Sun,Apr,0.3775,0.3775,46035,231,87.41,low,09:00,OP
2794,2025-04-27 10:00:00,2025,4,27,10,6,Sun,Apr,0.3608,0.3608,46035,231,83.54,low,10:00,OP
2795,2025-04-27 11:00:00,2025,4,27,11,6,Sun,Apr,0.3558,0.3558,46035,231,82.39,low,11:00,OP
2796,2025-04-27 12:00:00,2025,4,27,12,6,Sun,Apr,0.1722,0.1722,46035,231,39.88,low,12:00,OP
2797,2025-04-27 13:00:00,2025,4,27,13,6,Sun,Apr,0.1653,0.1653,46035,231,38.27,low,13:00,OP
2798,2025-04-27 14:00:00,2025,4,27,14,6,Sun,Apr,0.1541,0.1541,46035,231,35.68,low,14:00,OP
2799,2025-04-27 15:00:00,2025,4,27,15,6,Sun,Apr,0.1547,0.1547,46035,231,35.82,low,15:00,OP
2800,2025-04-27 16:00:00,2025,4,27,16,6,Sun,Apr,0.1634,0.1634,46035,231,37.84,low,16:00,OP
2801,2025-04-27 17:00:00,2025,4,27,17,6,Sun,Apr,0.3292,0.3292,46035,231,76.23,low,17:00,OP
2802,2025-04-27 18:00:00,2025,4,27,18,6,Sun,Apr,0.521,0.521,46035,231,120.64,low,18:00,STD
2803,2025-04-27 19:00:00,2025,4,27,19,6,Sun,Apr,0.3252,0.3252,46035,231,75.3,low,19:00,STD
2804,2025-04-27 20:00:00,2025,4,27,20,6,Sun,Apr,0.1437,0.1437,46035,231,33.27,low,20:00,OP
2805,2025-04-27 21:00:00,2025,4,27,21,6,Sun,Apr,0.1337,0.1337,46035,231,30.95,low,21:00,OP
2806,2025-04-27 22:00:00,2025,4,27,22,6,Sun,Apr,0.1291,0.1291,46035,231,29.89,low,22:00,OP
2807,2025-04-27 23:00:00,2025,4,27,23,6,Sun,Apr,0.0971,0.1,46035,231,23.15,low,23:00,OP
2808,2025-04-28 00:00:00,2025,4,28,0,0,Weekday,Apr,0.1105,0.1105,46035,231,25.59,low,00:00,OP
2809,2025-04-28 01:00:00,2025,4,28,1,0,Weekday,Apr,0.1022,0.1022,46035,231,23.67,low,01:00,OP
2810,2025-04-28 02:00:00,2025,4,28,2,0,Weekday,Apr,0.1079,0.1079,46035,231,24.98,low,02:00,OP
2811,2025-04-28 03:00:00,2025,4,28,3,0,Weekday,Apr,0.1285,0.1285,46035,231,29.75,low,03:00,OP
2812,2025-04-28 04:00:00,2025,4,28,4,0,Weekday,Apr,0.1432,0.1432,46035,231,33.16,low,04:00,OP
2813,2025-04-28 05:00:00,2025,4,28,5,0,Weekday,Apr,0.157,0.157,46035,231,36.35,low,05:00,OP
2814,2025-04-28 06:00:00,2025,4,28,6,0,Weekday,Apr,0.289,0.289,46035,231,66.92,low,06:00,STD
2815,2025-04-28 07:00:00,2025,4,28,7,0,Weekday,Apr,0.046,0.1,46035,231,23.15,low,07:00,PK
2816,2025-04-28 08:00:00,2025,4,28,8,0,Weekday,Apr,0.3365,0.3365,46035,231,77.92,low,08:00,PK
2817,2025-04-28 09:00:00,2025,4,28,9,0,Weekday,Apr,0.6077,0.6077,46035,231,140.72,low,09:00,STD
2818,2025-04-28 10:00:00,2025,4,28,10,0,Weekday,Apr,0.5644,0.5644,46035,231,130.69,low,10:00,STD
2819,2025-04-28 11:00:00,2025,4,28,11,0,Weekday,Apr,0.5577,0.5577,46035,231,129.14,low,11:00,STD
2820,2025-04-28 12:00:00,2025,4,28,12,0,Weekday,Apr,0.5319,0.5319,46035,231,123.17,low,12:00,STD
2821,2025-04-28 13:00:00,2025,4,28,13,0,Weekday,Apr,0.5076,0.5076,46035,231,117.54,low,13:00,STD
2822,2025-04-28 14:00:00,2025,4,28,14,0,Weekday,Apr,0.4855,0.4855,46035,231,112.42,low,14:00,STD
2823,2025-04-28 15:00:00,2025,4,28,15,0,Weekday,Apr,0.4967,0.4967,46035,231,115.01,low,15:00,STD
2824,2025-04-28 16:00:00,2025,4,28,16,0,Weekday,Apr,0.5252,0.5252,46035,231,121.61,low,16:00,STD
2825,2025-04-28 17:00:00,2025,4,28,17,0,Weekday,Apr,0.2875,0.2875,46035,231,66.57,low,17:00,STD
2826,2025-04-28 18:00:00,2025,4,28,18,0,Weekday,Apr,0.0394,0.1,46035,231,23.15,low,18:00,PK
2827,2025-04-28 19:00:00,2025,4,28,19,0,Weekday,Apr,0.0369,0.1,46035,231,23.15,low,19:00,PK
2828,2025-04-28 20:00:00,2025,4,28,20,0,Weekday,Apr,0.2441,0.2441,46035,231,56.52,low,20:00,PK
2829,2025-04-28 21:00:00,2025,4,28,21,0,Weekday,Apr,0.4107,0.4107,46035,231,95.1,low,21:00,STD
2830,2025-04-28 22:00:00,2025,4,28,22,0,Weekday,Apr,0.1291,0.1291,46035,231,29.89,low,22:00,OP
2831,2025-04-28 23:00:00,2025,4,28,23,0,Weekday,Apr,0.0986,0.1,46035,231,23.15,low,23:00,OP
2832,2025-04-29 00:00:00,2025,4,29,0,1,Weekday,Apr,0.1105,0.1105,46035,231,25.59,low,00:00,OP
2833,2025-04-29 01:00:00,2025,4,29,1,1,Weekday,Apr,0.1022,0.1022,46035,231,23.67,low,01:00,OP
2834,2025-04-29 02:00:00,2025,4,29,2,1,Weekday,Apr,0.1079,0.1079,46035,231,24.98,low,02:00,OP
2835,2025-04-29 03:00:00,2025,4,29,3,1,Weekday,Apr,0.1285,0.1285,46035,231,29.75,low,03:00,OP
2836,2025-04-29 04:00:00,2025,4,29,4,1,Weekday,Apr,0.1432,0.1432,46035,231,33.16,low,04:00,OP
2837,2025-04-29 05:00:00,2025,4,29,5,1,Weekday,Apr,0.157,0.157,46035,231,36.35,low,05:00,OP
2838,2025-04-29 06:00:00,2025,4,29,6,1,Weekday,Apr,0.289,0.289,46035,231,66.92,low,06:00,STD
2839,2025-04-29 07:00:00,2025,4,29,7,1,Weekday,Apr,0.046,0.1,46035,231,23.15,low,07:00,PK
2840,2025-04-29 08:00:00,2025,4,29,8,1,Weekday,Apr,0.3365,0.3365,46035,231,77.92,low,08:00,PK
2841,2025-04-29 09:00:00,2025,4,29,9,1,Weekday,Apr,0.6077,0.6077,46035,231,140.72,low,09:00,STD
2842,2025-04-29 10:00:00,2025,4,29,10,1,Weekday,Apr,0.5644,0.5644,46035,231,130.69,low,10:00,STD
2843,2025-04-29 11:00:00,2025,4,29,11,1,Weekday,Apr,0.5577,0.5577,46035,231,129.14,low,11:00,STD
2844,2025-04-29 12:00:00,2025,4,29,12,1,Weekday,Apr,0.5319,0.5319,46035,231,123.17,low,12:00,STD
2845,2025-04-29 13:00:00,2025,4,29,13,1,Weekday,Apr,0.5076,0.5076,46035,231,117.54,low,13:00,STD
2846,2025-04-29 14:00:00,2025,4,29,14,1,Weekday,Apr,0.4855,0.4855,46035,231,112.42,low,14:00,STD
2847,2025-04-29 15:00:00,2025,4,29,15,1,Weekday,Apr,0.4967,0.4967,46035,231,115.01,low,15:00,STD
2848,2025-04-29 16:00:00,2025,4,29,16,1,Weekday,Apr,0.5252,0.5252,46035,231,121.61,low,16:00,STD
2849,2025-04-29 17:00:00,2025,4,29,17,1,Weekday,Apr,0.2875,0.2875,46035,231,66.57,low,17:00,STD
2850,2025-04-29 18:00:00,2025,4,29,18,1,Weekday,Apr,0.0394,0.1,46035,231,23.15,low,18:00,PK
2851,2025-04-29 19:00:00,2025,4,29,19,1,Weekday,Apr,0.0369,0.1,46035,231,23.15,low,19:00,PK
2852,2025-04-29 20:00:00,2025,4,29,20,1,Weekday,Apr,0.2441,0.2441,46035,231,56.52,low,20:00,PK
2853,2025-04-29 21:00:00,2025,4,29,21,1,Weekday,Apr,0.4107,0.4107,46035,231,95.1,low,21:00,STD
2854,2025-04-29 22:00:00,2025,4,29,22,1,Weekday,Apr,0.1291,0.1291,46035,231,29.89,low,22:00,OP
2855,2025-04-29 23:00:00,2025,4,29,23,1,Weekday,Apr,0.0986,0.1,46035,231,23.15,low,23:00,OP
2856,2025-04-30 00:00:00,2025,4,30,0,2,Weekday,Apr,0.1105,0.1105,46035,231,25.59,low,00:00,OP
2857,2025-04-30 01:00:00,2025,4,30,1,2,Weekday,Apr,0.1022,0.1022,46035,231,23.67,low,01:00,OP
2858,2025-04-30 02:00:00,2025,4,30,2,2,Weekday,Apr,0.1079,0.1079,46035,231,24.98,low,02:00,OP
2859,2025-04-30 03:00:00,2025,4,30,3,2,Weekday,Apr,0.1285,0.1285,46035,231,29.75,low,03:00,OP
2860,2025-04-30 04:00:00,2025,4,30,4,2,Weekday,Apr,0.1432,0.1432,46035,231,33.16,low,04:00,OP
2861,2025-04-30 05:00:00,2025,4,30,5,2,Weekday,Apr,0.157,0.157,46035,231,36.35,low,05:00,OP
2862,2025-04-30 06:00:00,2025,4,30,6,2,Weekday,Apr,0.289,0.289,46035,231,66.92,low,06:00,STD
2863,2025-04-30 07:00:00,2025,4,30,7,2,Weekday,Apr,0.046,0.1,46035,231,23.15,low,07:00,PK
2864,2025-04-30 08:00:00,2025,4,30,8,2,Weekday,Apr,0.3365,0.3365,46035,231,77.92,low,08:00,PK
2865,2025-04-30 09:00:00,2025,4,30,9,2,Weekday,Apr,0.6077,0.6077,46035,231,140.72,low,09:00,STD
2866,2025-04-30 10:00:00,2025,4,30,10,2,Weekday,Apr,0.5644,0.5644,46035,231,130.69,low,10:00,STD
2867,2025-04-30 11:00:00,2025,4,30,11,2,Weekday,Apr,0.5577,0.5577,46035,231,129.14,low,11:00,STD
2868,2025-04-30 12:00:00,2025,4,30,12,2,Weekday,Apr,0.5319,0.5319,46035,231,123.17,low,12:00,STD
2869,2025-04-30 13:00:00,2025,4,30,13,2,Weekday,Apr,0.5076,0.5076,46035,231,117.54,low,13:00,STD
2870,2025-04-30 14:00:00,2025,4,30,14,2,Weekday,Apr,0.4855,0.4855,46035,231,112.42,low,14:00,STD
2871,2025-04-30 15:00:00,2025,4,30,15,2,Weekday,Apr,0.4967,0.4967,46035,231,115.01,low,15:00,STD
2872,2025-04-30 16:00:00,2025,4,30,16,2,Weekday,Apr,0.5252,0.5252,46035,231,121.61,low,16:00,STD
2873,2025-04-30 17:00:00,2025,4,30,17,2,Weekday,Apr,0.2875,0.2875,46035,231,66.57,low,17:00,STD
2874,2025-04-30 18:00:00,2025,4,30,18,2,Weekday,Apr,0.0394,0.1,46035,231,23.15,low,18:00,PK
2875,2025-04-30 19:00:00,2025,4,30,19,2,Weekday,Apr,0.0369,0.1,46035,231,23.15,low,19:00,PK
2876,2025-04-30 20:00:00,2025,4,30,20,2,Weekday,Apr,0.2441,0.2441,46035,231,56.52,low,20:00,PK
2877,2025-04-30 21:00:00,2025,4,30,21,2,Weekday,Apr,0.4107,0.4107,46035,231,95.1,low,21:00,STD
2878,2025-04-30 22:00:00,2025,4,30,22,2,Weekday,Apr,0.1291,0.1291,46035,231,29.89,low,22:00,OP
2879,2025-04-30 23:00:00,2025,4,30,23,2,Weekday,Apr,0.0986,0.1,46035,231,23.15,low,23:00,OP
2880,2025-05-01 00:00:00,2025,5,1,0,3,Weekday,May,0.1105,0.1105,46035,231,24.93,low,00:00,OP
2881,2025-05-01 01:00:00,2025,5,1,1,3,Weekday,May,0.1022,0.1022,46035,231,23.06,low,01:00,OP
2882,2025-05-01 02:00:00,2025,5,1,2,3,Weekday,May,0.1079,0.1079,46035,231,24.34,low,02:00,OP
2883,2025-05-01 03:00:00,2025,5,1,3,3,Weekday,May,0.1285,0.1285,46035,231,28.98,low,03:00,OP
2884,2025-05-01 04:00:00,2025,5,1,4,3,Weekday,May,0.1432,0.1432,46035,231,32.3,low,04:00,OP
2885,2025-05-01 05:00:00,2025,5,1,5,3,Weekday,May,0.157,0.157,46035,231,35.42,low,05:00,OP
2886,2025-05-01 06:00:00,2025,5,1,6,3,Weekday,May,0.289,0.289,46035,231,65.2,low,06:00,STD
2887,2025-05-01 07:00:00,2025,5,1,7,3,Weekday,May,0.046,0.1,46035,231,22.56,low,07:00,PK
2888,2025-05-01 08:00:00,2025,5,1,8,3,Weekday,May,0.3365,0.3365,46035,231,75.91,low,08:00,PK
2889,2025-05-01 09:00:00,2025,5,1,9,3,Weekday,May,0.6077,0.6077,46035,231,137.09,low,09:00,STD
2890,2025-05-01 10:00:00,2025,5,1,10,3,Weekday,May,0.5644,0.5644,46035,231,127.32,low,10:00,STD
2891,2025-05-01 11:00:00,2025,5,1,11,3,Weekday,May,0.5577,0.5577,46035,231,125.8,low,11:00,STD
2892,2025-05-01 12:00:00,2025,5,1,12,3,Weekday,May,0.5319,0.5319,46035,231,119.99,low,12:00,STD
2893,2025-05-01 13:00:00,2025,5,1,13,3,Weekday,May,0.5076,0.5076,46035,231,114.51,low,13:00,STD
2894,2025-05-01 14:00:00,2025,5,1,14,3,Weekday,May,0.4855,0.4855,46035,231,109.52,low,14:00,STD
2895,2025-05-01 15:00:00,2025,5,1,15,3,Weekday,May,0.4967,0.4967,46035,231,112.05,low,15:00,STD
2896,2025-05-01 16:00:00,2025,5,1,16,3,Weekday,May,0.5252,0.5252,46035,231,118.48,low,16:00,STD
2897,2025-05-01 17:00:00,2025,5,1,17,3,Weekday,May,0.2875,0.2875,46035,231,64.85,low,17:00,STD
2898,2025-05-01 18:00:00,2025,5,1,18,3,Weekday,May,0.0394,0.1,46035,231,22.56,low,18:00,PK
2899,2025-05-01 19:00:00,2025,5,1,19,3,Weekday,May,0.0369,0.1,46035,231,22.56,low,19:00,PK
2900,2025-05-01 20:00:00,2025,5,1,20,3,Weekday,May,0.2441,0.2441,46035,231,55.07,low,20:00,PK
2901,2025-05-01 21:00:00,2025,5,1,21,3,Weekday,May,0.4107,0.4107,46035,231,92.64,low,21:00,STD
2902,2025-05-01 22:00:00,2025,5,1,22,3,Weekday,May,0.1291,0.1291,46035,231,29.12,low,22:00,OP
2903,2025-05-01 23:00:00,2025,5,1,23,3,Weekday,May,0.0986,0.1,46035,231,22.56,low,23:00,OP
2904,2025-05-02 00:00:00,2025,5,2,0,4,Weekday,May,0.1105,0.1105,46035,231,24.93,low,00:00,OP
2905,2025-05-02 01:00:00,2025,5,2,1,4,Weekday,May,0.1022,0.1022,46035,231,23.06,low,01:00,OP
2906,2025-05-02 02:00:00,2025,5,2,2,4,Weekday,May,0.1079,0.1079,46035,231,24.34,low,02:00,OP
2907,2025-05-02 03:00:00,2025,5,2,3,4,Weekday,May,0.1285,0.1285,46035,231,28.98,low,03:00,OP
2908,2025-05-02 04:00:00,2025,5,2,4,4,Weekday,May,0.1432,0.1432,46035,231,32.3,low,04:00,OP
2909,2025-05-02 05:00:00,2025,5,2,5,4,Weekday,May,0.157,0.157,46035,231,35.42,low,05:00,OP
2910,2025-05-02 06:00:00,2025,5,2,6,4,Weekday,May,0.289,0.289,46035,231,65.2,low,06:00,STD
2911,2025-05-02 07:00:00,2025,5,2,7,4,Weekday,May,0.046,0.1,46035,231,22.56,low,07:00,PK
2912,2025-05-02 08:00:00,2025,5,2,8,4,Weekday,May,0.3365,0.3365,46035,231,75.91,low,08:00,PK
2913,2025-05-02 09:00:00,2025,5,2,9,4,Weekday,May,0.6077,0.6077,46035,231,137.09,low,09:00,STD
2914,2025-05-02 10:00:00,2025,5,2,10,4,Weekday,May,0.5644,0.5644,46035,231,127.32,low,10:00,STD
2915,2025-05-02 11:00:00,2025,5,2,11,4,Weekday,May,0.5577,0.5577,46035,231,125.8,low,11:00,STD
2916,2025-05-02 12:00:00,2025,5,2,12,4,Weekday,May,0.5319,0.5319,46035,231,119.99,low,12:00,STD
2917,2025-05-02 13:00:00,2025,5,2,13,4,Weekday,May,0.5076,0.5076,46035,231,114.51,low,13:00,STD
2918,2025-05-02 14:00:00,2025,5,2,14,4,Weekday,May,0.4855,0.4855,46035,231,109.52,low,14:00,STD
2919,2025-05-02 15:00:00,2025,5,2,15,4,Weekday,May,0.4967,0.4967,46035,231,112.05,low,15:00,STD
2920,2025-05-02 16:00:00,2025,5,2,16,4,Weekday,May,0.5252,0.5252,46035,231,118.48,low,16:00,STD
2921,2025-05-02 17:00:00,2025,5,2,17,4,Weekday,May,0.2875,0.2875,46035,231,64.85,low,17:00,STD
2922,2025-05-02 18:00:00,2025,5,2,18,4,Weekday,May,0.0394,0.1,46035,231,22.56,low,18:00,PK
2923,2025-05-02 19:00:00,2025,5,2,19,4,Weekday,May,0.0369,0.1,46035,231,22.56,low,19:00,PK
2924,2025-05-02 20:00:00,2025,5,2,20,4,Weekday,May,0.2441,0.2441,46035,231,55.07,low,20:00,PK
2925,2025-05-02 21:00:00,2025,5,2,21,4,Weekday,May,0.4107,0.4107,46035,231,92.64,low,21:00,STD
2926,2025-05-02 22:00:00,2025,5,2,22,4,Weekday,May,0.1291,0.1291,46035,231,29.12,low,22:00,OP
2927,2025-05-02 23:00:00,2025,5,2,23,4,Weekday,May,0.0986,0.1,46035,231,22.56,low,23:00,OP
2928,2025-05-03 00:00:00,2025,5,3,0,5,Sat,May,0.11,0.11,46035,231,24.81,low,00:00,OP
2929,2025-05-03 01:00:00,2025,5,3,1,5,Sat,May,0.1034,0.1034,46035,231,23.33,low,01:00,OP
2930,2025-05-03 02:00:00,2025,5,3,2,5,Sat,May,0.1073,0.1073,46035,231,24.21,low,02:00,OP
2931,2025-05-03 03:00:00,2025,5,3,3,5,Sat,May,0.1261,0.1261,46035,231,28.44,low,03:00,OP
2932,2025-05-03 04:00:00,2025,5,3,4,5,Sat,May,0.1426,0.1426,46035,231,32.16,low,04:00,OP
2933,2025-05-03 05:00:00,2025,5,3,5,5,Sat,May,0.1505,0.1505,46035,231,33.96,low,05:00,OP
2934,2025-05-03 06:00:00,2025,5,3,6,5,Sat,May,0.1655,0.1655,46035,231,37.33,low,06:00,OP
2935,2025-05-03 07:00:00,2025,5,3,7,5,Sat,May,0.3932,0.3932,46035,231,88.7,low,07:00,STD
2936,2025-05-03 08:00:00,2025,5,3,8,5,Sat,May,0.379,0.379,46035,231,85.5,low,08:00,STD
2937,2025-05-03 09:00:00,2025,5,3,9,5,Sat,May,0.3775,0.3775,46035,231,85.15,low,09:00,STD
2938,2025-05-03 10:00:00,2025,5,3,10,5,Sat,May,0.3608,0.3608,46035,231,81.39,low,10:00,STD
2939,2025-05-03 11:00:00,2025,5,3,11,5,Sat,May,0.3558,0.3558,46035,231,80.26,low,11:00,STD
2940,2025-05-03 12:00:00,2025,5,3,12,5,Sat,May,0.1722,0.1722,46035,231,38.85,low,12:00,OP
2941,2025-05-03 13:00:00,2025,5,3,13,5,Sat,May,0.1653,0.1653,46035,231,37.29,low,13:00,OP
2942,2025-05-03 14:00:00,2025,5,3,14,5,Sat,May,0.1541,0.1541,46035,231,34.76,low,14:00,OP
2943,2025-05-03 15:00:00,2025,5,3,15,5,Sat,May,0.1547,0.1547,46035,231,34.9,low,15:00,OP
2944,2025-05-03 16:00:00,2025,5,3,16,5,Sat,May,0.1634,0.1634,46035,231,36.86,low,16:00,OP
2945,2025-05-03 17:00:00,2025,5,3,17,5,Sat,May,0.3292,0.3292,46035,231,74.26,low,17:00,OP
2946,2025-05-03 18:00:00,2025,5,3,18,5,Sat,May,0.521,0.521,46035,231,117.53,low,18:00,STD
2947,2025-05-03 19:00:00,2025,5,3,19,5,Sat,May,0.3252,0.3252,46035,231,73.36,low,19:00,STD
2948,2025-05-03 20:00:00,2025,5,3,20,5,Sat,May,0.1437,0.1437,46035,231,32.41,low,20:00,OP
2949,2025-05-03 21:00:00,2025,5,3,21,5,Sat,May,0.1337,0.1337,46035,231,30.15,low,21:00,OP
2950,2025-05-03 22:00:00,2025,5,3,22,5,Sat,May,0.1291,0.1291,46035,231,29.12,low,22:00,OP
2951,2025-05-03 23:00:00,2025,5,3,23,5,Sat,May,0.0971,0.1,46035,231,22.56,low,23:00,OP
2952,2025-05-04 00:00:00,2025,5,4,0,6,Sun,May,0.11,0.11,46035,231,24.81,low,00:00,OP
2953,2025-05-04 01:00:00,2025,5,4,1,6,Sun,May,0.1034,0.1034,46035,231,23.33,low,01:00,OP
2954,2025-05-04 02:00:00,2025,5,4,2,6,Sun,May,0.1073,0.1073,46035,231,24.21,low,02:00,OP
2955,2025-05-04 03:00:00,2025,5,4,3,6,Sun,May,0.1261,0.1261,46035,231,28.44,low,03:00,OP
2956,2025-05-04 04:00:00,2025,5,4,4,6,Sun,May,0.1426,0.1426,46035,231,32.16,low,04:00,OP
2957,2025-05-04 05:00:00,2025,5,4,5,6,Sun,May,0.1505,0.1505,46035,231,33.96,low,05:00,OP
2958,2025-05-04 06:00:00,2025,5,4,6,6,Sun,May,0.1655,0.1655,46035,231,37.33,low,06:00,OP
2959,2025-05-04 07:00:00,2025,5,4,7,6,Sun,May,0.3932,0.3932,46035,231,88.7,low,07:00,OP
2960,2025-05-04 08:00:00,2025,5,4,8,6,Sun,May,0.379,0.379,46035,231,85.5,low,08:00,OP
2961,2025-05-04 09:00:00,2025,5,4,9,6,Sun,May,0.3775,0.3775,46035,231,85.15,low,09:00,OP
2962,2025-05-04 10:00:00,2025,5,4,10,6,Sun,May,0.3608,0.3608,46035,231,81.39,low,10:00,OP
2963,2025-05-04 11:00:00,2025,5,4,11,6,Sun,May,0.3558,0.3558,46035,231,80.26,low,11:00,OP
2964,2025-05-04 12:00:00,2025,5,4,12,6,Sun,May,0.1722,0.1722,46035,231,38.85,low,12:00,OP
2965,2025-05-04 13:00:00,2025,5,4,13,6,Sun,May,0.1653,0.1653,46035,231,37.29,low,13:00,OP
2966,2025-05-04 14:00:00,2025,5,4,14,6,Sun,May,0.1541,0.1541,46035,231,34.76,low,14:00,OP
2967,2025-05-04 15:00:00,2025,5,4,15,6,Sun,May,0.1547,0.1547,46035,231,34.9,low,15:00,OP
2968,2025-05-04 16:00:00,2025,5,4,16,6,Sun,May,0.1634,0.1634,46035,231,36.86,low,16:00,OP
2969,2025-05-04 17:00:00,2025,5,4,17,6,Sun,May,0.3292,0.3292,46035,231,74.26,low,17:00,OP
2970,2025-05-04 18:00:00,2025,5,4,18,6,Sun,May,0.521,0.521,46035,231,117.53,low,18:00,STD
2971,2025-05-04 19:00:00,2025,5,4,19,6,Sun,May,0.3252,0.3252,46035,231,73.36,low,19:00,STD
2972,2025-05-04 20:00:00,2025,5,4,20,6,Sun,May,0.1437,0.1437,46035,231,32.41,low,20:00,OP
2973,2025-05-04 21:00:00,2025,5,4,21,6,Sun,May,0.1337,0.1337,46035,231,30.15,low,21:00,OP
2974,2025-05-04 22:00:00,2025,5,4,22,6,Sun,May,0.1291,0.1291,46035,231,29.12,low,22:00,OP
2975,2025-05-04 23:00:00,2025,5,4,23,6,Sun,May,0.0971,0.1,46035,231,22.56,low,23:00,OP
2976,2025-05-05 00:00:00,2025,5,5,0,0,Weekday,May,0.1105,0.1105,46035,231,24.93,low,00:00,OP
2977,2025-05-05 01:00:00,2025,5,5,1,0,Weekday,May,0.1022,0.1022,46035,231,23.06,low,01:00,OP
2978,2025-05-05 02:00:00,2025,5,5,2,0,Weekday,May,0.1079,0.1079,46035,231,24.34,low,02:00,OP
2979,2025-05-05 03:00:00,2025,5,5,3,0,Weekday,May,0.1285,0.1285,46035,231,28.98,low,03:00,OP
2980,2025-05-05 04:00:00,2025,5,5,4,0,Weekday,May,0.1432,0.1432,46035,231,32.3,low,04:00,OP
2981,2025-05-05 05:00:00,2025,5,5,5,0,Weekday,May,0.157,0.157,46035,231,35.42,low,05:00,OP
2982,2025-05-05 06:00:00,2025,5,5,6,0,Weekday,May,0.289,0.289,46035,231,65.2,low,06:00,STD
2983,2025-05-05 07:00:00,2025,5,5,7,0,Weekday,May,0.046,0.1,46035,231,22.56,low,07:00,PK
2984,2025-05-05 08:00:00,2025,5,5,8,0,Weekday,May,0.3365,0.3365,46035,231,75.91,low,08:00,PK
2985,2025-05-05 09:00:00,2025,5,5,9,0,Weekday,May,0.6077,0.6077,46035,231,137.09,low,09:00,STD
2986,2025-05-05 10:00:00,2025,5,5,10,0,Weekday,May,0.5644,0.5644,46035,231,127.32,low,10:00,STD
2987,2025-05-05 11:00:00,2025,5,5,11,0,Weekday,May,0.5577,0.5577,46035,231,125.8,low,11:00,STD
2988,2025-05-05 12:00:00,2025,5,5,12,0,Weekday,May,0.5319,0.5319,46035,231,119.99,low,12:00,STD
2989,2025-05-05 13:00:00,2025,5,5,13,0,Weekday,May,0.5076,0.5076,46035,231,114.51,low,13:00,STD
2990,2025-05-05 14:00:00,2025,5,5,14,0,Weekday,May,0.4855,0.4855,46035,231,109.52,low,14:00,STD
2991,2025-05-05 15:00:00,2025,5,5,15,0,Weekday,May,0.4967,0.4967,46035,231,112.05,low,15:00,STD
2992,2025-05-05 16:00:00,2025,5,5,16,0,Weekday,May,0.5252,0.5252,46035,231,118.48,low,16:00,STD
2993,2025-05-05 17:00:00,2025,5,5,17,0,Weekday,May,0.2875,0.2875,46035,231,64.85,low,17:00,STD
2994,2025-05-05 18:00:00,2025,5,5,18,0,Weekday,May,0.0394,0.1,46035,231,22.56,low,18:00,PK
2995,2025-05-05 19:00:00,2025,5,5,19,0,Weekday,May,0.0369,0.1,46035,231,22.56,low,19:00,PK
2996,2025-05-05 20:00:00,2025,5,5,20,0,Weekday,May,0.2441,0.2441,46035,231,55.07,low,20:00,PK
2997,2025-05-05 21:00:00,2025,5,5,21,0,Weekday,May,0.4107,0.4107,46035,231,92.64,low,21:00,STD
2998,2025-05-05 22:00:00,2025,5,5,22,0,Weekday,May,0.1291,0.1291,46035,231,29.12,low,22:00,OP
2999,2025-05-05 23:00:00,2025,5,5,23,0,Weekday,May,0.0986,0.1,46035,231,22.56,low,23:00,OP
3000,2025-05-06 00:00:00,2025,5,6,0,1,Weekday,May,0.1105,0.1105,46035,231,24.93,low,00:00,OP
3001,2025-05-06 01:00:00,2025,5,6,1,1,Weekday,May,0.1022,0.1022,46035,231,23.06,low,01:00,OP
3002,2025-05-06 02:00:00,2025,5,6,2,1,Weekday,May,0.1079,0.1079,46035,231,24.34,low,02:00,OP
3003,2025-05-06 03:00:00,2025,5,6,3,1,Weekday,May,0.1285,0.1285,46035,231,28.98,low,03:00,OP
3004,2025-05-06 04:00:00,2025,5,6,4,1,Weekday,May,0.1432,0.1432,46035,231,32.3,low,04:00,OP
3005,2025-05-06 05:00:00,2025,5,6,5,1,Weekday,May,0.157,0.157,46035,231,35.42,low,05:00,OP
3006,2025-05-06 06:00:00,2025,5,6,6,1,Weekday,May,0.289,0.289,46035,231,65.2,low,06:00,STD
3007,2025-05-06 07:00:00,2025,5,6,7,1,Weekday,May,0.046,0.1,46035,231,22.56,low,07:00,PK
3008,2025-05-06 08:00:00,2025,5,6,8,1,Weekday,May,0.3365,0.3365,46035,231,75.91,low,08:00,PK
3009,2025-05-06 09:00:00,2025,5,6,9,1,Weekday,May,0.6077,0.6077,46035,231,137.09,low,09:00,STD
3010,2025-05-06 10:00:00,2025,5,6,10,1,Weekday,May,0.5644,0.5644,46035,231,127.32,low,10:00,STD
3011,2025-05-06 11:00:00,2025,5,6,11,1,Weekday,May,0.5577,0.5577,46035,231,125.8,low,11:00,STD
3012,2025-05-06 12:00:00,2025,5,6,12,1,Weekday,May,0.5319,0.5319,46035,231,119.99,low,12:00,STD
3013,2025-05-06 13:00:00,2025,5,6,13,1,Weekday,May,0.5076,0.5076,46035,231,114.51,low,13:00,STD
3014,2025-05-06 14:00:00,2025,5,6,14,1,Weekday,May,0.4855,0.4855,46035,231,109.52,low,14:00,STD
3015,2025-05-06 15:00:00,2025,5,6,15,1,Weekday,May,0.4967,0.4967,46035,231,112.05,low,15:00,STD
3016,2025-05-06 16:00:00,2025,5,6,16,1,Weekday,May,0.5252,0.5252,46035,231,118.48,low,16:00,STD
3017,2025-05-06 17:00:00,2025,5,6,17,1,Weekday,May,0.2875,0.2875,46035,231,64.85,low,17:00,STD
3018,2025-05-06 18:00:00,2025,5,6,18,1,Weekday,May,0.0394,0.1,46035,231,22.56,low,18:00,PK
3019,2025-05-06 19:00:00,2025,5,6,19,1,Weekday,May,0.0369,0.1,46035,231,22.56,low,19:00,PK
3020,2025-05-06 20:00:00,2025,5,6,20,1,Weekday,May,0.2441,0.2441,46035,231,55.07,low,20:00,PK
3021,2025-05-06 21:00:00,2025,5,6,21,1,Weekday,May,0.4107,0.4107,46035,231,92.64,low,21:00,STD
3022,2025-05-06 22:00:00,2025,5,6,22,1,Weekday,May,0.1291,0.1291,46035,231,29.12,low,22:00,OP
3023,2025-05-06 23:00:00,2025,5,6,23,1,Weekday,May,0.0986,0.1,46035,231,22.56,low,23:00,OP
3024,2025-05-07 00:00:00,2025,5,7,0,2,Weekday,May,0.1105,0.1105,46035,231,24.93,low,00:00,OP
3025,2025-05-07 01:00:00,2025,5,7,1,2,Weekday,May,0.1022,0.1022,46035,231,23.06,low,01:00,OP
3026,2025-05-07 02:00:00,2025,5,7,2,2,Weekday,May,0.1079,0.1079,46035,231,24.34,low,02:00,OP
3027,2025-05-07 03:00:00,2025,5,7,3,2,Weekday,May,0.1285,0.1285,46035,231,28.98,low,03:00,OP
3028,2025-05-07 04:00:00,2025,5,7,4,2,Weekday,May,0.1432,0.1432,46035,231,32.3,low,04:00,OP
3029,2025-05-07 05:00:00,2025,5,7,5,2,Weekday,May,0.157,0.157,46035,231,35.42,low,05:00,OP
3030,2025-05-07 06:00:00,2025,5,7,6,2,Weekday,May,0.289,0.289,46035,231,65.2,low,06:00,STD
3031,2025-05-07 07:00:00,2025,5,7,7,2,Weekday,May,0.046,0.1,46035,231,22.56,low,07:00,PK
3032,2025-05-07 08:00:00,2025,5,7,8,2,Weekday,May,0.3365,0.3365,46035,231,75.91,low,08:00,PK
3033,2025-05-07 09:00:00,2025,5,7,9,2,Weekday,May,0.6077,0.6077,46035,231,137.09,low,09:00,STD
3034,2025-05-07 10:00:00,2025,5,7,10,2,Weekday,May,0.5644,0.5644,46035,231,127.32,low,10:00,STD
3035,2025-05-07 11:00:00,2025,5,7,11,2,Weekday,May,0.5577,0.5577,46035,231,125.8,low,11:00,STD
3036,2025-05-07 12:00:00,2025,5,7,12,2,Weekday,May,0.5319,0.5319,46035,231,119.99,low,12:00,STD
3037,2025-05-07 13:00:00,2025,5,7,13,2,Weekday,May,0.5076,0.5076,46035,231,114.51,low,13:00,STD
3038,2025-05-07 14:00:00,2025,5,7,14,2,Weekday,May,0.4855,0.4855,46035,231,109.52,low,14:00,STD
3039,2025-05-07 15:00:00,2025,5,7,15,2,Weekday,May,0.4967,0.4967,46035,231,112.05,low,15:00,STD
3040,2025-05-07 16:00:00,2025,5,7,16,2,Weekday,May,0.5252,0.5252,46035,231,118.48,low,16:00,STD
3041,2025-05-07 17:00:00,2025,5,7,17,2,Weekday,May,0.2875,0.2875,46035,231,64.85,low,17:00,STD
3042,2025-05-07 18:00:00,2025,5,7,18,2,Weekday,May,0.0394,0.1,46035,231,22.56,low,18:00,PK
3043,2025-05-07 19:00:00,2025,5,7,19,2,Weekday,May,0.0369,0.1,46035,231,22.56,low,19:00,PK
3044,2025-05-07 20:00:00,2025,5,7,20,2,Weekday,May,0.2441,0.2441,46035,231,55.07,low,20:00,PK
3045,2025-05-07 21:00:00,2025,5,7,21,2,Weekday,May,0.4107,0.4107,46035,231,92.64,low,21:00,STD
3046,2025-05-07 22:00:00,2025,5,7,22,2,Weekday,May,0.1291,0.1291,46035,231,29.12,low,22:00,OP
3047,2025-05-07 23:00:00,2025,5,7,23,2,Weekday,May,0.0986,0.1,46035,231,22.56,low,23:00,OP
3048,2025-05-08 00:00:00,2025,5,8,0,3,Weekday,May,0.1105,0.1105,46035,231,24.93,low,00:00,OP
3049,2025-05-08 01:00:00,2025,5,8,1,3,Weekday,May,0.1022,0.1022,46035,231,23.06,low,01:00,OP
3050,2025-05-08 02:00:00,2025,5,8,2,3,Weekday,May,0.1079,0.1079,46035,231,24.34,low,02:00,OP
3051,2025-05-08 03:00:00,2025,5,8,3,3,Weekday,May,0.1285,0.1285,46035,231,28.98,low,03:00,OP
3052,2025-05-08 04:00:00,2025,5,8,4,3,Weekday,May,0.1432,0.1432,46035,231,32.3,low,04:00,OP
3053,2025-05-08 05:00:00,2025,5,8,5,3,Weekday,May,0.157,0.157,46035,231,35.42,low,05:00,OP
3054,2025-05-08 06:00:00,2025,5,8,6,3,Weekday,May,0.289,0.289,46035,231,65.2,low,06:00,STD
3055,2025-05-08 07:00:00,2025,5,8,7,3,Weekday,May,0.046,0.1,46035,231,22.56,low,07:00,PK
3056,2025-05-08 08:00:00,2025,5,8,8,3,Weekday,May,0.3365,0.3365,46035,231,75.91,low,08:00,PK
3057,2025-05-08 09:00:00,2025,5,8,9,3,Weekday,May,0.6077,0.6077,46035,231,137.09,low,09:00,STD
3058,2025-05-08 10:00:00,2025,5,8,10,3,Weekday,May,0.5644,0.5644,46035,231,127.32,low,10:00,STD
3059,2025-05-08 11:00:00,2025,5,8,11,3,Weekday,May,0.5577,0.5577,46035,231,125.8,low,11:00,STD
3060,2025-05-08 12:00:00,2025,5,8,12,3,Weekday,May,0.5319,0.5319,46035,231,119.99,low,12:00,STD
3061,2025-05-08 13:00:00,2025,5,8,13,3,Weekday,May,0.5076,0.5076,46035,231,114.51,low,13:00,STD
3062,2025-05-08 14:00:00,2025,5,8,14,3,Weekday,May,0.4855,0.4855,46035,231,109.52,low,14:00,STD
3063,2025-05-08 15:00:00,2025,5,8,15,3,Weekday,May,0.4967,0.4967,46035,231,112.05,low,15:00,STD
3064,2025-05-08 16:00:00,2025,5,8,16,3,Weekday,May,0.5252,0.5252,46035,231,118.48,low,16:00,STD
3065,2025-05-08 17:00:00,2025,5,8,17,3,Weekday,May,0.2875,0.2875,46035,231,64.85,low,17:00,STD
3066,2025-05-08 18:00:00,2025,5,8,18,3,Weekday,May,0.0394,0.1,46035,231,22.56,low,18:00,PK
3067,2025-05-08 19:00:00,2025,5,8,19,3,Weekday,May,0.0369,0.1,46035,231,22.56,low,19:00,PK
3068,2025-05-08 20:00:00,2025,5,8,20,3,Weekday,May,0.2441,0.2441,46035,231,55.07,low,20:00,PK
3069,2025-05-08 21:00:00,2025,5,8,21,3,Weekday,May,0.4107,0.4107,46035,231,92.64,low,21:00,STD
3070,2025-05-08 22:00:00,2025,5,8,22,3,Weekday,May,0.1291,0.1291,46035,231,29.12,low,22:00,OP
3071,2025-05-08 23:00:00,2025,5,8,23,3,Weekday,May,0.0986,0.1,46035,231,22.56,low,23:00,OP
3072,2025-05-09 00:00:00,2025,5,9,0,4,Weekday,May,0.1105,0.1105,46035,231,24.93,low,00:00,OP
3073,2025-05-09 01:00:00,2025,5,9,1,4,Weekday,May,0.1022,0.1022,46035,231,23.06,low,01:00,OP
3074,2025-05-09 02:00:00,2025,5,9,2,4,Weekday,May,0.1079,0.1079,46035,231,24.34,low,02:00,OP
3075,2025-05-09 03:00:00,2025,5,9,3,4,Weekday,May,0.1285,0.1285,46035,231,28.98,low,03:00,OP
3076,2025-05-09 04:00:00,2025,5,9,4,4,Weekday,May,0.1432,0.1432,46035,231,32.3,low,04:00,OP
3077,2025-05-09 05:00:00,2025,5,9,5,4,Weekday,May,0.157,0.157,46035,231,35.42,low,05:00,OP
3078,2025-05-09 06:00:00,2025,5,9,6,4,Weekday,May,0.289,0.289,46035,231,65.2,low,06:00,STD
3079,2025-05-09 07:00:00,2025,5,9,7,4,Weekday,May,0.046,0.1,46035,231,22.56,low,07:00,PK
3080,2025-05-09 08:00:00,2025,5,9,8,4,Weekday,May,0.3365,0.3365,46035,231,75.91,low,08:00,PK
3081,2025-05-09 09:00:00,2025,5,9,9,4,Weekday,May,0.6077,0.6077,46035,231,137.09,low,09:00,STD
3082,2025-05-09 10:00:00,2025,5,9,10,4,Weekday,May,0.5644,0.5644,46035,231,127.32,low,10:00,STD
3083,2025-05-09 11:00:00,2025,5,9,11,4,Weekday,May,0.5577,0.5577,46035,231,125.8,low,11:00,STD
3084,2025-05-09 12:00:00,2025,5,9,12,4,Weekday,May,0.5319,0.5319,46035,231,119.99,low,12:00,STD
3085,2025-05-09 13:00:00,2025,5,9,13,4,Weekday,May,0.5076,0.5076,46035,231,114.51,low,13:00,STD
3086,2025-05-09 14:00:00,2025,5,9,14,4,Weekday,May,0.4855,0.4855,46035,231,109.52,low,14:00,STD
3087,2025-05-09 15:00:00,2025,5,9,15,4,Weekday,May,0.4967,0.4967,46035,231,112.05,low,15:00,STD
3088,2025-05-09 16:00:00,2025,5,9,16,4,Weekday,May,0.5252,0.5252,46035,231,118.48,low,16:00,STD
3089,2025-05-09 17:00:00,2025,5,9,17,4,Weekday,May,0.2875,0.2875,46035,231,64.85,low,17:00,STD
3090,2025-05-09 18:00:00,2025,5,9,18,4,Weekday,May,0.0394,0.1,46035,231,22.56,low,18:00,PK
3091,2025-05-09 19:00:00,2025,5,9,19,4,Weekday,May,0.0369,0.1,46035,231,22.56,low,19:00,PK
3092,2025-05-09 20:00:00,2025,5,9,20,4,Weekday,May,0.2441,0.2441,46035,231,55.07,low,20:00,PK
3093,2025-05-09 21:00:00,2025,5,9,21,4,Weekday,May,0.4107,0.4107,46035,231,92.64,low,21:00,STD
3094,2025-05-09 22:00:00,2025,5,9,22,4,Weekday,May,0.1291,0.1291,46035,231,29.12,low,22:00,OP
3095,2025-05-09 23:00:00,2025,5,9,23,4,Weekday,May,0.0986,0.1,46035,231,22.56,low,23:00,OP
3096,2025-05-10 00:00:00,2025,5,10,0,5,Sat,May,0.11,0.11,46035,231,24.81,low,00:00,OP
3097,2025-05-10 01:00:00,2025,5,10,1,5,Sat,May,0.1034,0.1034,46035,231,23.33,low,01:00,OP
3098,2025-05-10 02:00:00,2025,5,10,2,5,Sat,May,0.1073,0.1073,46035,231,24.21,low,02:00,OP
3099,2025-05-10 03:00:00,2025,5,10,3,5,Sat,May,0.1261,0.1261,46035,231,28.44,low,03:00,OP
3100,2025-05-10 04:00:00,2025,5,10,4,5,Sat,May,0.1426,0.1426,46035,231,32.16,low,04:00,OP
3101,2025-05-10 05:00:00,2025,5,10,5,5,Sat,May,0.1505,0.1505,46035,231,33.96,low,05:00,OP
3102,2025-05-10 06:00:00,2025,5,10,6,5,Sat,May,0.1655,0.1655,46035,231,37.33,low,06:00,OP
3103,2025-05-10 07:00:00,2025,5,10,7,5,Sat,May,0.3932,0.3932,46035,231,88.7,low,07:00,STD
3104,2025-05-10 08:00:00,2025,5,10,8,5,Sat,May,0.379,0.379,46035,231,85.5,low,08:00,STD
3105,2025-05-10 09:00:00,2025,5,10,9,5,Sat,May,0.3775,0.3775,46035,231,85.15,low,09:00,STD
3106,2025-05-10 10:00:00,2025,5,10,10,5,Sat,May,0.3608,0.3608,46035,231,81.39,low,10:00,STD
3107,2025-05-10 11:00:00,2025,5,10,11,5,Sat,May,0.3558,0.3558,46035,231,80.26,low,11:00,STD
3108,2025-05-10 12:00:00,2025,5,10,12,5,Sat,May,0.1722,0.1722,46035,231,38.85,low,12:00,OP
3109,2025-05-10 13:00:00,2025,5,10,13,5,Sat,May,0.1653,0.1653,46035,231,37.29,low,13:00,OP
3110,2025-05-10 14:00:00,2025,5,10,14,5,Sat,May,0.1541,0.1541,46035,231,34.76,low,14:00,OP
3111,2025-05-10 15:00:00,2025,5,10,15,5,Sat,May,0.1547,0.1547,46035,231,34.9,low,15:00,OP
3112,2025-05-10 16:00:00,2025,5,10,16,5,Sat,May,0.1634,0.1634,46035,231,36.86,low,16:00,OP
3113,2025-05-10 17:00:00,2025,5,10,17,5,Sat,May,0.3292,0.3292,46035,231,74.26,low,17:00,OP
3114,2025-05-10 18:00:00,2025,5,10,18,5,Sat,May,0.521,0.521,46035,231,117.53,low,18:00,STD
3115,2025-05-10 19:00:00,2025,5,10,19,5,Sat,May,0.3252,0.3252,46035,231,73.36,low,19:00,STD
3116,2025-05-10 20:00:00,2025,5,10,20,5,Sat,May,0.1437,0.1437,46035,231,32.41,low,20:00,OP
3117,2025-05-10 21:00:00,2025,5,10,21,5,Sat,May,0.1337,0.1337,46035,231,30.15,low,21:00,OP
3118,2025-05-10 22:00:00,2025,5,10,22,5,Sat,May,0.1291,0.1291,46035,231,29.12,low,22:00,OP
3119,2025-05-10 23:00:00,2025,5,10,23,5,Sat,May,0.0971,0.1,46035,231,22.56,low,23:00,OP
3120,2025-05-11 00:00:00,2025,5,11,0,6,Sun,May,0.11,0.11,46035,231,24.81,low,00:00,OP
3121,2025-05-11 01:00:00,2025,5,11,1,6,Sun,May,0.1034,0.1034,46035,231,23.33,low,01:00,OP
3122,2025-05-11 02:00:00,2025,5,11,2,6,Sun,May,0.1073,0.1073,46035,231,24.21,low,02:00,OP
3123,2025-05-11 03:00:00,2025,5,11,3,6,Sun,May,0.1261,0.1261,46035,231,28.44,low,03:00,OP
3124,2025-05-11 04:00:00,2025,5,11,4,6,Sun,May,0.1426,0.1426,46035,231,32.16,low,04:00,OP
3125,2025-05-11 05:00:00,2025,5,11,5,6,Sun,May,0.1505,0.1505,46035,231,33.96,low,05:00,OP
3126,2025-05-11 06:00:00,2025,5,11,6,6,Sun,May,0.1655,0.1655,46035,231,37.33,low,06:00,OP
3127,2025-05-11 07:00:00,2025,5,11,7,6,Sun,May,0.3932,0.3932,46035,231,88.7,low,07:00,OP
3128,2025-05-11 08:00:00,2025,5,11,8,6,Sun,May,0.379,0.379,46035,231,85.5,low,08:00,OP
3129,2025-05-11 09:00:00,2025,5,11,9,6,Sun,May,0.3775,0.3775,46035,231,85.15,low,09:00,OP
3130,2025-05-11 10:00:00,2025,5,11,10,6,Sun,May,0.3608,0.3608,46035,231,81.39,low,10:00,OP
3131,2025-05-11 11:00:00,2025,5,11,11,6,Sun,May,0.3558,0.3558,46035,231,80.26,low,11:00,OP
3132,2025-05-11 12:00:00,2025,5,11,12,6,Sun,May,0.1722,0.1722,46035,231,38.85,low,12:00,OP
3133,2025-05-11 13:00:00,2025,5,11,13,6,Sun,May,0.1653,0.1653,46035,231,37.29,low,13:00,OP
3134,2025-05-11 14:00:00,2025,5,11,14,6,Sun,May,0.1541,0.1541,46035,231,34.76,low,14:00,OP
3135,2025-05-11 15:00:00,2025,5,11,15,6,Sun,May,0.1547,0.1547,46035,231,34.9,low,15:00,OP
3136,2025-05-11 16:00:00,2025,5,11,16,6,Sun,May,0.1634,0.1634,46035,231,36.86,low,16:00,OP
3137,2025-05-11 17:00:00,2025,5,11,17,6,Sun,May,0.3292,0.3292,46035,231,74.26,low,17:00,OP
3138,2025-05-11 18:00:00,2025,5,11,18,6,Sun,May,0.521,0.521,46035,231,117.53,low,18:00,STD
3139,2025-05-11 19:00:00,2025,5,11,19,6,Sun,May,0.3252,0.3252,46035,231,73.36,low,19:00,STD
3140,2025-05-11 20:00:00,2025,5,11,20,6,Sun,May,0.1437,0.1437,46035,231,32.41,low,20:00,OP
3141,2025-05-11 21:00:00,2025,5,11,21,6,Sun,May,0.1337,0.1337,46035,231,30.15,low,21:00,OP
3142,2025-05-11 22:00:00,2025,5,11,22,6,Sun,May,0.1291,0.1291,46035,231,29.12,low,22:00,OP
3143,2025-05-11 23:00:00,2025,5,11,23,6,Sun,May,0.0971,0.1,46035,231,22.56,low,23:00,OP
3144,2025-05-12 00:00:00,2025,5,12,0,0,Weekday,May,0.1105,0.1105,46035,231,24.93,low,00:00,OP
3145,2025-05-12 01:00:00,2025,5,12,1,0,Weekday,May,0.1022,0.1022,46035,231,23.06,low,01:00,OP
3146,2025-05-12 02:00:00,2025,5,12,2,0,Weekday,May,0.1079,0.1079,46035,231,24.34,low,02:00,OP
3147,2025-05-12 03:00:00,2025,5,12,3,0,Weekday,May,0.1285,0.1285,46035,231,28.98,low,03:00,OP
3148,2025-05-12 04:00:00,2025,5,12,4,0,Weekday,May,0.1432,0.1432,46035,231,32.3,low,04:00,OP
3149,2025-05-12 05:00:00,2025,5,12,5,0,Weekday,May,0.157,0.157,46035,231,35.42,low,05:00,OP
3150,2025-05-12 06:00:00,2025,5,12,6,0,Weekday,May,0.289,0.289,46035,231,65.2,low,06:00,STD
3151,2025-05-12 07:00:00,2025,5,12,7,0,Weekday,May,0.046,0.1,46035,231,22.56,low,07:00,PK
3152,2025-05-12 08:00:00,2025,5,12,8,0,Weekday,May,0.3365,0.3365,46035,231,75.91,low,08:00,PK
3153,2025-05-12 09:00:00,2025,5,12,9,0,Weekday,May,0.6077,0.6077,46035,231,137.09,low,09:00,STD
3154,2025-05-12 10:00:00,2025,5,12,10,0,Weekday,May,0.5644,0.5644,46035,231,127.32,low,10:00,STD
3155,2025-05-12 11:00:00,2025,5,12,11,0,Weekday,May,0.5577,0.5577,46035,231,125.8,low,11:00,STD
3156,2025-05-12 12:00:00,2025,5,12,12,0,Weekday,May,0.5319,0.5319,46035,231,119.99,low,12:00,STD
3157,2025-05-12 13:00:00,2025,5,12,13,0,Weekday,May,0.5076,0.5076,46035,231,114.51,low,13:00,STD
3158,2025-05-12 14:00:00,2025,5,12,14,0,Weekday,May,0.4855,0.4855,46035,231,109.52,low,14:00,STD
3159,2025-05-12 15:00:00,2025,5,12,15,0,Weekday,May,0.4967,0.4967,46035,231,112.05,low,15:00,STD
3160,2025-05-12 16:00:00,2025,5,12,16,0,Weekday,May,0.5252,0.5252,46035,231,118.48,low,16:00,STD
3161,2025-05-12 17:00:00,2025,5,12,17,0,Weekday,May,0.2875,0.2875,46035,231,64.85,low,17:00,STD
3162,2025-05-12 18:00:00,2025,5,12,18,0,Weekday,May,0.0394,0.1,46035,231,22.56,low,18:00,PK
3163,2025-05-12 19:00:00,2025,5,12,19,0,Weekday,May,0.0369,0.1,46035,231,22.56,low,19:00,PK
3164,2025-05-12 20:00:00,2025,5,12,20,0,Weekday,May,0.2441,0.2441,46035,231,55.07,low,20:00,PK
3165,2025-05-12 21:00:00,2025,5,12,21,0,Weekday,May,0.4107,0.4107,46035,231,92.64,low,21:00,STD
3166,2025-05-12 22:00:00,2025,5,12,22,0,Weekday,May,0.1291,0.1291,46035,231,29.12,low,22:00,OP
3167,2025-05-12 23:00:00,2025,5,12,23,0,Weekday,May,0.0986,0.1,46035,231,22.56,low,23:00,OP
3168,2025-05-13 00:00:00,2025,5,13,0,1,Weekday,May,0.1105,0.1105,46035,231,24.93,low,00:00,OP
3169,2025-05-13 01:00:00,2025,5,13,1,1,Weekday,May,0.1022,0.1022,46035,231,23.06,low,01:00,OP
3170,2025-05-13 02:00:00,2025,5,13,2,1,Weekday,May,0.1079,0.1079,46035,231,24.34,low,02:00,OP
3171,2025-05-13 03:00:00,2025,5,13,3,1,Weekday,May,0.1285,0.1285,46035,231,28.98,low,03:00,OP
3172,2025-05-13 04:00:00,2025,5,13,4,1,Weekday,May,0.1432,0.1432,46035,231,32.3,low,04:00,OP
3173,2025-05-13 05:00:00,2025,5,13,5,1,Weekday,May,0.157,0.157,46035,231,35.42,low,05:00,OP
3174,2025-05-13 06:00:00,2025,5,13,6,1,Weekday,May,0.289,0.289,46035,231,65.2,low,06:00,STD
3175,2025-05-13 07:00:00,2025,5,13,7,1,Weekday,May,0.046,0.1,46035,231,22.56,low,07:00,PK
3176,2025-05-13 08:00:00,2025,5,13,8,1,Weekday,May,0.3365,0.3365,46035,231,75.91,low,08:00,PK
3177,2025-05-13 09:00:00,2025,5,13,9,1,Weekday,May,0.6077,0.6077,46035,231,137.09,low,09:00,STD
3178,2025-05-13 10:00:00,2025,5,13,10,1,Weekday,May,0.5644,0.5644,46035,231,127.32,low,10:00,STD
3179,2025-05-13 11:00:00,2025,5,13,11,1,Weekday,May,0.5577,0.5577,46035,231,125.8,low,11:00,STD
3180,2025-05-13 12:00:00,2025,5,13,12,1,Weekday,May,0.5319,0.5319,46035,231,119.99,low,12:00,STD
3181,2025-05-13 13:00:00,2025,5,13,13,1,Weekday,May,0.5076,0.5076,46035,231,114.51,low,13:00,STD
3182,2025-05-13 14:00:00,2025,5,13,14,1,Weekday,May,0.4855,0.4855,46035,231,109.52,low,14:00,STD
3183,2025-05-13 15:00:00,2025,5,13,15,1,Weekday,May,0.4967,0.4967,46035,231,112.05,low,15:00,STD
3184,2025-05-13 16:00:00,2025,5,13,16,1,Weekday,May,0.5252,0.5252,46035,231,118.48,low,16:00,STD
3185,2025-05-13 17:00:00,2025,5,13,17,1,Weekday,May,0.2875,0.2875,46035,231,64.85,low,17:00,STD
3186,2025-05-13 18:00:00,2025,5,13,18,1,Weekday,May,0.0394,0.1,46035,231,22.56,low,18:00,PK
3187,2025-05-13 19:00:00,2025,5,13,19,1,Weekday,May,0.0369,0.1,46035,231,22.56,low,19:00,PK
3188,2025-05-13 20:00:00,2025,5,13,20,1,Weekday,May,0.2441,0.2441,46035,231,55.07,low,20:00,PK
3189,2025-05-13 21:00:00,2025,5,13,21,1,Weekday,May,0.4107,0.4107,46035,231,92.64,low,21:00,STD
3190,2025-05-13 22:00:00,2025,5,13,22,1,Weekday,May,0.1291,0.1291,46035,231,29.12,low,22:00,OP
3191,2025-05-13 23:00:00,2025,5,13,23,1,Weekday,May,0.0986,0.1,46035,231,22.56,low,23:00,OP
3192,2025-05-14 00:00:00,2025,5,14,0,2,Weekday,May,0.1105,0.1105,46035,231,24.93,low,00:00,OP
3193,2025-05-14 01:00:00,2025,5,14,1,2,Weekday,May,0.1022,0.1022,46035,231,23.06,low,01:00,OP
3194,2025-05-14 02:00:00,2025,5,14,2,2,Weekday,May,0.1079,0.1079,46035,231,24.34,low,02:00,OP
3195,2025-05-14 03:00:00,2025,5,14,3,2,Weekday,May,0.1285,0.1285,46035,231,28.98,low,03:00,OP
3196,2025-05-14 04:00:00,2025,5,14,4,2,Weekday,May,0.1432,0.1432,46035,231,32.3,low,04:00,OP
3197,2025-05-14 05:00:00,2025,5,14,5,2,Weekday,May,0.157,0.157,46035,231,35.42,low,05:00,OP
3198,2025-05-14 06:00:00,2025,5,14,6,2,Weekday,May,0.289,0.289,46035,231,65.2,low,06:00,STD
3199,2025-05-14 07:00:00,2025,5,14,7,2,Weekday,May,0.046,0.1,46035,231,22.56,low,07:00,PK
3200,2025-05-14 08:00:00,2025,5,14,8,2,Weekday,May,0.3365,0.3365,46035,231,75.91,low,08:00,PK
3201,2025-05-14 09:00:00,2025,5,14,9,2,Weekday,May,0.6077,0.6077,46035,231,137.09,low,09:00,STD
3202,2025-05-14 10:00:00,2025,5,14,10,2,Weekday,May,0.5644,0.5644,46035,231,127.32,low,10:00,STD
3203,2025-05-14 11:00:00,2025,5,14,11,2,Weekday,May,0.5577,0.5577,46035,231,125.8,low,11:00,STD
3204,2025-05-14 12:00:00,2025,5,14,12,2,Weekday,May,0.5319,0.5319,46035,231,119.99,low,12:00,STD
3205,2025-05-14 13:00:00,2025,5,14,13,2,Weekday,May,0.5076,0.5076,46035,231,114.51,low,13:00,STD
3206,2025-05-14 14:00:00,2025,5,14,14,2,Weekday,May,0.4855,0.4855,46035,231,109.52,low,14:00,STD
3207,2025-05-14 15:00:00,2025,5,14,15,2,Weekday,May,0.4967,0.4967,46035,231,112.05,low,15:00,STD
3208,2025-05-14 16:00:00,2025,5,14,16,2,Weekday,May,0.5252,0.5252,46035,231,118.48,low,16:00,STD
3209,2025-05-14 17:00:00,2025,5,14,17,2,Weekday,May,0.2875,0.2875,46035,231,64.85,low,17:00,STD
3210,2025-05-14 18:00:00,2025,5,14,18,2,Weekday,May,0.0394,0.1,46035,231,22.56,low,18:00,PK
3211,2025-05-14 19:00:00,2025,5,14,19,2,Weekday,May,0.0369,0.1,46035,231,22.56,low,19:00,PK
3212,2025-05-14 20:00:00,2025,5,14,20,2,Weekday,May,0.2441,0.2441,46035,231,55.07,low,20:00,PK
3213,2025-05-14 21:00:00,2025,5,14,21,2,Weekday,May,0.4107,0.4107,46035,231,92.64,low,21:00,STD
3214,2025-05-14 22:00:00,2025,5,14,22,2,Weekday,May,0.1291,0.1291,46035,231,29.12,low,22:00,OP
3215,2025-05-14 23:00:00,2025,5,14,23,2,Weekday,May,0.0986,0.1,46035,231,22.56,low,23:00,OP
3216,2025-05-15 00:00:00,2025,5,15,0,3,Weekday,May,0.1105,0.1105,46035,231,24.93,low,00:00,OP
3217,2025-05-15 01:00:00,2025,5,15,1,3,Weekday,May,0.1022,0.1022,46035,231,23.06,low,01:00,OP
3218,2025-05-15 02:00:00,2025,5,15,2,3,Weekday,May,0.1079,0.1079,46035,231,24.34,low,02:00,OP
3219,2025-05-15 03:00:00,2025,5,15,3,3,Weekday,May,0.1285,0.1285,46035,231,28.98,low,03:00,OP
3220,2025-05-15 04:00:00,2025,5,15,4,3,Weekday,May,0.1432,0.1432,46035,231,32.3,low,04:00,OP
3221,2025-05-15 05:00:00,2025,5,15,5,3,Weekday,May,0.157,0.157,46035,231,35.42,low,05:00,OP
3222,2025-05-15 06:00:00,2025,5,15,6,3,Weekday,May,0.289,0.289,46035,231,65.2,low,06:00,STD
3223,2025-05-15 07:00:00,2025,5,15,7,3,Weekday,May,0.046,0.1,46035,231,22.56,low,07:00,PK
3224,2025-05-15 08:00:00,2025,5,15,8,3,Weekday,May,0.3365,0.3365,46035,231,75.91,low,08:00,PK
3225,2025-05-15 09:00:00,2025,5,15,9,3,Weekday,May,0.6077,0.6077,46035,231,137.09,low,09:00,STD
3226,2025-05-15 10:00:00,2025,5,15,10,3,Weekday,May,0.5644,0.5644,46035,231,127.32,low,10:00,STD
3227,2025-05-15 11:00:00,2025,5,15,11,3,Weekday,May,0.5577,0.5577,46035,231,125.8,low,11:00,STD
3228,2025-05-15 12:00:00,2025,5,15,12,3,Weekday,May,0.5319,0.5319,46035,231,119.99,low,12:00,STD
3229,2025-05-15 13:00:00,2025,5,15,13,3,Weekday,May,0.5076,0.5076,46035,231,114.51,low,13:00,STD
3230,2025-05-15 14:00:00,2025,5,15,14,3,Weekday,May,0.4855,0.4855,46035,231,109.52,low,14:00,STD
3231,2025-05-15 15:00:00,2025,5,15,15,3,Weekday,May,0.4967,0.4967,46035,231,112.05,low,15:00,STD
3232,2025-05-15 16:00:00,2025,5,15,16,3,Weekday,May,0.5252,0.5252,46035,231,118.48,low,16:00,STD
3233,2025-05-15 17:00:00,2025,5,15,17,3,Weekday,May,0.2875,0.2875,46035,231,64.85,low,17:00,STD
3234,2025-05-15 18:00:00,2025,5,15,18,3,Weekday,May,0.0394,0.1,46035,231,22.56,low,18:00,PK
3235,2025-05-15 19:00:00,2025,5,15,19,3,Weekday,May,0.0369,0.1,46035,231,22.56,low,19:00,PK
3236,2025-05-15 20:00:00,2025,5,15,20,3,Weekday,May,0.2441,0.2441,46035,231,55.07,low,20:00,PK
3237,2025-05-15 21:00:00,2025,5,15,21,3,Weekday,May,0.4107,0.4107,46035,231,92.64,low,21:00,STD
3238,2025-05-15 22:00:00,2025,5,15,22,3,Weekday,May,0.1291,0.1291,46035,231,29.12,low,22:00,OP
3239,2025-05-15 23:00:00,2025,5,15,23,3,Weekday,May,0.0986,0.1,46035,231,22.56,low,23:00,OP
3240,2025-05-16 00:00:00,2025,5,16,0,4,Weekday,May,0.1105,0.1105,46035,231,24.93,low,00:00,OP
3241,2025-05-16 01:00:00,2025,5,16,1,4,Weekday,May,0.1022,0.1022,46035,231,23.06,low,01:00,OP
3242,2025-05-16 02:00:00,2025,5,16,2,4,Weekday,May,0.1079,0.1079,46035,231,24.34,low,02:00,OP
3243,2025-05-16 03:00:00,2025,5,16,3,4,Weekday,May,0.1285,0.1285,46035,231,28.98,low,03:00,OP
3244,2025-05-16 04:00:00,2025,5,16,4,4,Weekday,May,0.1432,0.1432,46035,231,32.3,low,04:00,OP
3245,2025-05-16 05:00:00,2025,5,16,5,4,Weekday,May,0.157,0.157,46035,231,35.42,low,05:00,OP
3246,2025-05-16 06:00:00,2025,5,16,6,4,Weekday,May,0.289,0.289,46035,231,65.2,low,06:00,STD
3247,2025-05-16 07:00:00,2025,5,16,7,4,Weekday,May,0.046,0.1,46035,231,22.56,low,07:00,PK
3248,2025-05-16 08:00:00,2025,5,16,8,4,Weekday,May,0.3365,0.3365,46035,231,75.91,low,08:00,PK
3249,2025-05-16 09:00:00,2025,5,16,9,4,Weekday,May,0.6077,0.6077,46035,231,137.09,low,09:00,STD
3250,2025-05-16 10:00:00,2025,5,16,10,4,Weekday,May,0.5644,0.5644,46035,231,127.32,low,10:00,STD
3251,2025-05-16 11:00:00,2025,5,16,11,4,Weekday,May,0.5577,0.5577,46035,231,125.8,low,11:00,STD
3252,2025-05-16 12:00:00,2025,5,16,12,4,Weekday,May,0.5319,0.5319,46035,231,119.99,low,12:00,STD
3253,2025-05-16 13:00:00,2025,5,16,13,4,Weekday,May,0.5076,0.5076,46035,231,114.51,low,13:00,STD
3254,2025-05-16 14:00:00,2025,5,16,14,4,Weekday,May,0.4855,0.4855,46035,231,109.52,low,14:00,STD
3255,2025-05-16 15:00:00,2025,5,16,15,4,Weekday,May,0.4967,0.4967,46035,231,112.05,low,15:00,STD
3256,2025-05-16 16:00:00,2025,5,16,16,4,Weekday,May,0.5252,0.5252,46035,231,118.48,low,16:00,STD
3257,2025-05-16 17:00:00,2025,5,16,17,4,Weekday,May,0.2875,0.2875,46035,231,64.85,low,17:00,STD
3258,2025-05-16 18:00:00,2025,5,16,18,4,Weekday,May,0.0394,0.1,46035,231,22.56,low,18:00,PK
3259,2025-05-16 19:00:00,2025,5,16,19,4,Weekday,May,0.0369,0.1,46035,231,22.56,low,19:00,PK
3260,2025-05-16 20:00:00,2025,5,16,20,4,Weekday,May,0.2441,0.2441,46035,231,55.07,low,20:00,PK
3261,2025-05-16 21:00:00,2025,5,16,21,4,Weekday,May,0.4107,0.4107,46035,231,92.64,low,21:00,STD
3262,2025-05-16 22:00:00,2025,5,16,22,4,Weekday,May,0.1291,0.1291,46035,231,29.12,low,22:00,OP
3263,2025-05-16 23:00:00,2025,5,16,23,4,Weekday,May,0.0986,0.1,46035,231,22.56,low,23:00,OP
3264,2025-05-17 00:00:00,2025,5,17,0,5,Sat,May,0.11,0.11,46035,231,24.81,low,00:00,OP
3265,2025-05-17 01:00:00,2025,5,17,1,5,Sat,May,0.1034,0.1034,46035,231,23.33,low,01:00,OP
3266,2025-05-17 02:00:00,2025,5,17,2,5,Sat,May,0.1073,0.1073,46035,231,24.21,low,02:00,OP
3267,2025-05-17 03:00:00,2025,5,17,3,5,Sat,May,0.1261,0.1261,46035,231,28.44,low,03:00,OP
3268,2025-05-17 04:00:00,2025,5,17,4,5,Sat,May,0.1426,0.1426,46035,231,32.16,low,04:00,OP
3269,2025-05-17 05:00:00,2025,5,17,5,5,Sat,May,0.1505,0.1505,46035,231,33.96,low,05:00,OP
3270,2025-05-17 06:00:00,2025,5,17,6,5,Sat,May,0.1655,0.1655,46035,231,37.33,low,06:00,OP
3271,2025-05-17 07:00:00,2025,5,17,7,5,Sat,May,0.3932,0.3932,46035,231,88.7,low,07:00,STD
3272,2025-05-17 08:00:00,2025,5,17,8,5,Sat,May,0.379,0.379,46035,231,85.5,low,08:00,STD
3273,2025-05-17 09:00:00,2025,5,17,9,5,Sat,May,0.3775,0.3775,46035,231,85.15,low,09:00,STD
3274,2025-05-17 10:00:00,2025,5,17,10,5,Sat,May,0.3608,0.3608,46035,231,81.39,low,10:00,STD
3275,2025-05-17 11:00:00,2025,5,17,11,5,Sat,May,0.3558,0.3558,46035,231,80.26,low,11:00,STD
3276,2025-05-17 12:00:00,2025,5,17,12,5,Sat,May,0.1722,0.1722,46035,231,38.85,low,12:00,OP
3277,2025-05-17 13:00:00,2025,5,17,13,5,Sat,May,0.1653,0.1653,46035,231,37.29,low,13:00,OP
3278,2025-05-17 14:00:00,2025,5,17,14,5,Sat,May,0.1541,0.1541,46035,231,34.76,low,14:00,OP
3279,2025-05-17 15:00:00,2025,5,17,15,5,Sat,May,0.1547,0.1547,46035,231,34.9,low,15:00,OP
3280,2025-05-17 16:00:00,2025,5,17,16,5,Sat,May,0.1634,0.1634,46035,231,36.86,low,16:00,OP
3281,2025-05-17 17:00:00,2025,5,17,17,5,Sat,May,0.3292,0.3292,46035,231,74.26,low,17:00,OP
3282,2025-05-17 18:00:00,2025,5,17,18,5,Sat,May,0.521,0.521,46035,231,117.53,low,18:00,STD
3283,2025-05-17 19:00:00,2025,5,17,19,5,Sat,May,0.3252,0.3252,46035,231,73.36,low,19:00,STD
3284,2025-05-17 20:00:00,2025,5,17,20,5,Sat,May,0.1437,0.1437,46035,231,32.41,low,20:00,OP
3285,2025-05-17 21:00:00,2025,5,17,21,5,Sat,May,0.1337,0.1337,46035,231,30.15,low,21:00,OP
3286,2025-05-17 22:00:00,2025,5,17,22,5,Sat,May,0.1291,0.1291,46035,231,29.12,low,22:00,OP
3287,2025-05-17 23:00:00,2025,5,17,23,5,Sat,May,0.0971,0.1,46035,231,22.56,low,23:00,OP
3288,2025-05-18 00:00:00,2025,5,18,0,6,Sun,May,0.11,0.11,46035,231,24.81,low,00:00,OP
3289,2025-05-18 01:00:00,2025,5,18,1,6,Sun,May,0.1034,0.1034,46035,231,23.33,low,01:00,OP
3290,2025-05-18 02:00:00,2025,5,18,2,6,Sun,May,0.1073,0.1073,46035,231,24.21,low,02:00,OP
3291,2025-05-18 03:00:00,2025,5,18,3,6,Sun,May,0.1261,0.1261,46035,231,28.44,low,03:00,OP
3292,2025-05-18 04:00:00,2025,5,18,4,6,Sun,May,0.1426,0.1426,46035,231,32.16,low,04:00,OP
3293,2025-05-18 05:00:00,2025,5,18,5,6,Sun,May,0.1505,0.1505,46035,231,33.96,low,05:00,OP
3294,2025-05-18 06:00:00,2025,5,18,6,6,Sun,May,0.1655,0.1655,46035,231,37.33,low,06:00,OP
3295,2025-05-18 07:00:00,2025,5,18,7,6,Sun,May,0.3932,0.3932,46035,231,88.7,low,07:00,OP
3296,2025-05-18 08:00:00,2025,5,18,8,6,Sun,May,0.379,0.379,46035,231,85.5,low,08:00,OP
3297,2025-05-18 09:00:00,2025,5,18,9,6,Sun,May,0.3775,0.3775,46035,231,85.15,low,09:00,OP
3298,2025-05-18 10:00:00,2025,5,18,10,6,Sun,May,0.3608,0.3608,46035,231,81.39,low,10:00,OP
3299,2025-05-18 11:00:00,2025,5,18,11,6,Sun,May,0.3558,0.3558,46035,231,80.26,low,11:00,OP
3300,2025-05-18 12:00:00,2025,5,18,12,6,Sun,May,0.1722,0.1722,46035,231,38.85,low,12:00,OP
3301,2025-05-18 13:00:00,2025,5,18,13,6,Sun,May,0.1653,0.1653,46035,231,37.29,low,13:00,OP
3302,2025-05-18 14:00:00,2025,5,18,14,6,Sun,May,0.1541,0.1541,46035,231,34.76,low,14:00,OP
3303,2025-05-18 15:00:00,2025,5,18,15,6,Sun,May,0.1547,0.1547,46035,231,34.9,low,15:00,OP
3304,2025-05-18 16:00:00,2025,5,18,16,6,Sun,May,0.1634,0.1634,46035,231,36.86,low,16:00,OP
3305,2025-05-18 17:00:00,2025,5,18,17,6,Sun,May,0.3292,0.3292,46035,231,74.26,low,17:00,OP
3306,2025-05-18 18:00:00,2025,5,18,18,6,Sun,May,0.521,0.521,46035,231,117.53,low,18:00,STD
3307,2025-05-18 19:00:00,2025,5,18,19,6,Sun,May,0.3252,0.3252,46035,231,73.36,low,19:00,STD
3308,2025-05-18 20:00:00,2025,5,18,20,6,Sun,May,0.1437,0.1437,46035,231,32.41,low,20:00,OP
3309,2025-05-18 21:00:00,2025,5,18,21,6,Sun,May,0.1337,0.1337,46035,231,30.15,low,21:00,OP
3310,2025-05-18 22:00:00,2025,5,18,22,6,Sun,May,0.1291,0.1291,46035,231,29.12,low,22:00,OP
3311,2025-05-18 23:00:00,2025,5,18,23,6,Sun,May,0.0971,0.1,46035,231,22.56,low,23:00,OP
3312,2025-05-19 00:00:00,2025,5,19,0,0,Weekday,May,0.1105,0.1105,46035,231,24.93,low,00:00,OP
3313,2025-05-19 01:00:00,2025,5,19,1,0,Weekday,May,0.1022,0.1022,46035,231,23.06,low,01:00,OP
3314,2025-05-19 02:00:00,2025,5,19,2,0,Weekday,May,0.1079,0.1079,46035,231,24.34,low,02:00,OP
3315,2025-05-19 03:00:00,2025,5,19,3,0,Weekday,May,0.1285,0.1285,46035,231,28.98,low,03:00,OP
3316,2025-05-19 04:00:00,2025,5,19,4,0,Weekday,May,0.1432,0.1432,46035,231,32.3,low,04:00,OP
3317,2025-05-19 05:00:00,2025,5,19,5,0,Weekday,May,0.157,0.157,46035,231,35.42,low,05:00,OP
3318,2025-05-19 06:00:00,2025,5,19,6,0,Weekday,May,0.289,0.289,46035,231,65.2,low,06:00,STD
3319,2025-05-19 07:00:00,2025,5,19,7,0,Weekday,May,0.046,0.1,46035,231,22.56,low,07:00,PK
3320,2025-05-19 08:00:00,2025,5,19,8,0,Weekday,May,0.3365,0.3365,46035,231,75.91,low,08:00,PK
3321,2025-05-19 09:00:00,2025,5,19,9,0,Weekday,May,0.6077,0.6077,46035,231,137.09,low,09:00,STD
3322,2025-05-19 10:00:00,2025,5,19,10,0,Weekday,May,0.5644,0.5644,46035,231,127.32,low,10:00,STD
3323,2025-05-19 11:00:00,2025,5,19,11,0,Weekday,May,0.5577,0.5577,46035,231,125.8,low,11:00,STD
3324,2025-05-19 12:00:00,2025,5,19,12,0,Weekday,May,0.5319,0.5319,46035,231,119.99,low,12:00,STD
3325,2025-05-19 13:00:00,2025,5,19,13,0,Weekday,May,0.5076,0.5076,46035,231,114.51,low,13:00,STD
3326,2025-05-19 14:00:00,2025,5,19,14,0,Weekday,May,0.4855,0.4855,46035,231,109.52,low,14:00,STD
3327,2025-05-19 15:00:00,2025,5,19,15,0,Weekday,May,0.4967,0.4967,46035,231,112.05,low,15:00,STD
3328,2025-05-19 16:00:00,2025,5,19,16,0,Weekday,May,0.5252,0.5252,46035,231,118.48,low,16:00,STD
3329,2025-05-19 17:00:00,2025,5,19,17,0,Weekday,May,0.2875,0.2875,46035,231,64.85,low,17:00,STD
3330,2025-05-19 18:00:00,2025,5,19,18,0,Weekday,May,0.0394,0.1,46035,231,22.56,low,18:00,PK
3331,2025-05-19 19:00:00,2025,5,19,19,0,Weekday,May,0.0369,0.1,46035,231,22.56,low,19:00,PK
3332,2025-05-19 20:00:00,2025,5,19,20,0,Weekday,May,0.2441,0.2441,46035,231,55.07,low,20:00,PK
3333,2025-05-19 21:00:00,2025,5,19,21,0,Weekday,May,0.4107,0.4107,46035,231,92.64,low,21:00,STD
3334,2025-05-19 22:00:00,2025,5,19,22,0,Weekday,May,0.1291,0.1291,46035,231,29.12,low,22:00,OP
3335,2025-05-19 23:00:00,2025,5,19,23,0,Weekday,May,0.0986,0.1,46035,231,22.56,low,23:00,OP
3336,2025-05-20 00:00:00,2025,5,20,0,1,Weekday,May,0.1105,0.1105,46035,231,24.93,low,00:00,OP
3337,2025-05-20 01:00:00,2025,5,20,1,1,Weekday,May,0.1022,0.1022,46035,231,23.06,low,01:00,OP
3338,2025-05-20 02:00:00,2025,5,20,2,1,Weekday,May,0.1079,0.1079,46035,231,24.34,low,02:00,OP
3339,2025-05-20 03:00:00,2025,5,20,3,1,Weekday,May,0.1285,0.1285,46035,231,28.98,low,03:00,OP
3340,2025-05-20 04:00:00,2025,5,20,4,1,Weekday,May,0.1432,0.1432,46035,231,32.3,low,04:00,OP
3341,2025-05-20 05:00:00,2025,5,20,5,1,Weekday,May,0.157,0.157,46035,231,35.42,low,05:00,OP
3342,2025-05-20 06:00:00,2025,5,20,6,1,Weekday,May,0.289,0.289,46035,231,65.2,low,06:00,STD
3343,2025-05-20 07:00:00,2025,5,20,7,1,Weekday,May,0.046,0.1,46035,231,22.56,low,07:00,PK
3344,2025-05-20 08:00:00,2025,5,20,8,1,Weekday,May,0.3365,0.3365,46035,231,75.91,low,08:00,PK
3345,2025-05-20 09:00:00,2025,5,20,9,1,Weekday,May,0.6077,0.6077,46035,231,137.09,low,09:00,STD
3346,2025-05-20 10:00:00,2025,5,20,10,1,Weekday,May,0.5644,0.5644,46035,231,127.32,low,10:00,STD
3347,2025-05-20 11:00:00,2025,5,20,11,1,Weekday,May,0.5577,0.5577,46035,231,125.8,low,11:00,STD
3348,2025-05-20 12:00:00,2025,5,20,12,1,Weekday,May,0.5319,0.5319,46035,231,119.99,low,12:00,STD
3349,2025-05-20 13:00:00,2025,5,20,13,1,Weekday,May,0.5076,0.5076,46035,231,114.51,low,13:00,STD
3350,2025-05-20 14:00:00,2025,5,20,14,1,Weekday,May,0.4855,0.4855,46035,231,109.52,low,14:00,STD
3351,2025-05-20 15:00:00,2025,5,20,15,1,Weekday,May,0.4967,0.4967,46035,231,112.05,low,15:00,STD
3352,2025-05-20 16:00:00,2025,5,20,16,1,Weekday,May,0.5252,0.5252,46035,231,118.48,low,16:00,STD
3353,2025-05-20 17:00:00,2025,5,20,17,1,Weekday,May,0.2875,0.2875,46035,231,64.85,low,17:00,STD
3354,2025-05-20 18:00:00,2025,5,20,18,1,Weekday,May,0.0394,0.1,46035,231,22.56,low,18:00,PK
3355,2025-05-20 19:00:00,2025,5,20,19,1,Weekday,May,0.0369,0.1,46035,231,22.56,low,19:00,PK
3356,2025-05-20 20:00:00,2025,5,20,20,1,Weekday,May,0.2441,0.2441,46035,231,55.07,low,20:00,PK
3357,2025-05-20 21:00:00,2025,5,20,21,1,Weekday,May,0.4107,0.4107,46035,231,92.64,low,21:00,STD
3358,2025-05-20 22:00:00,2025,5,20,22,1,Weekday,May,0.1291,0.1291,46035,231,29.12,low,22:00,OP
3359,2025-05-20 23:00:00,2025,5,20,23,1,Weekday,May,0.0986,0.1,46035,231,22.56,low,23:00,OP
3360,2025-05-21 00:00:00,2025,5,21,0,2,Weekday,May,0.1105,0.1105,46035,231,24.93,low,00:00,OP
3361,2025-05-21 01:00:00,2025,5,21,1,2,Weekday,May,0.1022,0.1022,46035,231,23.06,low,01:00,OP
3362,2025-05-21 02:00:00,2025,5,21,2,2,Weekday,May,0.1079,0.1079,46035,231,24.34,low,02:00,OP
3363,2025-05-21 03:00:00,2025,5,21,3,2,Weekday,May,0.1285,0.1285,46035,231,28.98,low,03:00,OP
3364,2025-05-21 04:00:00,2025,5,21,4,2,Weekday,May,0.1432,0.1432,46035,231,32.3,low,04:00,OP
3365,2025-05-21 05:00:00,2025,5,21,5,2,Weekday,May,0.157,0.157,46035,231,35.42,low,05:00,OP
3366,2025-05-21 06:00:00,2025,5,21,6,2,Weekday,May,0.289,0.289,46035,231,65.2,low,06:00,STD
3367,2025-05-21 07:00:00,2025,5,21,7,2,Weekday,May,0.046,0.1,46035,231,22.56,low,07:00,PK
3368,2025-05-21 08:00:00,2025,5,21,8,2,Weekday,May,0.3365,0.3365,46035,231,75.91,low,08:00,PK
3369,2025-05-21 09:00:00,2025,5,21,9,2,Weekday,May,0.6077,0.6077,46035,231,137.09,low,09:00,STD
3370,2025-05-21 10:00:00,2025,5,21,10,2,Weekday,May,0.5644,0.5644,46035,231,127.32,low,10:00,STD
3371,2025-05-21 11:00:00,2025,5,21,11,2,Weekday,May,0.5577,0.5577,46035,231,125.8,low,11:00,STD
3372,2025-05-21 12:00:00,2025,5,21,12,2,Weekday,May,0.5319,0.5319,46035,231,119.99,low,12:00,STD
3373,2025-05-21 13:00:00,2025,5,21,13,2,Weekday,May,0.5076,0.5076,46035,231,114.51,low,13:00,STD
3374,2025-05-21 14:00:00,2025,5,21,14,2,Weekday,May,0.4855,0.4855,46035,231,109.52,low,14:00,STD
3375,2025-05-21 15:00:00,2025,5,21,15,2,Weekday,May,0.4967,0.4967,46035,231,112.05,low,15:00,STD
3376,2025-05-21 16:00:00,2025,5,21,16,2,Weekday,May,0.5252,0.5252,46035,231,118.48,low,16:00,STD
3377,2025-05-21 17:00:00,2025,5,21,17,2,Weekday,May,0.2875,0.2875,46035,231,64.85,low,17:00,STD
3378,2025-05-21 18:00:00,2025,5,21,18,2,Weekday,May,0.0394,0.1,46035,231,22.56,low,18:00,PK
3379,2025-05-21 19:00:00,2025,5,21,19,2,Weekday,May,0.0369,0.1,46035,231,22.56,low,19:00,PK
3380,2025-05-21 20:00:00,2025,5,21,20,2,Weekday,May,0.2441,0.2441,46035,231,55.07,low,20:00,PK
3381,2025-05-21 21:00:00,2025,5,21,21,2,Weekday,May,0.4107,0.4107,46035,231,92.64,low,21:00,STD
3382,2025-05-21 22:00:00,2025,5,21,22,2,Weekday,May,0.1291,0.1291,46035,231,29.12,low,22:00,OP
3383,2025-05-21 23:00:00,2025,5,21,23,2,Weekday,May,0.0986,0.1,46035,231,22.56,low,23:00,OP
3384,2025-05-22 00:00:00,2025,5,22,0,3,Weekday,May,0.1105,0.1105,46035,231,24.93,low,00:00,OP
3385,2025-05-22 01:00:00,2025,5,22,1,3,Weekday,May,0.1022,0.1022,46035,231,23.06,low,01:00,OP
3386,2025-05-22 02:00:00,2025,5,22,2,3,Weekday,May,0.1079,0.1079,46035,231,24.34,low,02:00,OP
3387,2025-05-22 03:00:00,2025,5,22,3,3,Weekday,May,0.1285,0.1285,46035,231,28.98,low,03:00,OP
3388,2025-05-22 04:00:00,2025,5,22,4,3,Weekday,May,0.1432,0.1432,46035,231,32.3,low,04:00,OP
3389,2025-05-22 05:00:00,2025,5,22,5,3,Weekday,May,0.157,0.157,46035,231,35.42,low,05:00,OP
3390,2025-05-22 06:00:00,2025,5,22,6,3,Weekday,May,0.289,0.289,46035,231,65.2,low,06:00,STD
3391,2025-05-22 07:00:00,2025,5,22,7,3,Weekday,May,0.046,0.1,46035,231,22.56,low,07:00,PK
3392,2025-05-22 08:00:00,2025,5,22,8,3,Weekday,May,0.3365,0.3365,46035,231,75.91,low,08:00,PK
3393,2025-05-22 09:00:00,2025,5,22,9,3,Weekday,May,0.6077,0.6077,46035,231,137.09,low,09:00,STD
3394,2025-05-22 10:00:00,2025,5,22,10,3,Weekday,May,0.5644,0.5644,46035,231,127.32,low,10:00,STD
3395,2025-05-22 11:00:00,2025,5,22,11,3,Weekday,May,0.5577,0.5577,46035,231,125.8,low,11:00,STD
3396,2025-05-22 12:00:00,2025,5,22,12,3,Weekday,May,0.5319,0.5319,46035,231,119.99,low,12:00,STD
3397,2025-05-22 13:00:00,2025,5,22,13,3,Weekday,May,0.5076,0.5076,46035,231,114.51,low,13:00,STD
3398,2025-05-22 14:00:00,2025,5,22,14,3,Weekday,May,0.4855,0.4855,46035,231,109.52,low,14:00,STD
3399,2025-05-22 15:00:00,2025,5,22,15,3,Weekday,May,0.4967,0.4967,46035,231,112.05,low,15:00,STD
3400,2025-05-22 16:00:00,2025,5,22,16,3,Weekday,May,0.5252,0.5252,46035,231,118.48,low,16:00,STD
3401,2025-05-22 17:00:00,2025,5,22,17,3,Weekday,May,0.2875,0.2875,46035,231,64.85,low,17:00,STD
3402,2025-05-22 18:00:00,2025,5,22,18,3,Weekday,May,0.0394,0.1,46035,231,22.56,low,18:00,PK
3403,2025-05-22 19:00:00,2025,5,22,19,3,Weekday,May,0.0369,0.1,46035,231,22.56,low,19:00,PK
3404,2025-05-22 20:00:00,2025,5,22,20,3,Weekday,May,0.2441,0.2441,46035,231,55.07,low,20:00,PK
3405,2025-05-22 21:00:00,2025,5,22,21,3,Weekday,May,0.4107,0.4107,46035,231,92.64,low,21:00,STD
3406,2025-05-22 22:00:00,2025,5,22,22,3,Weekday,May,0.1291,0.1291,46035,231,29.12,low,22:00,OP
3407,2025-05-22 23:00:00,2025,5,22,23,3,Weekday,May,0.0986,0.1,46035,231,22.56,low,23:00,OP
3408,2025-05-23 00:00:00,2025,5,23,0,4,Weekday,May,0.1105,0.1105,46035,231,24.93,low,00:00,OP
3409,2025-05-23 01:00:00,2025,5,23,1,4,Weekday,May,0.1022,0.1022,46035,231,23.06,low,01:00,OP
3410,2025-05-23 02:00:00,2025,5,23,2,4,Weekday,May,0.1079,0.1079,46035,231,24.34,low,02:00,OP
3411,2025-05-23 03:00:00,2025,5,23,3,4,Weekday,May,0.1285,0.1285,46035,231,28.98,low,03:00,OP
3412,2025-05-23 04:00:00,2025,5,23,4,4,Weekday,May,0.1432,0.1432,46035,231,32.3,low,04:00,OP
3413,2025-05-23 05:00:00,2025,5,23,5,4,Weekday,May,0.157,0.157,46035,231,35.42,low,05:00,OP
3414,2025-05-23 06:00:00,2025,5,23,6,4,Weekday,May,0.289,0.289,46035,231,65.2,low,06:00,STD
3415,2025-05-23 07:00:00,2025,5,23,7,4,Weekday,May,0.046,0.1,46035,231,22.56,low,07:00,PK
3416,2025-05-23 08:00:00,2025,5,23,8,4,Weekday,May,0.3365,0.3365,46035,231,75.91,low,08:00,PK
3417,2025-05-23 09:00:00,2025,5,23,9,4,Weekday,May,0.6077,0.6077,46035,231,137.09,low,09:00,STD
3418,2025-05-23 10:00:00,2025,5,23,10,4,Weekday,May,0.5644,0.5644,46035,231,127.32,low,10:00,STD
3419,2025-05-23 11:00:00,2025,5,23,11,4,Weekday,May,0.5577,0.5577,46035,231,125.8,low,11:00,STD
3420,2025-05-23 12:00:00,2025,5,23,12,4,Weekday,May,0.5319,0.5319,46035,231,119.99,low,12:00,STD
3421,2025-05-23 13:00:00,2025,5,23,13,4,Weekday,May,0.5076,0.5076,46035,231,114.51,low,13:00,STD
3422,2025-05-23 14:00:00,2025,5,23,14,4,Weekday,May,0.4855,0.4855,46035,231,109.52,low,14:00,STD
3423,2025-05-23 15:00:00,2025,5,23,15,4,Weekday,May,0.4967,0.4967,46035,231,112.05,low,15:00,STD
3424,2025-05-23 16:00:00,2025,5,23,16,4,Weekday,May,0.5252,0.5252,46035,231,118.48,low,16:00,STD
3425,2025-05-23 17:00:00,2025,5,23,17,4,Weekday,May,0.2875,0.2875,46035,231,64.85,low,17:00,STD
3426,2025-05-23 18:00:00,2025,5,23,18,4,Weekday,May,0.0394,0.1,46035,231,22.56,low,18:00,PK
3427,2025-05-23 19:00:00,2025,5,23,19,4,Weekday,May,0.0369,0.1,46035,231,22.56,low,19:00,PK
3428,2025-05-23 20:00:00,2025,5,23,20,4,Weekday,May,0.2441,0.2441,46035,231,55.07,low,20:00,PK
3429,2025-05-23 21:00:00,2025,5,23,21,4,Weekday,May,0.4107,0.4107,46035,231,92.64,low,21:00,STD
3430,2025-05-23 22:00:00,2025,5,23,22,4,Weekday,May,0.1291,0.1291,46035,231,29.12,low,22:00,OP
3431,2025-05-23 23:00:00,2025,5,23,23,4,Weekday,May,0.0986,0.1,46035,231,22.56,low,23:00,OP
3432,2025-05-24 00:00:00,2025,5,24,0,5,Sat,May,0.11,0.11,46035,231,24.81,low,00:00,OP
3433,2025-05-24 01:00:00,2025,5,24,1,5,Sat,May,0.1034,0.1034,46035,231,23.33,low,01:00,OP
3434,2025-05-24 02:00:00,2025,5,24,2,5,Sat,May,0.1073,0.1073,46035,231,24.21,low,02:00,OP
3435,2025-05-24 03:00:00,2025,5,24,3,5,Sat,May,0.1261,0.1261,46035,231,28.44,low,03:00,OP
3436,2025-05-24 04:00:00,2025,5,24,4,5,Sat,May,0.1426,0.1426,46035,231,32.16,low,04:00,OP
3437,2025-05-24 05:00:00,2025,5,24,5,5,Sat,May,0.1505,0.1505,46035,231,33.96,low,05:00,OP
3438,2025-05-24 06:00:00,2025,5,24,6,5,Sat,May,0.1655,0.1655,46035,231,37.33,low,06:00,OP
3439,2025-05-24 07:00:00,2025,5,24,7,5,Sat,May,0.3932,0.3932,46035,231,88.7,low,07:00,STD
3440,2025-05-24 08:00:00,2025,5,24,8,5,Sat,May,0.379,0.379,46035,231,85.5,low,08:00,STD
3441,2025-05-24 09:00:00,2025,5,24,9,5,Sat,May,0.3775,0.3775,46035,231,85.15,low,09:00,STD
3442,2025-05-24 10:00:00,2025,5,24,10,5,Sat,May,0.3608,0.3608,46035,231,81.39,low,10:00,STD
3443,2025-05-24 11:00:00,2025,5,24,11,5,Sat,May,0.3558,0.3558,46035,231,80.26,low,11:00,STD
3444,2025-05-24 12:00:00,2025,5,24,12,5,Sat,May,0.1722,0.1722,46035,231,38.85,low,12:00,OP
3445,2025-05-24 13:00:00,2025,5,24,13,5,Sat,May,0.1653,0.1653,46035,231,37.29,low,13:00,OP
3446,2025-05-24 14:00:00,2025,5,24,14,5,Sat,May,0.1541,0.1541,46035,231,34.76,low,14:00,OP
3447,2025-05-24 15:00:00,2025,5,24,15,5,Sat,May,0.1547,0.1547,46035,231,34.9,low,15:00,OP
3448,2025-05-24 16:00:00,2025,5,24,16,5,Sat,May,0.1634,0.1634,46035,231,36.86,low,16:00,OP
3449,2025-05-24 17:00:00,2025,5,24,17,5,Sat,May,0.3292,0.3292,46035,231,74.26,low,17:00,OP
3450,2025-05-24 18:00:00,2025,5,24,18,5,Sat,May,0.521,0.521,46035,231,117.53,low,18:00,STD
3451,2025-05-24 19:00:00,2025,5,24,19,5,Sat,May,0.3252,0.3252,46035,231,73.36,low,19:00,STD
3452,2025-05-24 20:00:00,2025,5,24,20,5,Sat,May,0.1437,0.1437,46035,231,32.41,low,20:00,OP
3453,2025-05-24 21:00:00,2025,5,24,21,5,Sat,May,0.1337,0.1337,46035,231,30.15,low,21:00,OP
3454,2025-05-24 22:00:00,2025,5,24,22,5,Sat,May,0.1291,0.1291,46035,231,29.12,low,22:00,OP
3455,2025-05-24 23:00:00,2025,5,24,23,5,Sat,May,0.0971,0.1,46035,231,22.56,low,23:00,OP
3456,2025-05-25 00:00:00,2025,5,25,0,6,Sun,May,0.11,0.11,46035,231,24.81,low,00:00,OP
3457,2025-05-25 01:00:00,2025,5,25,1,6,Sun,May,0.1034,0.1034,46035,231,23.33,low,01:00,OP
3458,2025-05-25 02:00:00,2025,5,25,2,6,Sun,May,0.1073,0.1073,46035,231,24.21,low,02:00,OP
3459,2025-05-25 03:00:00,2025,5,25,3,6,Sun,May,0.1261,0.1261,46035,231,28.44,low,03:00,OP
3460,2025-05-25 04:00:00,2025,5,25,4,6,Sun,May,0.1426,0.1426,46035,231,32.16,low,04:00,OP
3461,2025-05-25 05:00:00,2025,5,25,5,6,Sun,May,0.1505,0.1505,46035,231,33.96,low,05:00,OP
3462,2025-05-25 06:00:00,2025,5,25,6,6,Sun,May,0.1655,0.1655,46035,231,37.33,low,06:00,OP
3463,2025-05-25 07:00:00,2025,5,25,7,6,Sun,May,0.3932,0.3932,46035,231,88.7,low,07:00,OP
3464,2025-05-25 08:00:00,2025,5,25,8,6,Sun,May,0.379,0.379,46035,231,85.5,low,08:00,OP
3465,2025-05-25 09:00:00,2025,5,25,9,6,Sun,May,0.3775,0.3775,46035,231,85.15,low,09:00,OP
3466,2025-05-25 10:00:00,2025,5,25,10,6,Sun,May,0.3608,0.3608,46035,231,81.39,low,10:00,OP
3467,2025-05-25 11:00:00,2025,5,25,11,6,Sun,May,0.3558,0.3558,46035,231,80.26,low,11:00,OP
3468,2025-05-25 12:00:00,2025,5,25,12,6,Sun,May,0.1722,0.1722,46035,231,38.85,low,12:00,OP
3469,2025-05-25 13:00:00,2025,5,25,13,6,Sun,May,0.1653,0.1653,46035,231,37.29,low,13:00,OP
3470,2025-05-25 14:00:00,2025,5,25,14,6,Sun,May,0.1541,0.1541,46035,231,34.76,low,14:00,OP
3471,2025-05-25 15:00:00,2025,5,25,15,6,Sun,May,0.1547,0.1547,46035,231,34.9,low,15:00,OP
3472,2025-05-25 16:00:00,2025,5,25,16,6,Sun,May,0.1634,0.1634,46035,231,36.86,low,16:00,OP
3473,2025-05-25 17:00:00,2025,5,25,17,6,Sun,May,0.3292,0.3292,46035,231,74.26,low,17:00,OP
3474,2025-05-25 18:00:00,2025,5,25,18,6,Sun,May,0.521,0.521,46035,231,117.53,low,18:00,STD
3475,2025-05-25 19:00:00,2025,5,25,19,6,Sun,May,0.3252,0.3252,46035,231,73.36,low,19:00,STD
3476,2025-05-25 20:00:00,2025,5,25,20,6,Sun,May,0.1437,0.1437,46035,231,32.41,low,20:00,OP
3477,2025-05-25 21:00:00,2025,5,25,21,6,Sun,May,0.1337,0.1337,46035,231,30.15,low,21:00,OP
3478,2025-05-25 22:00:00,2025,5,25,22,6,Sun,May,0.1291,0.1291,46035,231,29.12,low,22:00,OP
3479,2025-05-25 23:00:00,2025,5,25,23,6,Sun,May,0.0971,0.1,46035,231,22.56,low,23:00,OP
3480,2025-05-26 00:00:00,2025,5,26,0,0,Weekday,May,0.1105,0.1105,46035,231,24.93,low,00:00,OP
3481,2025-05-26 01:00:00,2025,5,26,1,0,Weekday,May,0.1022,0.1022,46035,231,23.06,low,01:00,OP
3482,2025-05-26 02:00:00,2025,5,26,2,0,Weekday,May,0.1079,0.1079,46035,231,24.34,low,02:00,OP
3483,2025-05-26 03:00:00,2025,5,26,3,0,Weekday,May,0.1285,0.1285,46035,231,28.98,low,03:00,OP
3484,2025-05-26 04:00:00,2025,5,26,4,0,Weekday,May,0.1432,0.1432,46035,231,32.3,low,04:00,OP
3485,2025-05-26 05:00:00,2025,5,26,5,0,Weekday,May,0.157,0.157,46035,231,35.42,low,05:00,OP
3486,2025-05-26 06:00:00,2025,5,26,6,0,Weekday,May,0.289,0.289,46035,231,65.2,low,06:00,STD
3487,2025-05-26 07:00:00,2025,5,26,7,0,Weekday,May,0.046,0.1,46035,231,22.56,low,07:00,PK
3488,2025-05-26 08:00:00,2025,5,26,8,0,Weekday,May,0.3365,0.3365,46035,231,75.91,low,08:00,PK
3489,2025-05-26 09:00:00,2025,5,26,9,0,Weekday,May,0.6077,0.6077,46035,231,137.09,low,09:00,STD
3490,2025-05-26 10:00:00,2025,5,26,10,0,Weekday,May,0.5644,0.5644,46035,231,127.32,low,10:00,STD
3491,2025-05-26 11:00:00,2025,5,26,11,0,Weekday,May,0.5577,0.5577,46035,231,125.8,low,11:00,STD
3492,2025-05-26 12:00:00,2025,5,26,12,0,Weekday,May,0.5319,0.5319,46035,231,119.99,low,12:00,STD
3493,2025-05-26 13:00:00,2025,5,26,13,0,Weekday,May,0.5076,0.5076,46035,231,114.51,low,13:00,STD
3494,2025-05-26 14:00:00,2025,5,26,14,0,Weekday,May,0.4855,0.4855,46035,231,109.52,low,14:00,STD
3495,2025-05-26 15:00:00,2025,5,26,15,0,Weekday,May,0.4967,0.4967,46035,231,112.05,low,15:00,STD
3496,2025-05-26 16:00:00,2025,5,26,16,0,Weekday,May,0.5252,0.5252,46035,231,118.48,low,16:00,STD
3497,2025-05-26 17:00:00,2025,5,26,17,0,Weekday,May,0.2875,0.2875,46035,231,64.85,low,17:00,STD
3498,2025-05-26 18:00:00,2025,5,26,18,0,Weekday,May,0.0394,0.1,46035,231,22.56,low,18:00,PK
3499,2025-05-26 19:00:00,2025,5,26,19,0,Weekday,May,0.0369,0.1,46035,231,22.56,low,19:00,PK
3500,2025-05-26 20:00:00,2025,5,26,20,0,Weekday,May,0.2441,0.2441,46035,231,55.07,low,20:00,PK
3501,2025-05-26 21:00:00,2025,5,26,21,0,Weekday,May,0.4107,0.4107,46035,231,92.64,low,21:00,STD
3502,2025-05-26 22:00:00,2025,5,26,22,0,Weekday,May,0.1291,0.1291,46035,231,29.12,low,22:00,OP
3503,2025-05-26 23:00:00,2025,5,26,23,0,Weekday,May,0.0986,0.1,46035,231,22.56,low,23:00,OP
3504,2025-05-27 00:00:00,2025,5,27,0,1,Weekday,May,0.1105,0.1105,46035,231,24.93,low,00:00,OP
3505,2025-05-27 01:00:00,2025,5,27,1,1,Weekday,May,0.1022,0.1022,46035,231,23.06,low,01:00,OP
3506,2025-05-27 02:00:00,2025,5,27,2,1,Weekday,May,0.1079,0.1079,46035,231,24.34,low,02:00,OP
3507,2025-05-27 03:00:00,2025,5,27,3,1,Weekday,May,0.1285,0.1285,46035,231,28.98,low,03:00,OP
3508,2025-05-27 04:00:00,2025,5,27,4,1,Weekday,May,0.1432,0.1432,46035,231,32.3,low,04:00,OP
3509,2025-05-27 05:00:00,2025,5,27,5,1,Weekday,May,0.157,0.157,46035,231,35.42,low,05:00,OP
3510,2025-05-27 06:00:00,2025,5,27,6,1,Weekday,May,0.289,0.289,46035,231,65.2,low,06:00,STD
3511,2025-05-27 07:00:00,2025,5,27,7,1,Weekday,May,0.046,0.1,46035,231,22.56,low,07:00,PK
3512,2025-05-27 08:00:00,2025,5,27,8,1,Weekday,May,0.3365,0.3365,46035,231,75.91,low,08:00,PK
3513,2025-05-27 09:00:00,2025,5,27,9,1,Weekday,May,0.6077,0.6077,46035,231,137.09,low,09:00,STD
3514,2025-05-27 10:00:00,2025,5,27,10,1,Weekday,May,0.5644,0.5644,46035,231,127.32,low,10:00,STD
3515,2025-05-27 11:00:00,2025,5,27,11,1,Weekday,May,0.5577,0.5577,46035,231,125.8,low,11:00,STD
3516,2025-05-27 12:00:00,2025,5,27,12,1,Weekday,May,0.5319,0.5319,46035,231,119.99,low,12:00,STD
3517,2025-05-27 13:00:00,2025,5,27,13,1,Weekday,May,0.5076,0.5076,46035,231,114.51,low,13:00,STD
3518,2025-05-27 14:00:00,2025,5,27,14,1,Weekday,May,0.4855,0.4855,46035,231,109.52,low,14:00,STD
3519,2025-05-27 15:00:00,2025,5,27,15,1,Weekday,May,0.4967,0.4967,46035,231,112.05,low,15:00,STD
3520,2025-05-27 16:00:00,2025,5,27,16,1,Weekday,May,0.5252,0.5252,46035,231,118.48,low,16:00,STD
3521,2025-05-27 17:00:00,2025,5,27,17,1,Weekday,May,0.2875,0.2875,46035,231,64.85,low,17:00,STD
3522,2025-05-27 18:00:00,2025,5,27,18,1,Weekday,May,0.0394,0.1,46035,231,22.56,low,18:00,PK
3523,2025-05-27 19:00:00,2025,5,27,19,1,Weekday,May,0.0369,0.1,46035,231,22.56,low,19:00,PK
3524,2025-05-27 20:00:00,2025,5,27,20,1,Weekday,May,0.2441,0.2441,46035,231,55.07,low,20:00,PK
3525,2025-05-27 21:00:00,2025,5,27,21,1,Weekday,May,0.4107,0.4107,46035,231,92.64,low,21:00,STD
3526,2025-05-27 22:00:00,2025,5,27,22,1,Weekday,May,0.1291,0.1291,46035,231,29.12,low,22:00,OP
3527,2025-05-27 23:00:00,2025,5,27,23,1,Weekday,May,0.0986,0.1,46035,231,22.56,low,23:00,OP
3528,2025-05-28 00:00:00,2025,5,28,0,2,Weekday,May,0.1105,0.1105,46035,231,24.93,low,00:00,OP
3529,2025-05-28 01:00:00,2025,5,28,1,2,Weekday,May,0.1022,0.1022,46035,231,23.06,low,01:00,OP
3530,2025-05-28 02:00:00,2025,5,28,2,2,Weekday,May,0.1079,0.1079,46035,231,24.34,low,02:00,OP
3531,2025-05-28 03:00:00,2025,5,28,3,2,Weekday,May,0.1285,0.1285,46035,231,28.98,low,03:00,OP
3532,2025-05-28 04:00:00,2025,5,28,4,2,Weekday,May,0.1432,0.1432,46035,231,32.3,low,04:00,OP
3533,2025-05-28 05:00:00,2025,5,28,5,2,Weekday,May,0.157,0.157,46035,231,35.42,low,05:00,OP
3534,2025-05-28 06:00:00,2025,5,28,6,2,Weekday,May,0.289,0.289,46035,231,65.2,low,06:00,STD
3535,2025-05-28 07:00:00,2025,5,28,7,2,Weekday,May,0.046,0.1,46035,231,22.56,low,07:00,PK
3536,2025-05-28 08:00:00,2025,5,28,8,2,Weekday,May,0.3365,0.3365,46035,231,75.91,low,08:00,PK
3537,2025-05-28 09:00:00,2025,5,28,9,2,Weekday,May,0.6077,0.6077,46035,231,137.09,low,09:00,STD
3538,2025-05-28 10:00:00,2025,5,28,10,2,Weekday,May,0.5644,0.5644,46035,231,127.32,low,10:00,STD
3539,2025-05-28 11:00:00,2025,5,28,11,2,Weekday,May,0.5577,0.5577,46035,231,125.8,low,11:00,STD
3540,2025-05-28 12:00:00,2025,5,28,12,2,Weekday,May,0.5319,0.5319,46035,231,119.99,low,12:00,STD
3541,2025-05-28 13:00:00,2025,5,28,13,2,Weekday,May,0.5076,0.5076,46035,231,114.51,low,13:00,STD
3542,2025-05-28 14:00:00,2025,5,28,14,2,Weekday,May,0.4855,0.4855,46035,231,109.52,low,14:00,STD
3543,2025-05-28 15:00:00,2025,5,28,15,2,Weekday,May,0.4967,0.4967,46035,231,112.05,low,15:00,STD
3544,2025-05-28 16:00:00,2025,5,28,16,2,Weekday,May,0.5252,0.5252,46035,231,118.48,low,16:00,STD
3545,2025-05-28 17:00:00,2025,5,28,17,2,Weekday,May,0.2875,0.2875,46035,231,64.85,low,17:00,STD
3546,2025-05-28 18:00:00,2025,5,28,18,2,Weekday,May,0.0394,0.1,46035,231,22.56,low,18:00,PK
3547,2025-05-28 19:00:00,2025,5,28,19,2,Weekday,May,0.0369,0.1,46035,231,22.56,low,19:00,PK
3548,2025-05-28 20:00:00,2025,5,28,20,2,Weekday,May,0.2441,0.2441,46035,231,55.07,low,20:00,PK
3549,2025-05-28 21:00:00,2025,5,28,21,2,Weekday,May,0.4107,0.4107,46035,231,92.64,low,21:00,STD
3550,2025-05-28 22:00:00,2025,5,28,22,2,Weekday,May,0.1291,0.1291,46035,231,29.12,low,22:00,OP
3551,2025-05-28 23:00:00,2025,5,28,23,2,Weekday,May,0.0986,0.1,46035,231,22.56,low,23:00,OP
3552,2025-05-29 00:00:00,2025,5,29,0,3,Weekday,May,0.1105,0.1105,46035,231,24.93,low,00:00,OP
3553,2025-05-29 01:00:00,2025,5,29,1,3,Weekday,May,0.1022,0.1022,46035,231,23.06,low,01:00,OP
3554,2025-05-29 02:00:00,2025,5,29,2,3,Weekday,May,0.1079,0.1079,46035,231,24.34,low,02:00,OP
3555,2025-05-29 03:00:00,2025,5,29,3,3,Weekday,May,0.1285,0.1285,46035,231,28.98,low,03:00,OP
3556,2025-05-29 04:00:00,2025,5,29,4,3,Weekday,May,0.1432,0.1432,46035,231,32.3,low,04:00,OP
3557,2025-05-29 05:00:00,2025,5,29,5,3,Weekday,May,0.157,0.157,46035,231,35.42,low,05:00,OP
3558,2025-05-29 06:00:00,2025,5,29,6,3,Weekday,May,0.289,0.289,46035,231,65.2,low,06:00,STD
3559,2025-05-29 07:00:00,2025,5,29,7,3,Weekday,May,0.046,0.1,46035,231,22.56,low,07:00,PK
3560,2025-05-29 08:00:00,2025,5,29,8,3,Weekday,May,0.3365,0.3365,46035,231,75.91,low,08:00,PK
3561,2025-05-29 09:00:00,2025,5,29,9,3,Weekday,May,0.6077,0.6077,46035,231,137.09,low,09:00,STD
3562,2025-05-29 10:00:00,2025,5,29,10,3,Weekday,May,0.5644,0.5644,46035,231,127.32,low,10:00,STD
3563,2025-05-29 11:00:00,2025,5,29,11,3,Weekday,May,0.5577,0.5577,46035,231,125.8,low,11:00,STD
3564,2025-05-29 12:00:00,2025,5,29,12,3,Weekday,May,0.5319,0.5319,46035,231,119.99,low,12:00,STD
3565,2025-05-29 13:00:00,2025,5,29,13,3,Weekday,May,0.5076,0.5076,46035,231,114.51,low,13:00,STD
3566,2025-05-29 14:00:00,2025,5,29,14,3,Weekday,May,0.4855,0.4855,46035,231,109.52,low,14:00,STD
3567,2025-05-29 15:00:00,2025,5,29,15,3,Weekday,May,0.4967,0.4967,46035,231,112.05,low,15:00,STD
3568,2025-05-29 16:00:00,2025,5,29,16,3,Weekday,May,0.5252,0.5252,46035,231,118.48,low,16:00,STD
3569,2025-05-29 17:00:00,2025,5,29,17,3,Weekday,May,0.2875,0.2875,46035,231,64.85,low,17:00,STD
3570,2025-05-29 18:00:00,2025,5,29,18,3,Weekday,May,0.0394,0.1,46035,231,22.56,low,18:00,PK
3571,2025-05-29 19:00:00,2025,5,29,19,3,Weekday,May,0.0369,0.1,46035,231,22.56,low,19:00,PK
3572,2025-05-29 20:00:00,2025,5,29,20,3,Weekday,May,0.2441,0.2441,46035,231,55.07,low,20:00,PK
3573,2025-05-29 21:00:00,2025,5,29,21,3,Weekday,May,0.4107,0.4107,46035,231,92.64,low,21:00,STD
3574,2025-05-29 22:00:00,2025,5,29,22,3,Weekday,May,0.1291,0.1291,46035,231,29.12,low,22:00,OP
3575,2025-05-29 23:00:00,2025,5,29,23,3,Weekday,May,0.0986,0.1,46035,231,22.56,low,23:00,OP
3576,2025-05-30 00:00:00,2025,5,30,0,4,Weekday,May,0.1105,0.1105,46035,231,24.93,low,00:00,OP
3577,2025-05-30 01:00:00,2025,5,30,1,4,Weekday,May,0.1022,0.1022,46035,231,23.06,low,01:00,OP
3578,2025-05-30 02:00:00,2025,5,30,2,4,Weekday,May,0.1079,0.1079,46035,231,24.34,low,02:00,OP
3579,2025-05-30 03:00:00,2025,5,30,3,4,Weekday,May,0.1285,0.1285,46035,231,28.98,low,03:00,OP
3580,2025-05-30 04:00:00,2025,5,30,4,4,Weekday,May,0.1432,0.1432,46035,231,32.3,low,04:00,OP
3581,2025-05-30 05:00:00,2025,5,30,5,4,Weekday,May,0.157,0.157,46035,231,35.42,low,05:00,OP
3582,2025-05-30 06:00:00,2025,5,30,6,4,Weekday,May,0.289,0.289,46035,231,65.2,low,06:00,STD
3583,2025-05-30 07:00:00,2025,5,30,7,4,Weekday,May,0.046,0.1,46035,231,22.56,low,07:00,PK
3584,2025-05-30 08:00:00,2025,5,30,8,4,Weekday,May,0.3365,0.3365,46035,231,75.91,low,08:00,PK
3585,2025-05-30 09:00:00,2025,5,30,9,4,Weekday,May,0.6077,0.6077,46035,231,137.09,low,09:00,STD
3586,2025-05-30 10:00:00,2025,5,30,10,4,Weekday,May,0.5644,0.5644,46035,231,127.32,low,10:00,STD
3587,2025-05-30 11:00:00,2025,5,30,11,4,Weekday,May,0.5577,0.5577,46035,231,125.8,low,11:00,STD
3588,2025-05-30 12:00:00,2025,5,30,12,4,Weekday,May,0.5319,0.5319,46035,231,119.99,low,12:00,STD
3589,2025-05-30 13:00:00,2025,5,30,13,4,Weekday,May,0.5076,0.5076,46035,231,114.51,low,13:00,STD
3590,2025-05-30 14:00:00,2025,5,30,14,4,Weekday,May,0.4855,0.4855,46035,231,109.52,low,14:00,STD
3591,2025-05-30 15:00:00,2025,5,30,15,4,Weekday,May,0.4967,0.4967,46035,231,112.05,low,15:00,STD
3592,2025-05-30 16:00:00,2025,5,30,16,4,Weekday,May,0.5252,0.5252,46035,231,118.48,low,16:00,STD
3593,2025-05-30 17:00:00,2025,5,30,17,4,Weekday,May,0.2875,0.2875,46035,231,64.85,low,17:00,STD
3594,2025-05-30 18:00:00,2025,5,30,18,4,Weekday,May,0.0394,0.1,46035,231,22.56,low,18:00,PK
3595,2025-05-30 19:00:00,2025,5,30,19,4,Weekday,May,0.0369,0.1,46035,231,22.56,low,19:00,PK
3596,2025-05-30 20:00:00,2025,5,30,20,4,Weekday,May,0.2441,0.2441,46035,231,55.07,low,20:00,PK
3597,2025-05-30 21:00:00,2025,5,30,21,4,Weekday,May,0.4107,0.4107,46035,231,92.64,low,21:00,STD
3598,2025-05-30 22:00:00,2025,5,30,22,4,Weekday,May,0.1291,0.1291,46035,231,29.12,low,22:00,OP
3599,2025-05-30 23:00:00,2025,5,30,23,4,Weekday,May,0.0986,0.1,46035,231,22.56,low,23:00,OP
3600,2025-05-31 00:00:00,2025,5,31,0,5,Sat,May,0.11,0.11,46035,231,24.81,low,00:00,OP
3601,2025-05-31 01:00:00,2025,5,31,1,5,Sat,May,0.1034,0.1034,46035,231,23.33,low,01:00,OP
3602,2025-05-31 02:00:00,2025,5,31,2,5,Sat,May,0.1073,0.1073,46035,231,24.21,low,02:00,OP
3603,2025-05-31 03:00:00,2025,5,31,3,5,Sat,May,0.1261,0.1261,46035,231,28.44,low,03:00,OP
3604,2025-05-31 04:00:00,2025,5,31,4,5,Sat,May,0.1426,0.1426,46035,231,32.16,low,04:00,OP
3605,2025-05-31 05:00:00,2025,5,31,5,5,Sat,May,0.1505,0.1505,46035,231,33.96,low,05:00,OP
3606,2025-05-31 06:00:00,2025,5,31,6,5,Sat,May,0.1655,0.1655,46035,231,37.33,low,06:00,OP
3607,2025-05-31 07:00:00,2025,5,31,7,5,Sat,May,0.3932,0.3932,46035,231,88.7,low,07:00,STD
3608,2025-05-31 08:00:00,2025,5,31,8,5,Sat,May,0.379,0.379,46035,231,85.5,low,08:00,STD
3609,2025-05-31 09:00:00,2025,5,31,9,5,Sat,May,0.3775,0.3775,46035,231,85.15,low,09:00,STD
3610,2025-05-31 10:00:00,2025,5,31,10,5,Sat,May,0.3608,0.3608,46035,231,81.39,low,10:00,STD
3611,2025-05-31 11:00:00,2025,5,31,11,5,Sat,May,0.3558,0.3558,46035,231,80.26,low,11:00,STD
3612,2025-05-31 12:00:00,2025,5,31,12,5,Sat,May,0.1722,0.1722,46035,231,38.85,low,12:00,OP
3613,2025-05-31 13:00:00,2025,5,31,13,5,Sat,May,0.1653,0.1653,46035,231,37.29,low,13:00,OP
3614,2025-05-31 14:00:00,2025,5,31,14,5,Sat,May,0.1541,0.1541,46035,231,34.76,low,14:00,OP
3615,2025-05-31 15:00:00,2025,5,31,15,5,Sat,May,0.1547,0.1547,46035,231,34.9,low,15:00,OP
3616,2025-05-31 16:00:00,2025,5,31,16,5,Sat,May,0.1634,0.1634,46035,231,36.86,low,16:00,OP
3617,2025-05-31 17:00:00,2025,5,31,17,5,Sat,May,0.3292,0.3292,46035,231,74.26,low,17:00,OP
3618,2025-05-31 18:00:00,2025,5,31,18,5,Sat,May,0.521,0.521,46035,231,117.53,low,18:00,STD
3619,2025-05-31 19:00:00,2025,5,31,19,5,Sat,May,0.3252,0.3252,46035,231,73.36,low,19:00,STD
3620,2025-05-31 20:00:00,2025,5,31,20,5,Sat,May,0.1437,0.1437,46035,231,32.41,low,20:00,OP
3621,2025-05-31 21:00:00,2025,5,31,21,5,Sat,May,0.1337,0.1337,46035,231,30.15,low,21:00,OP
3622,2025-05-31 22:00:00,2025,5,31,22,5,Sat,May,0.1291,0.1291,46035,231,29.12,low,22:00,OP
3623,2025-05-31 23:00:00,2025,5,31,23,5,Sat,May,0.0971,0.1,46035,231,22.56,low,23:00,OP
3624,2025-06-01 00:00:00,2025,6,1,0,6,Sun,Jun,0.11,0.11,46035,231,25.71,high,00:00,OP
3625,2025-06-01 01:00:00,2025,6,1,1,6,Sun,Jun,0.1034,0.1034,46035,231,24.17,high,01:00,OP
3626,2025-06-01 02:00:00,2025,6,1,2,6,Sun,Jun,0.1073,0.1073,46035,231,25.08,high,02:00,OP
3627,2025-06-01 03:00:00,2025,6,1,3,6,Sun,Jun,0.1261,0.1261,46035,231,29.47,high,03:00,OP
3628,2025-06-01 04:00:00,2025,6,1,4,6,Sun,Jun,0.1426,0.1426,46035,231,33.33,high,04:00,OP
3629,2025-06-01 05:00:00,2025,6,1,5,6,Sun,Jun,0.1505,0.1505,46035,231,35.19,high,05:00,OP
3630,2025-06-01 06:00:00,2025,6,1,6,6,Sun,Jun,0.1655,0.1655,46035,231,38.68,high,06:00,OP
3631,2025-06-01 07:00:00,2025,6,1,7,6,Sun,Jun,0.3932,0.3932,46035,231,91.9,high,07:00,OP
3632,2025-06-01 08:00:00,2025,6,1,8,6,Sun,Jun,0.379,0.379,46035,231,88.59,high,08:00,OP
3633,2025-06-01 09:00:00,2025,6,1,9,6,Sun,Jun,0.3775,0.3775,46035,231,88.23,high,09:00,OP
3634,2025-06-01 10:00:00,2025,6,1,10,6,Sun,Jun,0.3608,0.3608,46035,231,84.33,high,10:00,OP
3635,2025-06-01 11:00:00,2025,6,1,11,6,Sun,Jun,0.3558,0.3558,46035,231,83.17,high,11:00,OP
3636,2025-06-01 12:00:00,2025,6,1,12,6,Sun,Jun,0.1722,0.1722,46035,231,40.25,high,12:00,OP
3637,2025-06-01 13:00:00,2025,6,1,13,6,Sun,Jun,0.1653,0.1653,46035,231,38.63,high,13:00,OP
3638,2025-06-01 14:00:00,2025,6,1,14,6,Sun,Jun,0.1541,0.1541,46035,231,36.02,high,14:00,OP
3639,2025-06-01 15:00:00,2025,6,1,15,6,Sun,Jun,0.1547,0.1547,46035,231,36.16,high,15:00,OP
3640,2025-06-01 16:00:00,2025,6,1,16,6,Sun,Jun,0.1634,0.1634,46035,231,38.2,high,16:00,OP
3641,2025-06-01 17:00:00,2025,6,1,17,6,Sun,Jun,0.3292,0.3292,46035,231,76.95,high,17:00,STD
3642,2025-06-01 18:00:00,2025,6,1,18,6,Sun,Jun,0.521,0.521,46035,231,121.78,high,18:00,STD
3643,2025-06-01 19:00:00,2025,6,1,19,6,Sun,Jun,0.3252,0.3252,46035,231,76.01,high,19:00,OP
3644,2025-06-01 20:00:00,2025,6,1,20,6,Sun,Jun,0.1437,0.1437,46035,231,33.59,high,20:00,OP
3645,2025-06-01 21:00:00,2025,6,1,21,6,Sun,Jun,0.1337,0.1337,46035,231,31.24,high,21:00,OP
3646,2025-06-01 22:00:00,2025,6,1,22,6,Sun,Jun,0.1291,0.1291,46035,231,30.17,high,22:00,OP
3647,2025-06-01 23:00:00,2025,6,1,23,6,Sun,Jun,0.0971,0.1,46035,231,23.37,high,23:00,OP
3648,2025-06-02 00:00:00,2025,6,2,0,0,Weekday,Jun,0.1105,0.1105,46035,231,25.83,high,00:00,OP
3649,2025-06-02 01:00:00,2025,6,2,1,0,Weekday,Jun,0.1022,0.1022,46035,231,23.89,high,01:00,OP
3650,2025-06-02 02:00:00,2025,6,2,2,0,Weekday,Jun,0.1079,0.1079,46035,231,25.22,high,02:00,OP
3651,2025-06-02 03:00:00,2025,6,2,3,0,Weekday,Jun,0.1285,0.1285,46035,231,30.03,high,03:00,OP
3652,2025-06-02 04:00:00,2025,6,2,4,0,Weekday,Jun,0.1432,0.1432,46035,231,33.47,high,04:00,OP
3653,2025-06-02 05:00:00,2025,6,2,5,0,Weekday,Jun,0.157,0.157,46035,231,36.7,high,05:00,OP
3654,2025-06-02 06:00:00,2025,6,2,6,0,Weekday,Jun,0.289,0.289,46035,231,67.55,high,06:00,PK
3655,2025-06-02 07:00:00,2025,6,2,7,0,Weekday,Jun,0.046,0.1,46035,231,23.37,high,07:00,PK
3656,2025-06-02 08:00:00,2025,6,2,8,0,Weekday,Jun,0.3365,0.3365,46035,231,78.65,high,08:00,STD
3657,2025-06-02 09:00:00,2025,6,2,9,0,Weekday,Jun,0.6077,0.6077,46035,231,142.04,high,09:00,STD
3658,2025-06-02 10:00:00,2025,6,2,10,0,Weekday,Jun,0.5644,0.5644,46035,231,131.92,high,10:00,STD
3659,2025-06-02 11:00:00,2025,6,2,11,0,Weekday,Jun,0.5577,0.5577,46035,231,130.35,high,11:00,STD
3660,2025-06-02 12:00:00,2025,6,2,12,0,Weekday,Jun,0.5319,0.5319,46035,231,124.33,high,12:00,STD
3661,2025-06-02 13:00:00,2025,6,2,13,0,Weekday,Jun,0.5076,0.5076,46035,231,118.65,high,13:00,STD
3662,2025-06-02 14:00:00,2025,6,2,14,0,Weekday,Jun,0.4855,0.4855,46035,231,113.48,high,14:00,STD
3663,2025-06-02 15:00:00,2025,6,2,15,0,Weekday,Jun,0.4967,0.4967,46035,231,116.1,high,15:00,STD
3664,2025-06-02 16:00:00,2025,6,2,16,0,Weekday,Jun,0.5252,0.5252,46035,231,122.76,high,16:00,STD
3665,2025-06-02 17:00:00,2025,6,2,17,0,Weekday,Jun,0.2875,0.2875,46035,231,67.2,high,17:00,PK
3666,2025-06-02 18:00:00,2025,6,2,18,0,Weekday,Jun,0.0394,0.1,46035,231,23.37,high,18:00,PK
3667,2025-06-02 19:00:00,2025,6,2,19,0,Weekday,Jun,0.0369,0.1,46035,231,23.37,high,19:00,PK
3668,2025-06-02 20:00:00,2025,6,2,20,0,Weekday,Jun,0.2441,0.2441,46035,231,57.06,high,20:00,STD
3669,2025-06-02 21:00:00,2025,6,2,21,0,Weekday,Jun,0.4107,0.4107,46035,231,95.99,high,21:00,STD
3670,2025-06-02 22:00:00,2025,6,2,22,0,Weekday,Jun,0.1291,0.1291,46035,231,30.17,high,22:00,OP
3671,2025-06-02 23:00:00,2025,6,2,23,0,Weekday,Jun,0.0986,0.1,46035,231,23.37,high,23:00,OP
3672,2025-06-03 00:00:00,2025,6,3,0,1,Weekday,Jun,0.1105,0.1105,46035,231,25.83,high,00:00,OP
3673,2025-06-03 01:00:00,2025,6,3,1,1,Weekday,Jun,0.1022,0.1022,46035,231,23.89,high,01:00,OP
3674,2025-06-03 02:00:00,2025,6,3,2,1,Weekday,Jun,0.1079,0.1079,46035,231,25.22,high,02:00,OP
3675,2025-06-03 03:00:00,2025,6,3,3,1,Weekday,Jun,0.1285,0.1285,46035,231,30.03,high,03:00,OP
3676,2025-06-03 04:00:00,2025,6,3,4,1,Weekday,Jun,0.1432,0.1432,46035,231,33.47,high,04:00,OP
3677,2025-06-03 05:00:00,2025,6,3,5,1,Weekday,Jun,0.157,0.157,46035,231,36.7,high,05:00,OP
3678,2025-06-03 06:00:00,2025,6,3,6,1,Weekday,Jun,0.289,0.289,46035,231,67.55,high,06:00,PK
3679,2025-06-03 07:00:00,2025,6,3,7,1,Weekday,Jun,0.046,0.1,46035,231,23.37,high,07:00,PK
3680,2025-06-03 08:00:00,2025,6,3,8,1,Weekday,Jun,0.3365,0.3365,46035,231,78.65,high,08:00,STD
3681,2025-06-03 09:00:00,2025,6,3,9,1,Weekday,Jun,0.6077,0.6077,46035,231,142.04,high,09:00,STD
3682,2025-06-03 10:00:00,2025,6,3,10,1,Weekday,Jun,0.5644,0.5644,46035,231,131.92,high,10:00,STD
3683,2025-06-03 11:00:00,2025,6,3,11,1,Weekday,Jun,0.5577,0.5577,46035,231,130.35,high,11:00,STD
3684,2025-06-03 12:00:00,2025,6,3,12,1,Weekday,Jun,0.5319,0.5319,46035,231,124.33,high,12:00,STD
3685,2025-06-03 13:00:00,2025,6,3,13,1,Weekday,Jun,0.5076,0.5076,46035,231,118.65,high,13:00,STD
3686,2025-06-03 14:00:00,2025,6,3,14,1,Weekday,Jun,0.4855,0.4855,46035,231,113.48,high,14:00,STD
3687,2025-06-03 15:00:00,2025,6,3,15,1,Weekday,Jun,0.4967,0.4967,46035,231,116.1,high,15:00,STD
3688,2025-06-03 16:00:00,2025,6,3,16,1,Weekday,Jun,0.5252,0.5252,46035,231,122.76,high,16:00,STD
3689,2025-06-03 17:00:00,2025,6,3,17,1,Weekday,Jun,0.2875,0.2875,46035,231,67.2,high,17:00,PK
3690,2025-06-03 18:00:00,2025,6,3,18,1,Weekday,Jun,0.0394,0.1,46035,231,23.37,high,18:00,PK
3691,2025-06-03 19:00:00,2025,6,3,19,1,Weekday,Jun,0.0369,0.1,46035,231,23.37,high,19:00,PK
3692,2025-06-03 20:00:00,2025,6,3,20,1,Weekday,Jun,0.2441,0.2441,46035,231,57.06,high,20:00,STD
3693,2025-06-03 21:00:00,2025,6,3,21,1,Weekday,Jun,0.4107,0.4107,46035,231,95.99,high,21:00,STD
3694,2025-06-03 22:00:00,2025,6,3,22,1,Weekday,Jun,0.1291,0.1291,46035,231,30.17,high,22:00,OP
3695,2025-06-03 23:00:00,2025,6,3,23,1,Weekday,Jun,0.0986,0.1,46035,231,23.37,high,23:00,OP
3696,2025-06-04 00:00:00,2025,6,4,0,2,Weekday,Jun,0.1105,0.1105,46035,231,25.83,high,00:00,OP
3697,2025-06-04 01:00:00,2025,6,4,1,2,Weekday,Jun,0.1022,0.1022,46035,231,23.89,high,01:00,OP
3698,2025-06-04 02:00:00,2025,6,4,2,2,Weekday,Jun,0.1079,0.1079,46035,231,25.22,high,02:00,OP
3699,2025-06-04 03:00:00,2025,6,4,3,2,Weekday,Jun,0.1285,0.1285,46035,231,30.03,high,03:00,OP
3700,2025-06-04 04:00:00,2025,6,4,4,2,Weekday,Jun,0.1432,0.1432,46035,231,33.47,high,04:00,OP
3701,2025-06-04 05:00:00,2025,6,4,5,2,Weekday,Jun,0.157,0.157,46035,231,36.7,high,05:00,OP
3702,2025-06-04 06:00:00,2025,6,4,6,2,Weekday,Jun,0.289,0.289,46035,231,67.55,high,06:00,PK
3703,2025-06-04 07:00:00,2025,6,4,7,2,Weekday,Jun,0.046,0.1,46035,231,23.37,high,07:00,PK
3704,2025-06-04 08:00:00,2025,6,4,8,2,Weekday,Jun,0.3365,0.3365,46035,231,78.65,high,08:00,STD
3705,2025-06-04 09:00:00,2025,6,4,9,2,Weekday,Jun,0.6077,0.6077,46035,231,142.04,high,09:00,STD
3706,2025-06-04 10:00:00,2025,6,4,10,2,Weekday,Jun,0.5644,0.5644,46035,231,131.92,high,10:00,STD
3707,2025-06-04 11:00:00,2025,6,4,11,2,Weekday,Jun,0.5577,0.5577,46035,231,130.35,high,11:00,STD
3708,2025-06-04 12:00:00,2025,6,4,12,2,Weekday,Jun,0.5319,0.5319,46035,231,124.33,high,12:00,STD
3709,2025-06-04 13:00:00,2025,6,4,13,2,Weekday,Jun,0.5076,0.5076,46035,231,118.65,high,13:00,STD
3710,2025-06-04 14:00:00,2025,6,4,14,2,Weekday,Jun,0.4855,0.4855,46035,231,113.48,high,14:00,STD
3711,2025-06-04 15:00:00,2025,6,4,15,2,Weekday,Jun,0.4967,0.4967,46035,231,116.1,high,15:00,STD
3712,2025-06-04 16:00:00,2025,6,4,16,2,Weekday,Jun,0.5252,0.5252,46035,231,122.76,high,16:00,STD
3713,2025-06-04 17:00:00,2025,6,4,17,2,Weekday,Jun,0.2875,0.2875,46035,231,67.2,high,17:00,PK
3714,2025-06-04 18:00:00,2025,6,4,18,2,Weekday,Jun,0.0394,0.1,46035,231,23.37,high,18:00,PK
3715,2025-06-04 19:00:00,2025,6,4,19,2,Weekday,Jun,0.0369,0.1,46035,231,23.37,high,19:00,PK
3716,2025-06-04 20:00:00,2025,6,4,20,2,Weekday,Jun,0.2441,0.2441,46035,231,57.06,high,20:00,STD
3717,2025-06-04 21:00:00,2025,6,4,21,2,Weekday,Jun,0.4107,0.4107,46035,231,95.99,high,21:00,STD
3718,2025-06-04 22:00:00,2025,6,4,22,2,Weekday,Jun,0.1291,0.1291,46035,231,30.17,high,22:00,OP
3719,2025-06-04 23:00:00,2025,6,4,23,2,Weekday,Jun,0.0986,0.1,46035,231,23.37,high,23:00,OP
3720,2025-06-05 00:00:00,2025,6,5,0,3,Weekday,Jun,0.1105,0.1105,46035,231,25.83,high,00:00,OP
3721,2025-06-05 01:00:00,2025,6,5,1,3,Weekday,Jun,0.1022,0.1022,46035,231,23.89,high,01:00,OP
3722,2025-06-05 02:00:00,2025,6,5,2,3,Weekday,Jun,0.1079,0.1079,46035,231,25.22,high,02:00,OP
3723,2025-06-05 03:00:00,2025,6,5,3,3,Weekday,Jun,0.1285,0.1285,46035,231,30.03,high,03:00,OP
3724,2025-06-05 04:00:00,2025,6,5,4,3,Weekday,Jun,0.1432,0.1432,46035,231,33.47,high,04:00,OP
3725,2025-06-05 05:00:00,2025,6,5,5,3,Weekday,Jun,0.157,0.157,46035,231,36.7,high,05:00,OP
3726,2025-06-05 06:00:00,2025,6,5,6,3,Weekday,Jun,0.289,0.289,46035,231,67.55,high,06:00,PK
3727,2025-06-05 07:00:00,2025,6,5,7,3,Weekday,Jun,0.046,0.1,46035,231,23.37,high,07:00,PK
3728,2025-06-05 08:00:00,2025,6,5,8,3,Weekday,Jun,0.3365,0.3365,46035,231,78.65,high,08:00,STD
3729,2025-06-05 09:00:00,2025,6,5,9,3,Weekday,Jun,0.6077,0.6077,46035,231,142.04,high,09:00,STD
3730,2025-06-05 10:00:00,2025,6,5,10,3,Weekday,Jun,0.5644,0.5644,46035,231,131.92,high,10:00,STD
3731,2025-06-05 11:00:00,2025,6,5,11,3,Weekday,Jun,0.5577,0.5577,46035,231,130.35,high,11:00,STD
3732,2025-06-05 12:00:00,2025,6,5,12,3,Weekday,Jun,0.5319,0.5319,46035,231,124.33,high,12:00,STD
3733,2025-06-05 13:00:00,2025,6,5,13,3,Weekday,Jun,0.5076,0.5076,46035,231,118.65,high,13:00,STD
3734,2025-06-05 14:00:00,2025,6,5,14,3,Weekday,Jun,0.4855,0.4855,46035,231,113.48,high,14:00,STD
3735,2025-06-05 15:00:00,2025,6,5,15,3,Weekday,Jun,0.4967,0.4967,46035,231,116.1,high,15:00,STD
3736,2025-06-05 16:00:00,2025,6,5,16,3,Weekday,Jun,0.5252,0.5252,46035,231,122.76,high,16:00,STD
3737,2025-06-05 17:00:00,2025,6,5,17,3,Weekday,Jun,0.2875,0.2875,46035,231,67.2,high,17:00,PK
3738,2025-06-05 18:00:00,2025,6,5,18,3,Weekday,Jun,0.0394,0.1,46035,231,23.37,high,18:00,PK
3739,2025-06-05 19:00:00,2025,6,5,19,3,Weekday,Jun,0.0369,0.1,46035,231,23.37,high,19:00,PK
3740,2025-06-05 20:00:00,2025,6,5,20,3,Weekday,Jun,0.2441,0.2441,46035,231,57.06,high,20:00,STD
3741,2025-06-05 21:00:00,2025,6,5,21,3,Weekday,Jun,0.4107,0.4107,46035,231,95.99,high,21:00,STD
3742,2025-06-05 22:00:00,2025,6,5,22,3,Weekday,Jun,0.1291,0.1291,46035,231,30.17,high,22:00,OP
3743,2025-06-05 23:00:00,2025,6,5,23,3,Weekday,Jun,0.0986,0.1,46035,231,23.37,high,23:00,OP
3744,2025-06-06 00:00:00,2025,6,6,0,4,Weekday,Jun,0.1105,0.1105,46035,231,25.83,high,00:00,OP
3745,2025-06-06 01:00:00,2025,6,6,1,4,Weekday,Jun,0.1022,0.1022,46035,231,23.89,high,01:00,OP
3746,2025-06-06 02:00:00,2025,6,6,2,4,Weekday,Jun,0.1079,0.1079,46035,231,25.22,high,02:00,OP
3747,2025-06-06 03:00:00,2025,6,6,3,4,Weekday,Jun,0.1285,0.1285,46035,231,30.03,high,03:00,OP
3748,2025-06-06 04:00:00,2025,6,6,4,4,Weekday,Jun,0.1432,0.1432,46035,231,33.47,high,04:00,OP
3749,2025-06-06 05:00:00,2025,6,6,5,4,Weekday,Jun,0.157,0.157,46035,231,36.7,high,05:00,OP
3750,2025-06-06 06:00:00,2025,6,6,6,4,Weekday,Jun,0.289,0.289,46035,231,67.55,high,06:00,PK
3751,2025-06-06 07:00:00,2025,6,6,7,4,Weekday,Jun,0.046,0.1,46035,231,23.37,high,07:00,PK
3752,2025-06-06 08:00:00,2025,6,6,8,4,Weekday,Jun,0.3365,0.3365,46035,231,78.65,high,08:00,STD
3753,2025-06-06 09:00:00,2025,6,6,9,4,Weekday,Jun,0.6077,0.6077,46035,231,142.04,high,09:00,STD
3754,2025-06-06 10:00:00,2025,6,6,10,4,Weekday,Jun,0.5644,0.5644,46035,231,131.92,high,10:00,STD
3755,2025-06-06 11:00:00,2025,6,6,11,4,Weekday,Jun,0.5577,0.5577,46035,231,130.35,high,11:00,STD
3756,2025-06-06 12:00:00,2025,6,6,12,4,Weekday,Jun,0.5319,0.5319,46035,231,124.33,high,12:00,STD
3757,2025-06-06 13:00:00,2025,6,6,13,4,Weekday,Jun,0.5076,0.5076,46035,231,118.65,high,13:00,STD
3758,2025-06-06 14:00:00,2025,6,6,14,4,Weekday,Jun,0.4855,0.4855,46035,231,113.48,high,14:00,STD
3759,2025-06-06 15:00:00,2025,6,6,15,4,Weekday,Jun,0.4967,0.4967,46035,231,116.1,high,15:00,STD
3760,2025-06-06 16:00:00,2025,6,6,16,4,Weekday,Jun,0.5252,0.5252,46035,231,122.76,high,16:00,STD
3761,2025-06-06 17:00:00,2025,6,6,17,4,Weekday,Jun,0.2875,0.2875,46035,231,67.2,high,17:00,PK
3762,2025-06-06 18:00:00,2025,6,6,18,4,Weekday,Jun,0.0394,0.1,46035,231,23.37,high,18:00,PK
3763,2025-06-06 19:00:00,2025,6,6,19,4,Weekday,Jun,0.0369,0.1,46035,231,23.37,high,19:00,PK
3764,2025-06-06 20:00:00,2025,6,6,20,4,Weekday,Jun,0.2441,0.2441,46035,231,57.06,high,20:00,STD
3765,2025-06-06 21:00:00,2025,6,6,21,4,Weekday,Jun,0.4107,0.4107,46035,231,95.99,high,21:00,STD
3766,2025-06-06 22:00:00,2025,6,6,22,4,Weekday,Jun,0.1291,0.1291,46035,231,30.17,high,22:00,OP
3767,2025-06-06 23:00:00,2025,6,6,23,4,Weekday,Jun,0.0986,0.1,46035,231,23.37,high,23:00,OP
3768,2025-06-07 00:00:00,2025,6,7,0,5,Sat,Jun,0.11,0.11,46035,231,25.71,high,00:00,OP
3769,2025-06-07 01:00:00,2025,6,7,1,5,Sat,Jun,0.1034,0.1034,46035,231,24.17,high,01:00,OP
3770,2025-06-07 02:00:00,2025,6,7,2,5,Sat,Jun,0.1073,0.1073,46035,231,25.08,high,02:00,OP
3771,2025-06-07 03:00:00,2025,6,7,3,5,Sat,Jun,0.1261,0.1261,46035,231,29.47,high,03:00,OP
3772,2025-06-07 04:00:00,2025,6,7,4,5,Sat,Jun,0.1426,0.1426,46035,231,33.33,high,04:00,OP
3773,2025-06-07 05:00:00,2025,6,7,5,5,Sat,Jun,0.1505,0.1505,46035,231,35.19,high,05:00,OP
3774,2025-06-07 06:00:00,2025,6,7,6,5,Sat,Jun,0.1655,0.1655,46035,231,38.68,high,06:00,OP
3775,2025-06-07 07:00:00,2025,6,7,7,5,Sat,Jun,0.3932,0.3932,46035,231,91.9,high,07:00,STD
3776,2025-06-07 08:00:00,2025,6,7,8,5,Sat,Jun,0.379,0.379,46035,231,88.59,high,08:00,STD
3777,2025-06-07 09:00:00,2025,6,7,9,5,Sat,Jun,0.3775,0.3775,46035,231,88.23,high,09:00,STD
3778,2025-06-07 10:00:00,2025,6,7,10,5,Sat,Jun,0.3608,0.3608,46035,231,84.33,high,10:00,STD
3779,2025-06-07 11:00:00,2025,6,7,11,5,Sat,Jun,0.3558,0.3558,46035,231,83.17,high,11:00,STD
3780,2025-06-07 12:00:00,2025,6,7,12,5,Sat,Jun,0.1722,0.1722,46035,231,40.25,high,12:00,OP
3781,2025-06-07 13:00:00,2025,6,7,13,5,Sat,Jun,0.1653,0.1653,46035,231,38.63,high,13:00,OP
3782,2025-06-07 14:00:00,2025,6,7,14,5,Sat,Jun,0.1541,0.1541,46035,231,36.02,high,14:00,OP
3783,2025-06-07 15:00:00,2025,6,7,15,5,Sat,Jun,0.1547,0.1547,46035,231,36.16,high,15:00,OP
3784,2025-06-07 16:00:00,2025,6,7,16,5,Sat,Jun,0.1634,0.1634,46035,231,38.2,high,16:00,OP
3785,2025-06-07 17:00:00,2025,6,7,17,5,Sat,Jun,0.3292,0.3292,46035,231,76.95,high,17:00,STD
3786,2025-06-07 18:00:00,2025,6,7,18,5,Sat,Jun,0.521,0.521,46035,231,121.78,high,18:00,STD
3787,2025-06-07 19:00:00,2025,6,7,19,5,Sat,Jun,0.3252,0.3252,46035,231,76.01,high,19:00,OP
3788,2025-06-07 20:00:00,2025,6,7,20,5,Sat,Jun,0.1437,0.1437,46035,231,33.59,high,20:00,OP
3789,2025-06-07 21:00:00,2025,6,7,21,5,Sat,Jun,0.1337,0.1337,46035,231,31.24,high,21:00,OP
3790,2025-06-07 22:00:00,2025,6,7,22,5,Sat,Jun,0.1291,0.1291,46035,231,30.17,high,22:00,OP
3791,2025-06-07 23:00:00,2025,6,7,23,5,Sat,Jun,0.0971,0.1,46035,231,23.37,high,23:00,OP
3792,2025-06-08 00:00:00,2025,6,8,0,6,Sun,Jun,0.11,0.11,46035,231,25.71,high,00:00,OP
3793,2025-06-08 01:00:00,2025,6,8,1,6,Sun,Jun,0.1034,0.1034,46035,231,24.17,high,01:00,OP
3794,2025-06-08 02:00:00,2025,6,8,2,6,Sun,Jun,0.1073,0.1073,46035,231,25.08,high,02:00,OP
3795,2025-06-08 03:00:00,2025,6,8,3,6,Sun,Jun,0.1261,0.1261,46035,231,29.47,high,03:00,OP
3796,2025-06-08 04:00:00,2025,6,8,4,6,Sun,Jun,0.1426,0.1426,46035,231,33.33,high,04:00,OP
3797,2025-06-08 05:00:00,2025,6,8,5,6,Sun,Jun,0.1505,0.1505,46035,231,35.19,high,05:00,OP
3798,2025-06-08 06:00:00,2025,6,8,6,6,Sun,Jun,0.1655,0.1655,46035,231,38.68,high,06:00,OP
3799,2025-06-08 07:00:00,2025,6,8,7,6,Sun,Jun,0.3932,0.3932,46035,231,91.9,high,07:00,OP
3800,2025-06-08 08:00:00,2025,6,8,8,6,Sun,Jun,0.379,0.379,46035,231,88.59,high,08:00,OP
3801,2025-06-08 09:00:00,2025,6,8,9,6,Sun,Jun,0.3775,0.3775,46035,231,88.23,high,09:00,OP
3802,2025-06-08 10:00:00,2025,6,8,10,6,Sun,Jun,0.3608,0.3608,46035,231,84.33,high,10:00,OP
3803,2025-06-08 11:00:00,2025,6,8,11,6,Sun,Jun,0.3558,0.3558,46035,231,83.17,high,11:00,OP
3804,2025-06-08 12:00:00,2025,6,8,12,6,Sun,Jun,0.1722,0.1722,46035,231,40.25,high,12:00,OP
3805,2025-06-08 13:00:00,2025,6,8,13,6,Sun,Jun,0.1653,0.1653,46035,231,38.63,high,13:00,OP
3806,2025-06-08 14:00:00,2025,6,8,14,6,Sun,Jun,0.1541,0.1541,46035,231,36.02,high,14:00,OP
3807,2025-06-08 15:00:00,2025,6,8,15,6,Sun,Jun,0.1547,0.1547,46035,231,36.16,high,15:00,OP
3808,2025-06-08 16:00:00,2025,6,8,16,6,Sun,Jun,0.1634,0.1634,46035,231,38.2,high,16:00,OP
3809,2025-06-08 17:00:00,2025,6,8,17,6,Sun,Jun,0.3292,0.3292,46035,231,76.95,high,17:00,STD
3810,2025-06-08 18:00:00,2025,6,8,18,6,Sun,Jun,0.521,0.521,46035,231,121.78,high,18:00,STD
3811,2025-06-08 19:00:00,2025,6,8,19,6,Sun,Jun,0.3252,0.3252,46035,231,76.01,high,19:00,OP
3812,2025-06-08 20:00:00,2025,6,8,20,6,Sun,Jun,0.1437,0.1437,46035,231,33.59,high,20:00,OP
3813,2025-06-08 21:00:00,2025,6,8,21,6,Sun,Jun,0.1337,0.1337,46035,231,31.24,high,21:00,OP
3814,2025-06-08 22:00:00,2025,6,8,22,6,Sun,Jun,0.1291,0.1291,46035,231,30.17,high,22:00,OP
3815,2025-06-08 23:00:00,2025,6,8,23,6,Sun,Jun,0.0971,0.1,46035,231,23.37,high,23:00,OP
3816,2025-06-09 00:00:00,2025,6,9,0,0,Weekday,Jun,0.1105,0.1105,46035,231,25.83,high,00:00,OP
3817,2025-06-09 01:00:00,2025,6,9,1,0,Weekday,Jun,0.1022,0.1022,46035,231,23.89,high,01:00,OP
3818,2025-06-09 02:00:00,2025,6,9,2,0,Weekday,Jun,0.1079,0.1079,46035,231,25.22,high,02:00,OP
3819,2025-06-09 03:00:00,2025,6,9,3,0,Weekday,Jun,0.1285,0.1285,46035,231,30.03,high,03:00,OP
3820,2025-06-09 04:00:00,2025,6,9,4,0,Weekday,Jun,0.1432,0.1432,46035,231,33.47,high,04:00,OP
3821,2025-06-09 05:00:00,2025,6,9,5,0,Weekday,Jun,0.157,0.157,46035,231,36.7,high,05:00,OP
3822,2025-06-09 06:00:00,2025,6,9,6,0,Weekday,Jun,0.289,0.289,46035,231,67.55,high,06:00,PK
3823,2025-06-09 07:00:00,2025,6,9,7,0,Weekday,Jun,0.046,0.1,46035,231,23.37,high,07:00,PK
3824,2025-06-09 08:00:00,2025,6,9,8,0,Weekday,Jun,0.3365,0.3365,46035,231,78.65,high,08:00,STD
3825,2025-06-09 09:00:00,2025,6,9,9,0,Weekday,Jun,0.6077,0.6077,46035,231,142.04,high,09:00,STD
3826,2025-06-09 10:00:00,2025,6,9,10,0,Weekday,Jun,0.5644,0.5644,46035,231,131.92,high,10:00,STD
3827,2025-06-09 11:00:00,2025,6,9,11,0,Weekday,Jun,0.5577,0.5577,46035,231,130.35,high,11:00,STD
3828,2025-06-09 12:00:00,2025,6,9,12,0,Weekday,Jun,0.5319,0.5319,46035,231,124.33,high,12:00,STD
3829,2025-06-09 13:00:00,2025,6,9,13,0,Weekday,Jun,0.5076,0.5076,46035,231,118.65,high,13:00,STD
3830,2025-06-09 14:00:00,2025,6,9,14,0,Weekday,Jun,0.4855,0.4855,46035,231,113.48,high,14:00,STD
3831,2025-06-09 15:00:00,2025,6,9,15,0,Weekday,Jun,0.4967,0.4967,46035,231,116.1,high,15:00,STD
3832,2025-06-09 16:00:00,2025,6,9,16,0,Weekday,Jun,0.5252,0.5252,46035,231,122.76,high,16:00,STD
3833,2025-06-09 17:00:00,2025,6,9,17,0,Weekday,Jun,0.2875,0.2875,46035,231,67.2,high,17:00,PK
3834,2025-06-09 18:00:00,2025,6,9,18,0,Weekday,Jun,0.0394,0.1,46035,231,23.37,high,18:00,PK
3835,2025-06-09 19:00:00,2025,6,9,19,0,Weekday,Jun,0.0369,0.1,46035,231,23.37,high,19:00,PK
3836,2025-06-09 20:00:00,2025,6,9,20,0,Weekday,Jun,0.2441,0.2441,46035,231,57.06,high,20:00,STD
3837,2025-06-09 21:00:00,2025,6,9,21,0,Weekday,Jun,0.4107,0.4107,46035,231,95.99,high,21:00,STD
3838,2025-06-09 22:00:00,2025,6,9,22,0,Weekday,Jun,0.1291,0.1291,46035,231,30.17,high,22:00,OP
3839,2025-06-09 23:00:00,2025,6,9,23,0,Weekday,Jun,0.0986,0.1,46035,231,23.37,high,23:00,OP
3840,2025-06-10 00:00:00,2025,6,10,0,1,Weekday,Jun,0.1105,0.1105,46035,231,25.83,high,00:00,OP
3841,2025-06-10 01:00:00,2025,6,10,1,1,Weekday,Jun,0.1022,0.1022,46035,231,23.89,high,01:00,OP
3842,2025-06-10 02:00:00,2025,6,10,2,1,Weekday,Jun,0.1079,0.1079,46035,231,25.22,high,02:00,OP
3843,2025-06-10 03:00:00,2025,6,10,3,1,Weekday,Jun,0.1285,0.1285,46035,231,30.03,high,03:00,OP
3844,2025-06-10 04:00:00,2025,6,10,4,1,Weekday,Jun,0.1432,0.1432,46035,231,33.47,high,04:00,OP
3845,2025-06-10 05:00:00,2025,6,10,5,1,Weekday,Jun,0.157,0.157,46035,231,36.7,high,05:00,OP
3846,2025-06-10 06:00:00,2025,6,10,6,1,Weekday,Jun,0.289,0.289,46035,231,67.55,high,06:00,PK
3847,2025-06-10 07:00:00,2025,6,10,7,1,Weekday,Jun,0.046,0.1,46035,231,23.37,high,07:00,PK
3848,2025-06-10 08:00:00,2025,6,10,8,1,Weekday,Jun,0.3365,0.3365,46035,231,78.65,high,08:00,STD
3849,2025-06-10 09:00:00,2025,6,10,9,1,Weekday,Jun,0.6077,0.6077,46035,231,142.04,high,09:00,STD
3850,2025-06-10 10:00:00,2025,6,10,10,1,Weekday,Jun,0.5644,0.5644,46035,231,131.92,high,10:00,STD
3851,2025-06-10 11:00:00,2025,6,10,11,1,Weekday,Jun,0.5577,0.5577,46035,231,130.35,high,11:00,STD
3852,2025-06-10 12:00:00,2025,6,10,12,1,Weekday,Jun,0.5319,0.5319,46035,231,124.33,high,12:00,STD
3853,2025-06-10 13:00:00,2025,6,10,13,1,Weekday,Jun,0.5076,0.5076,46035,231,118.65,high,13:00,STD
3854,2025-06-10 14:00:00,2025,6,10,14,1,Weekday,Jun,0.4855,0.4855,46035,231,113.48,high,14:00,STD
3855,2025-06-10 15:00:00,2025,6,10,15,1,Weekday,Jun,0.4967,0.4967,46035,231,116.1,high,15:00,STD
3856,2025-06-10 16:00:00,2025,6,10,16,1,Weekday,Jun,0.5252,0.5252,46035,231,122.76,high,16:00,STD
3857,2025-06-10 17:00:00,2025,6,10,17,1,Weekday,Jun,0.2875,0.2875,46035,231,67.2,high,17:00,PK
3858,2025-06-10 18:00:00,2025,6,10,18,1,Weekday,Jun,0.0394,0.1,46035,231,23.37,high,18:00,PK
3859,2025-06-10 19:00:00,2025,6,10,19,1,Weekday,Jun,0.0369,0.1,46035,231,23.37,high,19:00,PK
3860,2025-06-10 20:00:00,2025,6,10,20,1,Weekday,Jun,0.2441,0.2441,46035,231,57.06,high,20:00,STD
3861,2025-06-10 21:00:00,2025,6,10,21,1,Weekday,Jun,0.4107,0.4107,46035,231,95.99,high,21:00,STD
3862,2025-06-10 22:00:00,2025,6,10,22,1,Weekday,Jun,0.1291,0.1291,46035,231,30.17,high,22:00,OP
3863,2025-06-10 23:00:00,2025,6,10,23,1,Weekday,Jun,0.0986,0.1,46035,231,23.37,high,23:00,OP
3864,2025-06-11 00:00:00,2025,6,11,0,2,Weekday,Jun,0.1105,0.1105,46035,231,25.83,high,00:00,OP
3865,2025-06-11 01:00:00,2025,6,11,1,2,Weekday,Jun,0.1022,0.1022,46035,231,23.89,high,01:00,OP
3866,2025-06-11 02:00:00,2025,6,11,2,2,Weekday,Jun,0.1079,0.1079,46035,231,25.22,high,02:00,OP
3867,2025-06-11 03:00:00,2025,6,11,3,2,Weekday,Jun,0.1285,0.1285,46035,231,30.03,high,03:00,OP
3868,2025-06-11 04:00:00,2025,6,11,4,2,Weekday,Jun,0.1432,0.1432,46035,231,33.47,high,04:00,OP
3869,2025-06-11 05:00:00,2025,6,11,5,2,Weekday,Jun,0.157,0.157,46035,231,36.7,high,05:00,OP
3870,2025-06-11 06:00:00,2025,6,11,6,2,Weekday,Jun,0.289,0.289,46035,231,67.55,high,06:00,PK
3871,2025-06-11 07:00:00,2025,6,11,7,2,Weekday,Jun,0.046,0.1,46035,231,23.37,high,07:00,PK
3872,2025-06-11 08:00:00,2025,6,11,8,2,Weekday,Jun,0.3365,0.3365,46035,231,78.65,high,08:00,STD
3873,2025-06-11 09:00:00,2025,6,11,9,2,Weekday,Jun,0.6077,0.6077,46035,231,142.04,high,09:00,STD
3874,2025-06-11 10:00:00,2025,6,11,10,2,Weekday,Jun,0.5644,0.5644,46035,231,131.92,high,10:00,STD
3875,2025-06-11 11:00:00,2025,6,11,11,2,Weekday,Jun,0.5577,0.5577,46035,231,130.35,high,11:00,STD
3876,2025-06-11 12:00:00,2025,6,11,12,2,Weekday,Jun,0.5319,0.5319,46035,231,124.33,high,12:00,STD
3877,2025-06-11 13:00:00,2025,6,11,13,2,Weekday,Jun,0.5076,0.5076,46035,231,118.65,high,13:00,STD
3878,2025-06-11 14:00:00,2025,6,11,14,2,Weekday,Jun,0.4855,0.4855,46035,231,113.48,high,14:00,STD
3879,2025-06-11 15:00:00,2025,6,11,15,2,Weekday,Jun,0.4967,0.4967,46035,231,116.1,high,15:00,STD
3880,2025-06-11 16:00:00,2025,6,11,16,2,Weekday,Jun,0.5252,0.5252,46035,231,122.76,high,16:00,STD
3881,2025-06-11 17:00:00,2025,6,11,17,2,Weekday,Jun,0.2875,0.2875,46035,231,67.2,high,17:00,PK
3882,2025-06-11 18:00:00,2025,6,11,18,2,Weekday,Jun,0.0394,0.1,46035,231,23.37,high,18:00,PK
3883,2025-06-11 19:00:00,2025,6,11,19,2,Weekday,Jun,0.0369,0.1,46035,231,23.37,high,19:00,PK
3884,2025-06-11 20:00:00,2025,6,11,20,2,Weekday,Jun,0.2441,0.2441,46035,231,57.06,high,20:00,STD
3885,2025-06-11 21:00:00,2025,6,11,21,2,Weekday,Jun,0.4107,0.4107,46035,231,95.99,high,21:00,STD
3886,2025-06-11 22:00:00,2025,6,11,22,2,Weekday,Jun,0.1291,0.1291,46035,231,30.17,high,22:00,OP
3887,2025-06-11 23:00:00,2025,6,11,23,2,Weekday,Jun,0.0986,0.1,46035,231,23.37,high,23:00,OP
3888,2025-06-12 00:00:00,2025,6,12,0,3,Weekday,Jun,0.1105,0.1105,46035,231,25.83,high,00:00,OP
3889,2025-06-12 01:00:00,2025,6,12,1,3,Weekday,Jun,0.1022,0.1022,46035,231,23.89,high,01:00,OP
3890,2025-06-12 02:00:00,2025,6,12,2,3,Weekday,Jun,0.1079,0.1079,46035,231,25.22,high,02:00,OP
3891,2025-06-12 03:00:00,2025,6,12,3,3,Weekday,Jun,0.1285,0.1285,46035,231,30.03,high,03:00,OP
3892,2025-06-12 04:00:00,2025,6,12,4,3,Weekday,Jun,0.1432,0.1432,46035,231,33.47,high,04:00,OP
3893,2025-06-12 05:00:00,2025,6,12,5,3,Weekday,Jun,0.157,0.157,46035,231,36.7,high,05:00,OP
3894,2025-06-12 06:00:00,2025,6,12,6,3,Weekday,Jun,0.289,0.289,46035,231,67.55,high,06:00,PK
3895,2025-06-12 07:00:00,2025,6,12,7,3,Weekday,Jun,0.046,0.1,46035,231,23.37,high,07:00,PK
3896,2025-06-12 08:00:00,2025,6,12,8,3,Weekday,Jun,0.3365,0.3365,46035,231,78.65,high,08:00,STD
3897,2025-06-12 09:00:00,2025,6,12,9,3,Weekday,Jun,0.6077,0.6077,46035,231,142.04,high,09:00,STD
3898,2025-06-12 10:00:00,2025,6,12,10,3,Weekday,Jun,0.5644,0.5644,46035,231,131.92,high,10:00,STD
3899,2025-06-12 11:00:00,2025,6,12,11,3,Weekday,Jun,0.5577,0.5577,46035,231,130.35,high,11:00,STD
3900,2025-06-12 12:00:00,2025,6,12,12,3,Weekday,Jun,0.5319,0.5319,46035,231,124.33,high,12:00,STD
3901,2025-06-12 13:00:00,2025,6,12,13,3,Weekday,Jun,0.5076,0.5076,46035,231,118.65,high,13:00,STD
3902,2025-06-12 14:00:00,2025,6,12,14,3,Weekday,Jun,0.4855,0.4855,46035,231,113.48,high,14:00,STD
3903,2025-06-12 15:00:00,2025,6,12,15,3,Weekday,Jun,0.4967,0.4967,46035,231,116.1,high,15:00,STD
3904,2025-06-12 16:00:00,2025,6,12,16,3,Weekday,Jun,0.5252,0.5252,46035,231,122.76,high,16:00,STD
3905,2025-06-12 17:00:00,2025,6,12,17,3,Weekday,Jun,0.2875,0.2875,46035,231,67.2,high,17:00,PK
3906,2025-06-12 18:00:00,2025,6,12,18,3,Weekday,Jun,0.0394,0.1,46035,231,23.37,high,18:00,PK
3907,2025-06-12 19:00:00,2025,6,12,19,3,Weekday,Jun,0.0369,0.1,46035,231,23.37,high,19:00,PK
3908,2025-06-12 20:00:00,2025,6,12,20,3,Weekday,Jun,0.2441,0.2441,46035,231,57.06,high,20:00,STD
3909,2025-06-12 21:00:00,2025,6,12,21,3,Weekday,Jun,0.4107,0.4107,46035,231,95.99,high,21:00,STD
3910,2025-06-12 22:00:00,2025,6,12,22,3,Weekday,Jun,0.1291,0.1291,46035,231,30.17,high,22:00,OP
3911,2025-06-12 23:00:00,2025,6,12,23,3,Weekday,Jun,0.0986,0.1,46035,231,23.37,high,23:00,OP
3912,2025-06-13 00:00:00,2025,6,13,0,4,Weekday,Jun,0.1105,0.1105,46035,231,25.83,high,00:00,OP
3913,2025-06-13 01:00:00,2025,6,13,1,4,Weekday,Jun,0.1022,0.1022,46035,231,23.89,high,01:00,OP
3914,2025-06-13 02:00:00,2025,6,13,2,4,Weekday,Jun,0.1079,0.1079,46035,231,25.22,high,02:00,OP
3915,2025-06-13 03:00:00,2025,6,13,3,4,Weekday,Jun,0.1285,0.1285,46035,231,30.03,high,03:00,OP
3916,2025-06-13 04:00:00,2025,6,13,4,4,Weekday,Jun,0.1432,0.1432,46035,231,33.47,high,04:00,OP
3917,2025-06-13 05:00:00,2025,6,13,5,4,Weekday,Jun,0.157,0.157,46035,231,36.7,high,05:00,OP
3918,2025-06-13 06:00:00,2025,6,13,6,4,Weekday,Jun,0.289,0.289,46035,231,67.55,high,06:00,PK
3919,2025-06-13 07:00:00,2025,6,13,7,4,Weekday,Jun,0.046,0.1,46035,231,23.37,high,07:00,PK
3920,2025-06-13 08:00:00,2025,6,13,8,4,Weekday,Jun,0.3365,0.3365,46035,231,78.65,high,08:00,STD
3921,2025-06-13 09:00:00,2025,6,13,9,4,Weekday,Jun,0.6077,0.6077,46035,231,142.04,high,09:00,STD
3922,2025-06-13 10:00:00,2025,6,13,10,4,Weekday,Jun,0.5644,0.5644,46035,231,131.92,high,10:00,STD
3923,2025-06-13 11:00:00,2025,6,13,11,4,Weekday,Jun,0.5577,0.5577,46035,231,130.35,high,11:00,STD
3924,2025-06-13 12:00:00,2025,6,13,12,4,Weekday,Jun,0.5319,0.5319,46035,231,124.33,high,12:00,STD
3925,2025-06-13 13:00:00,2025,6,13,13,4,Weekday,Jun,0.5076,0.5076,46035,231,118.65,high,13:00,STD
3926,2025-06-13 14:00:00,2025,6,13,14,4,Weekday,Jun,0.4855,0.4855,46035,231,113.48,high,14:00,STD
3927,2025-06-13 15:00:00,2025,6,13,15,4,Weekday,Jun,0.4967,0.4967,46035,231,116.1,high,15:00,STD
3928,2025-06-13 16:00:00,2025,6,13,16,4,Weekday,Jun,0.5252,0.5252,46035,231,122.76,high,16:00,STD
3929,2025-06-13 17:00:00,2025,6,13,17,4,Weekday,Jun,0.2875,0.2875,46035,231,67.2,high,17:00,PK
3930,2025-06-13 18:00:00,2025,6,13,18,4,Weekday,Jun,0.0394,0.1,46035,231,23.37,high,18:00,PK
3931,2025-06-13 19:00:00,2025,6,13,19,4,Weekday,Jun,0.0369,0.1,46035,231,23.37,high,19:00,PK
3932,2025-06-13 20:00:00,2025,6,13,20,4,Weekday,Jun,0.2441,0.2441,46035,231,57.06,high,20:00,STD
3933,2025-06-13 21:00:00,2025,6,13,21,4,Weekday,Jun,0.4107,0.4107,46035,231,95.99,high,21:00,STD
3934,2025-06-13 22:00:00,2025,6,13,22,4,Weekday,Jun,0.1291,0.1291,46035,231,30.17,high,22:00,OP
3935,2025-06-13 23:00:00,2025,6,13,23,4,Weekday,Jun,0.0986,0.1,46035,231,23.37,high,23:00,OP
3936,2025-06-14 00:00:00,2025,6,14,0,5,Sat,Jun,0.11,0.11,46035,231,25.71,high,00:00,OP
3937,2025-06-14 01:00:00,2025,6,14,1,5,Sat,Jun,0.1034,0.1034,46035,231,24.17,high,01:00,OP
3938,2025-06-14 02:00:00,2025,6,14,2,5,Sat,Jun,0.1073,0.1073,46035,231,25.08,high,02:00,OP
3939,2025-06-14 03:00:00,2025,6,14,3,5,Sat,Jun,0.1261,0.1261,46035,231,29.47,high,03:00,OP
3940,2025-06-14 04:00:00,2025,6,14,4,5,Sat,Jun,0.1426,0.1426,46035,231,33.33,high,04:00,OP
3941,2025-06-14 05:00:00,2025,6,14,5,5,Sat,Jun,0.1505,0.1505,46035,231,35.19,high,05:00,OP
3942,2025-06-14 06:00:00,2025,6,14,6,5,Sat,Jun,0.1655,0.1655,46035,231,38.68,high,06:00,OP
3943,2025-06-14 07:00:00,2025,6,14,7,5,Sat,Jun,0.3932,0.3932,46035,231,91.9,high,07:00,STD
3944,2025-06-14 08:00:00,2025,6,14,8,5,Sat,Jun,0.379,0.379,46035,231,88.59,high,08:00,STD
3945,2025-06-14 09:00:00,2025,6,14,9,5,Sat,Jun,0.3775,0.3775,46035,231,88.23,high,09:00,STD
3946,2025-06-14 10:00:00,2025,6,14,10,5,Sat,Jun,0.3608,0.3608,46035,231,84.33,high,10:00,STD
3947,2025-06-14 11:00:00,2025,6,14,11,5,Sat,Jun,0.3558,0.3558,46035,231,83.17,high,11:00,STD
3948,2025-06-14 12:00:00,2025,6,14,12,5,Sat,Jun,0.1722,0.1722,46035,231,40.25,high,12:00,OP
3949,2025-06-14 13:00:00,2025,6,14,13,5,Sat,Jun,0.1653,0.1653,46035,231,38.63,high,13:00,OP
3950,2025-06-14 14:00:00,2025,6,14,14,5,Sat,Jun,0.1541,0.1541,46035,231,36.02,high,14:00,OP
3951,2025-06-14 15:00:00,2025,6,14,15,5,Sat,Jun,0.1547,0.1547,46035,231,36.16,high,15:00,OP
3952,2025-06-14 16:00:00,2025,6,14,16,5,Sat,Jun,0.1634,0.1634,46035,231,38.2,high,16:00,OP
3953,2025-06-14 17:00:00,2025,6,14,17,5,Sat,Jun,0.3292,0.3292,46035,231,76.95,high,17:00,STD
3954,2025-06-14 18:00:00,2025,6,14,18,5,Sat,Jun,0.521,0.521,46035,231,121.78,high,18:00,STD
3955,2025-06-14 19:00:00,2025,6,14,19,5,Sat,Jun,0.3252,0.3252,46035,231,76.01,high,19:00,OP
3956,2025-06-14 20:00:00,2025,6,14,20,5,Sat,Jun,0.1437,0.1437,46035,231,33.59,high,20:00,OP
3957,2025-06-14 21:00:00,2025,6,14,21,5,Sat,Jun,0.1337,0.1337,46035,231,31.24,high,21:00,OP
3958,2025-06-14 22:00:00,2025,6,14,22,5,Sat,Jun,0.1291,0.1291,46035,231,30.17,high,22:00,OP
3959,2025-06-14 23:00:00,2025,6,14,23,5,Sat,Jun,0.0971,0.1,46035,231,23.37,high,23:00,OP
3960,2025-06-15 00:00:00,2025,6,15,0,6,Sun,Jun,0.11,0.11,46035,231,25.71,high,00:00,OP
3961,2025-06-15 01:00:00,2025,6,15,1,6,Sun,Jun,0.1034,0.1034,46035,231,24.17,high,01:00,OP
3962,2025-06-15 02:00:00,2025,6,15,2,6,Sun,Jun,0.1073,0.1073,46035,231,25.08,high,02:00,OP
3963,2025-06-15 03:00:00,2025,6,15,3,6,Sun,Jun,0.1261,0.1261,46035,231,29.47,high,03:00,OP
3964,2025-06-15 04:00:00,2025,6,15,4,6,Sun,Jun,0.1426,0.1426,46035,231,33.33,high,04:00,OP
3965,2025-06-15 05:00:00,2025,6,15,5,6,Sun,Jun,0.1505,0.1505,46035,231,35.19,high,05:00,OP
3966,2025-06-15 06:00:00,2025,6,15,6,6,Sun,Jun,0.1655,0.1655,46035,231,38.68,high,06:00,OP
3967,2025-06-15 07:00:00,2025,6,15,7,6,Sun,Jun,0.3932,0.3932,46035,231,91.9,high,07:00,OP
3968,2025-06-15 08:00:00,2025,6,15,8,6,Sun,Jun,0.379,0.379,46035,231,88.59,high,08:00,OP
3969,2025-06-15 09:00:00,2025,6,15,9,6,Sun,Jun,0.3775,0.3775,46035,231,88.23,high,09:00,OP
3970,2025-06-15 10:00:00,2025,6,15,10,6,Sun,Jun,0.3608,0.3608,46035,231,84.33,high,10:00,OP
3971,2025-06-15 11:00:00,2025,6,15,11,6,Sun,Jun,0.3558,0.3558,46035,231,83.17,high,11:00,OP
3972,2025-06-15 12:00:00,2025,6,15,12,6,Sun,Jun,0.1722,0.1722,46035,231,40.25,high,12:00,OP
3973,2025-06-15 13:00:00,2025,6,15,13,6,Sun,Jun,0.1653,0.1653,46035,231,38.63,high,13:00,OP
3974,2025-06-15 14:00:00,2025,6,15,14,6,Sun,Jun,0.1541,0.1541,46035,231,36.02,high,14:00,OP
3975,2025-06-15 15:00:00,2025,6,15,15,6,Sun,Jun,0.1547,0.1547,46035,231,36.16,high,15:00,OP
3976,2025-06-15 16:00:00,2025,6,15,16,6,Sun,Jun,0.1634,0.1634,46035,231,38.2,high,16:00,OP
3977,2025-06-15 17:00:00,2025,6,15,17,6,Sun,Jun,0.3292,0.3292,46035,231,76.95,high,17:00,STD
3978,2025-06-15 18:00:00,2025,6,15,18,6,Sun,Jun,0.521,0.521,46035,231,121.78,high,18:00,STD
3979,2025-06-15 19:00:00,2025,6,15,19,6,Sun,Jun,0.3252,0.3252,46035,231,76.01,high,19:00,OP
3980,2025-06-15 20:00:00,2025,6,15,20,6,Sun,Jun,0.1437,0.1437,46035,231,33.59,high,20:00,OP
3981,2025-06-15 21:00:00,2025,6,15,21,6,Sun,Jun,0.1337,0.1337,46035,231,31.24,high,21:00,OP
3982,2025-06-15 22:00:00,2025,6,15,22,6,Sun,Jun,0.1291,0.1291,46035,231,30.17,high,22:00,OP
3983,2025-06-15 23:00:00,2025,6,15,23,6,Sun,Jun,0.0971,0.1,46035,231,23.37,high,23:00,OP
3984,2025-06-16 00:00:00,2025,6,16,0,0,Weekday,Jun,0.1105,0.1105,46035,231,25.83,high,00:00,OP
3985,2025-06-16 01:00:00,2025,6,16,1,0,Weekday,Jun,0.1022,0.1022,46035,231,23.89,high,01:00,OP
3986,2025-06-16 02:00:00,2025,6,16,2,0,Weekday,Jun,0.1079,0.1079,46035,231,25.22,high,02:00,OP
3987,2025-06-16 03:00:00,2025,6,16,3,0,Weekday,Jun,0.1285,0.1285,46035,231,30.03,high,03:00,OP
3988,2025-06-16 04:00:00,2025,6,16,4,0,Weekday,Jun,0.1432,0.1432,46035,231,33.47,high,04:00,OP
3989,2025-06-16 05:00:00,2025,6,16,5,0,Weekday,Jun,0.157,0.157,46035,231,36.7,high,05:00,OP
3990,2025-06-16 06:00:00,2025,6,16,6,0,Weekday,Jun,0.289,0.289,46035,231,67.55,high,06:00,PK
3991,2025-06-16 07:00:00,2025,6,16,7,0,Weekday,Jun,0.046,0.1,46035,231,23.37,high,07:00,PK
3992,2025-06-16 08:00:00,2025,6,16,8,0,Weekday,Jun,0.3365,0.3365,46035,231,78.65,high,08:00,STD
3993,2025-06-16 09:00:00,2025,6,16,9,0,Weekday,Jun,0.6077,0.6077,46035,231,142.04,high,09:00,STD
3994,2025-06-16 10:00:00,2025,6,16,10,0,Weekday,Jun,0.5644,0.5644,46035,231,131.92,high,10:00,STD
3995,2025-06-16 11:00:00,2025,6,16,11,0,Weekday,Jun,0.5577,0.5577,46035,231,130.35,high,11:00,STD
3996,2025-06-16 12:00:00,2025,6,16,12,0,Weekday,Jun,0.5319,0.5319,46035,231,124.33,high,12:00,STD
3997,2025-06-16 13:00:00,2025,6,16,13,0,Weekday,Jun,0.5076,0.5076,46035,231,118.65,high,13:00,STD
3998,2025-06-16 14:00:00,2025,6,16,14,0,Weekday,Jun,0.4855,0.4855,46035,231,113.48,high,14:00,STD
3999,2025-06-16 15:00:00,2025,6,16,15,0,Weekday,Jun,0.4967,0.4967,46035,231,116.1,high,15:00,STD
4000,2025-06-16 16:00:00,2025,6,16,16,0,Weekday,Jun,0.5252,0.5252,46035,231,122.76,high,16:00,STD
4001,2025-06-16 17:00:00,2025,6,16,17,0,Weekday,Jun,0.2875,0.2875,46035,231,67.2,high,17:00,PK
4002,2025-06-16 18:00:00,2025,6,16,18,0,Weekday,Jun,0.0394,0.1,46035,231,23.37,high,18:00,PK
4003,2025-06-16 19:00:00,2025,6,16,19,0,Weekday,Jun,0.0369,0.1,46035,231,23.37,high,19:00,PK
4004,2025-06-16 20:00:00,2025,6,16,20,0,Weekday,Jun,0.2441,0.2441,46035,231,57.06,high,20:00,STD
4005,2025-06-16 21:00:00,2025,6,16,21,0,Weekday,Jun,0.4107,0.4107,46035,231,95.99,high,21:00,STD
4006,2025-06-16 22:00:00,2025,6,16,22,0,Weekday,Jun,0.1291,0.1291,46035,231,30.17,high,22:00,OP
4007,2025-06-16 23:00:00,2025,6,16,23,0,Weekday,Jun,0.0986,0.1,46035,231,23.37,high,23:00,OP
4008,2025-06-17 00:00:00,2025,6,17,0,1,Weekday,Jun,0.1105,0.1105,46035,231,25.83,high,00:00,OP
4009,2025-06-17 01:00:00,2025,6,17,1,1,Weekday,Jun,0.1022,0.1022,46035,231,23.89,high,01:00,OP
4010,2025-06-17 02:00:00,2025,6,17,2,1,Weekday,Jun,0.1079,0.1079,46035,231,25.22,high,02:00,OP
4011,2025-06-17 03:00:00,2025,6,17,3,1,Weekday,Jun,0.1285,0.1285,46035,231,30.03,high,03:00,OP
4012,2025-06-17 04:00:00,2025,6,17,4,1,Weekday,Jun,0.1432,0.1432,46035,231,33.47,high,04:00,OP
4013,2025-06-17 05:00:00,2025,6,17,5,1,Weekday,Jun,0.157,0.157,46035,231,36.7,high,05:00,OP
4014,2025-06-17 06:00:00,2025,6,17,6,1,Weekday,Jun,0.289,0.289,46035,231,67.55,high,06:00,PK
4015,2025-06-17 07:00:00,2025,6,17,7,1,Weekday,Jun,0.046,0.1,46035,231,23.37,high,07:00,PK
4016,2025-06-17 08:00:00,2025,6,17,8,1,Weekday,Jun,0.3365,0.3365,46035,231,78.65,high,08:00,STD
4017,2025-06-17 09:00:00,2025,6,17,9,1,Weekday,Jun,0.6077,0.6077,46035,231,142.04,high,09:00,STD
4018,2025-06-17 10:00:00,2025,6,17,10,1,Weekday,Jun,0.5644,0.5644,46035,231,131.92,high,10:00,STD
4019,2025-06-17 11:00:00,2025,6,17,11,1,Weekday,Jun,0.5577,0.5577,46035,231,130.35,high,11:00,STD
4020,2025-06-17 12:00:00,2025,6,17,12,1,Weekday,Jun,0.5319,0.5319,46035,231,124.33,high,12:00,STD
4021,2025-06-17 13:00:00,2025,6,17,13,1,Weekday,Jun,0.5076,0.5076,46035,231,118.65,high,13:00,STD
4022,2025-06-17 14:00:00,2025,6,17,14,1,Weekday,Jun,0.4855,0.4855,46035,231,113.48,high,14:00,STD
4023,2025-06-17 15:00:00,2025,6,17,15,1,Weekday,Jun,0.4967,0.4967,46035,231,116.1,high,15:00,STD
4024,2025-06-17 16:00:00,2025,6,17,16,1,Weekday,Jun,0.5252,0.5252,46035,231,122.76,high,16:00,STD
4025,2025-06-17 17:00:00,2025,6,17,17,1,Weekday,Jun,0.2875,0.2875,46035,231,67.2,high,17:00,PK
4026,2025-06-17 18:00:00,2025,6,17,18,1,Weekday,Jun,0.0394,0.1,46035,231,23.37,high,18:00,PK
4027,2025-06-17 19:00:00,2025,6,17,19,1,Weekday,Jun,0.0369,0.1,46035,231,23.37,high,19:00,PK
4028,2025-06-17 20:00:00,2025,6,17,20,1,Weekday,Jun,0.2441,0.2441,46035,231,57.06,high,20:00,STD
4029,2025-06-17 21:00:00,2025,6,17,21,1,Weekday,Jun,0.4107,0.4107,46035,231,95.99,high,21:00,STD
4030,2025-06-17 22:00:00,2025,6,17,22,1,Weekday,Jun,0.1291,0.1291,46035,231,30.17,high,22:00,OP
4031,2025-06-17 23:00:00,2025,6,17,23,1,Weekday,Jun,0.0986,0.1,46035,231,23.37,high,23:00,OP
4032,2025-06-18 00:00:00,2025,6,18,0,2,Weekday,Jun,0.1105,0.1105,46035,231,25.83,high,00:00,OP
4033,2025-06-18 01:00:00,2025,6,18,1,2,Weekday,Jun,0.1022,0.1022,46035,231,23.89,high,01:00,OP
4034,2025-06-18 02:00:00,2025,6,18,2,2,Weekday,Jun,0.1079,0.1079,46035,231,25.22,high,02:00,OP
4035,2025-06-18 03:00:00,2025,6,18,3,2,Weekday,Jun,0.1285,0.1285,46035,231,30.03,high,03:00,OP
4036,2025-06-18 04:00:00,2025,6,18,4,2,Weekday,Jun,0.1432,0.1432,46035,231,33.47,high,04:00,OP
4037,2025-06-18 05:00:00,2025,6,18,5,2,Weekday,Jun,0.157,0.157,46035,231,36.7,high,05:00,OP
4038,2025-06-18 06:00:00,2025,6,18,6,2,Weekday,Jun,0.289,0.289,46035,231,67.55,high,06:00,PK
4039,2025-06-18 07:00:00,2025,6,18,7,2,Weekday,Jun,0.046,0.1,46035,231,23.37,high,07:00,PK
4040,2025-06-18 08:00:00,2025,6,18,8,2,Weekday,Jun,0.3365,0.3365,46035,231,78.65,high,08:00,STD
4041,2025-06-18 09:00:00,2025,6,18,9,2,Weekday,Jun,0.6077,0.6077,46035,231,142.04,high,09:00,STD
4042,2025-06-18 10:00:00,2025,6,18,10,2,Weekday,Jun,0.5644,0.5644,46035,231,131.92,high,10:00,STD
4043,2025-06-18 11:00:00,2025,6,18,11,2,Weekday,Jun,0.5577,0.5577,46035,231,130.35,high,11:00,STD
4044,2025-06-18 12:00:00,2025,6,18,12,2,Weekday,Jun,0.5319,0.5319,46035,231,124.33,high,12:00,STD
4045,2025-06-18 13:00:00,2025,6,18,13,2,Weekday,Jun,0.5076,0.5076,46035,231,118.65,high,13:00,STD
4046,2025-06-18 14:00:00,2025,6,18,14,2,Weekday,Jun,0.4855,0.4855,46035,231,113.48,high,14:00,STD
4047,2025-06-18 15:00:00,2025,6,18,15,2,Weekday,Jun,0.4967,0.4967,46035,231,116.1,high,15:00,STD
4048,2025-06-18 16:00:00,2025,6,18,16,2,Weekday,Jun,0.5252,0.5252,46035,231,122.76,high,16:00,STD
4049,2025-06-18 17:00:00,2025,6,18,17,2,Weekday,Jun,0.2875,0.2875,46035,231,67.2,high,17:00,PK
4050,2025-06-18 18:00:00,2025,6,18,18,2,Weekday,Jun,0.0394,0.1,46035,231,23.37,high,18:00,PK
4051,2025-06-18 19:00:00,2025,6,18,19,2,Weekday,Jun,0.0369,0.1,46035,231,23.37,high,19:00,PK
4052,2025-06-18 20:00:00,2025,6,18,20,2,Weekday,Jun,0.2441,0.2441,46035,231,57.06,high,20:00,STD
4053,2025-06-18 21:00:00,2025,6,18,21,2,Weekday,Jun,0.4107,0.4107,46035,231,95.99,high,21:00,STD
4054,2025-06-18 22:00:00,2025,6,18,22,2,Weekday,Jun,0.1291,0.1291,46035,231,30.17,high,22:00,OP
4055,2025-06-18 23:00:00,2025,6,18,23,2,Weekday,Jun,0.0986,0.1,46035,231,23.37,high,23:00,OP
4056,2025-06-19 00:00:00,2025,6,19,0,3,Weekday,Jun,0.1105,0.1105,46035,231,25.83,high,00:00,OP
4057,2025-06-19 01:00:00,2025,6,19,1,3,Weekday,Jun,0.1022,0.1022,46035,231,23.89,high,01:00,OP
4058,2025-06-19 02:00:00,2025,6,19,2,3,Weekday,Jun,0.1079,0.1079,46035,231,25.22,high,02:00,OP
4059,2025-06-19 03:00:00,2025,6,19,3,3,Weekday,Jun,0.1285,0.1285,46035,231,30.03,high,03:00,OP
4060,2025-06-19 04:00:00,2025,6,19,4,3,Weekday,Jun,0.1432,0.1432,46035,231,33.47,high,04:00,OP
4061,2025-06-19 05:00:00,2025,6,19,5,3,Weekday,Jun,0.157,0.157,46035,231,36.7,high,05:00,OP
4062,2025-06-19 06:00:00,2025,6,19,6,3,Weekday,Jun,0.289,0.289,46035,231,67.55,high,06:00,PK
4063,2025-06-19 07:00:00,2025,6,19,7,3,Weekday,Jun,0.046,0.1,46035,231,23.37,high,07:00,PK
4064,2025-06-19 08:00:00,2025,6,19,8,3,Weekday,Jun,0.3365,0.3365,46035,231,78.65,high,08:00,STD
4065,2025-06-19 09:00:00,2025,6,19,9,3,Weekday,Jun,0.6077,0.6077,46035,231,142.04,high,09:00,STD
4066,2025-06-19 10:00:00,2025,6,19,10,3,Weekday,Jun,0.5644,0.5644,46035,231,131.92,high,10:00,STD
4067,2025-06-19 11:00:00,2025,6,19,11,3,Weekday,Jun,0.5577,0.5577,46035,231,130.35,high,11:00,STD
4068,2025-06-19 12:00:00,2025,6,19,12,3,Weekday,Jun,0.5319,0.5319,46035,231,124.33,high,12:00,STD
4069,2025-06-19 13:00:00,2025,6,19,13,3,Weekday,Jun,0.5076,0.5076,46035,231,118.65,high,13:00,STD
4070,2025-06-19 14:00:00,2025,6,19,14,3,Weekday,Jun,0.4855,0.4855,46035,231,113.48,high,14:00,STD
4071,2025-06-19 15:00:00,2025,6,19,15,3,Weekday,Jun,0.4967,0.4967,46035,231,116.1,high,15:00,STD
4072,2025-06-19 16:00:00,2025,6,19,16,3,Weekday,Jun,0.5252,0.5252,46035,231,122.76,high,16:00,STD
4073,2025-06-19 17:00:00,2025,6,19,17,3,Weekday,Jun,0.2875,0.2875,46035,231,67.2,high,17:00,PK
4074,2025-06-19 18:00:00,2025,6,19,18,3,Weekday,Jun,0.0394,0.1,46035,231,23.37,high,18:00,PK
4075,2025-06-19 19:00:00,2025,6,19,19,3,Weekday,Jun,0.0369,0.1,46035,231,23.37,high,19:00,PK
4076,2025-06-19 20:00:00,2025,6,19,20,3,Weekday,Jun,0.2441,0.2441,46035,231,57.06,high,20:00,STD
4077,2025-06-19 21:00:00,2025,6,19,21,3,Weekday,Jun,0.4107,0.4107,46035,231,95.99,high,21:00,STD
4078,2025-06-19 22:00:00,2025,6,19,22,3,Weekday,Jun,0.1291,0.1291,46035,231,30.17,high,22:00,OP
4079,2025-06-19 23:00:00,2025,6,19,23,3,Weekday,Jun,0.0986,0.1,46035,231,23.37,high,23:00,OP
4080,2025-06-20 00:00:00,2025,6,20,0,4,Weekday,Jun,0.1105,0.1105,46035,231,25.83,high,00:00,OP
4081,2025-06-20 01:00:00,2025,6,20,1,4,Weekday,Jun,0.1022,0.1022,46035,231,23.89,high,01:00,OP
4082,2025-06-20 02:00:00,2025,6,20,2,4,Weekday,Jun,0.1079,0.1079,46035,231,25.22,high,02:00,OP
4083,2025-06-20 03:00:00,2025,6,20,3,4,Weekday,Jun,0.1285,0.1285,46035,231,30.03,high,03:00,OP
4084,2025-06-20 04:00:00,2025,6,20,4,4,Weekday,Jun,0.1432,0.1432,46035,231,33.47,high,04:00,OP
4085,2025-06-20 05:00:00,2025,6,20,5,4,Weekday,Jun,0.157,0.157,46035,231,36.7,high,05:00,OP
4086,2025-06-20 06:00:00,2025,6,20,6,4,Weekday,Jun,0.289,0.289,46035,231,67.55,high,06:00,PK
4087,2025-06-20 07:00:00,2025,6,20,7,4,Weekday,Jun,0.046,0.1,46035,231,23.37,high,07:00,PK
4088,2025-06-20 08:00:00,2025,6,20,8,4,Weekday,Jun,0.3365,0.3365,46035,231,78.65,high,08:00,STD
4089,2025-06-20 09:00:00,2025,6,20,9,4,Weekday,Jun,0.6077,0.6077,46035,231,142.04,high,09:00,STD
4090,2025-06-20 10:00:00,2025,6,20,10,4,Weekday,Jun,0.5644,0.5644,46035,231,131.92,high,10:00,STD
4091,2025-06-20 11:00:00,2025,6,20,11,4,Weekday,Jun,0.5577,0.5577,46035,231,130.35,high,11:00,STD
4092,2025-06-20 12:00:00,2025,6,20,12,4,Weekday,Jun,0.5319,0.5319,46035,231,124.33,high,12:00,STD
4093,2025-06-20 13:00:00,2025,6,20,13,4,Weekday,Jun,0.5076,0.5076,46035,231,118.65,high,13:00,STD
4094,2025-06-20 14:00:00,2025,6,20,14,4,Weekday,Jun,0.4855,0.4855,46035,231,113.48,high,14:00,STD
4095,2025-06-20 15:00:00,2025,6,20,15,4,Weekday,Jun,0.4967,0.4967,46035,231,116.1,high,15:00,STD
4096,2025-06-20 16:00:00,2025,6,20,16,4,Weekday,Jun,0.5252,0.5252,46035,231,122.76,high,16:00,STD
4097,2025-06-20 17:00:00,2025,6,20,17,4,Weekday,Jun,0.2875,0.2875,46035,231,67.2,high,17:00,PK
4098,2025-06-20 18:00:00,2025,6,20,18,4,Weekday,Jun,0.0394,0.1,46035,231,23.37,high,18:00,PK
4099,2025-06-20 19:00:00,2025,6,20,19,4,Weekday,Jun,0.0369,0.1,46035,231,23.37,high,19:00,PK
4100,2025-06-20 20:00:00,2025,6,20,20,4,Weekday,Jun,0.2441,0.2441,46035,231,57.06,high,20:00,STD
4101,2025-06-20 21:00:00,2025,6,20,21,4,Weekday,Jun,0.4107,0.4107,46035,231,95.99,high,21:00,STD
4102,2025-06-20 22:00:00,2025,6,20,22,4,Weekday,Jun,0.1291,0.1291,46035,231,30.17,high,22:00,OP
4103,2025-06-20 23:00:00,2025,6,20,23,4,Weekday,Jun,0.0986,0.1,46035,231,23.37,high,23:00,OP
4104,2025-06-21 00:00:00,2025,6,21,0,5,Sat,Jun,0.11,0.11,46035,231,25.71,high,00:00,OP
4105,2025-06-21 01:00:00,2025,6,21,1,5,Sat,Jun,0.1034,0.1034,46035,231,24.17,high,01:00,OP
4106,2025-06-21 02:00:00,2025,6,21,2,5,Sat,Jun,0.1073,0.1073,46035,231,25.08,high,02:00,OP
4107,2025-06-21 03:00:00,2025,6,21,3,5,Sat,Jun,0.1261,0.1261,46035,231,29.47,high,03:00,OP
4108,2025-06-21 04:00:00,2025,6,21,4,5,Sat,Jun,0.1426,0.1426,46035,231,33.33,high,04:00,OP
4109,2025-06-21 05:00:00,2025,6,21,5,5,Sat,Jun,0.1505,0.1505,46035,231,35.19,high,05:00,OP
4110,2025-06-21 06:00:00,2025,6,21,6,5,Sat,Jun,0.1655,0.1655,46035,231,38.68,high,06:00,OP
4111,2025-06-21 07:00:00,2025,6,21,7,5,Sat,Jun,0.3932,0.3932,46035,231,91.9,high,07:00,STD
4112,2025-06-21 08:00:00,2025,6,21,8,5,Sat,Jun,0.379,0.379,46035,231,88.59,high,08:00,STD
4113,2025-06-21 09:00:00,2025,6,21,9,5,Sat,Jun,0.3775,0.3775,46035,231,88.23,high,09:00,STD
4114,2025-06-21 10:00:00,2025,6,21,10,5,Sat,Jun,0.3608,0.3608,46035,231,84.33,high,10:00,STD
4115,2025-06-21 11:00:00,2025,6,21,11,5,Sat,Jun,0.3558,0.3558,46035,231,83.17,high,11:00,STD
4116,2025-06-21 12:00:00,2025,6,21,12,5,Sat,Jun,0.1722,0.1722,46035,231,40.25,high,12:00,OP
4117,2025-06-21 13:00:00,2025,6,21,13,5,Sat,Jun,0.1653,0.1653,46035,231,38.63,high,13:00,OP
4118,2025-06-21 14:00:00,2025,6,21,14,5,Sat,Jun,0.1541,0.1541,46035,231,36.02,high,14:00,OP
4119,2025-06-21 15:00:00,2025,6,21,15,5,Sat,Jun,0.1547,0.1547,46035,231,36.16,high,15:00,OP
4120,2025-06-21 16:00:00,2025,6,21,16,5,Sat,Jun,0.1634,0.1634,46035,231,38.2,high,16:00,OP
4121,2025-06-21 17:00:00,2025,6,21,17,5,Sat,Jun,0.3292,0.3292,46035,231,76.95,high,17:00,STD
4122,2025-06-21 18:00:00,2025,6,21,18,5,Sat,Jun,0.521,0.521,46035,231,121.78,high,18:00,STD
4123,2025-06-21 19:00:00,2025,6,21,19,5,Sat,Jun,0.3252,0.3252,46035,231,76.01,high,19:00,OP
4124,2025-06-21 20:00:00,2025,6,21,20,5,Sat,Jun,0.1437,0.1437,46035,231,33.59,high,20:00,OP
4125,2025-06-21 21:00:00,2025,6,21,21,5,Sat,Jun,0.1337,0.1337,46035,231,31.24,high,21:00,OP
4126,2025-06-21 22:00:00,2025,6,21,22,5,Sat,Jun,0.1291,0.1291,46035,231,30.17,high,22:00,OP
4127,2025-06-21 23:00:00,2025,6,21,23,5,Sat,Jun,0.0971,0.1,46035,231,23.37,high,23:00,OP
4128,2025-06-22 00:00:00,2025,6,22,0,6,Sun,Jun,0.11,0.11,46035,231,25.71,high,00:00,OP
4129,2025-06-22 01:00:00,2025,6,22,1,6,Sun,Jun,0.1034,0.1034,46035,231,24.17,high,01:00,OP
4130,2025-06-22 02:00:00,2025,6,22,2,6,Sun,Jun,0.1073,0.1073,46035,231,25.08,high,02:00,OP
4131,2025-06-22 03:00:00,2025,6,22,3,6,Sun,Jun,0.1261,0.1261,46035,231,29.47,high,03:00,OP
4132,2025-06-22 04:00:00,2025,6,22,4,6,Sun,Jun,0.1426,0.1426,46035,231,33.33,high,04:00,OP
4133,2025-06-22 05:00:00,2025,6,22,5,6,Sun,Jun,0.1505,0.1505,46035,231,35.19,high,05:00,OP
4134,2025-06-22 06:00:00,2025,6,22,6,6,Sun,Jun,0.1655,0.1655,46035,231,38.68,high,06:00,OP
4135,2025-06-22 07:00:00,2025,6,22,7,6,Sun,Jun,0.3932,0.3932,46035,231,91.9,high,07:00,OP
4136,2025-06-22 08:00:00,2025,6,22,8,6,Sun,Jun,0.379,0.379,46035,231,88.59,high,08:00,OP
4137,2025-06-22 09:00:00,2025,6,22,9,6,Sun,Jun,0.3775,0.3775,46035,231,88.23,high,09:00,OP
4138,2025-06-22 10:00:00,2025,6,22,10,6,Sun,Jun,0.3608,0.3608,46035,231,84.33,high,10:00,OP
4139,2025-06-22 11:00:00,2025,6,22,11,6,Sun,Jun,0.3558,0.3558,46035,231,83.17,high,11:00,OP
4140,2025-06-22 12:00:00,2025,6,22,12,6,Sun,Jun,0.1722,0.1722,46035,231,40.25,high,12:00,OP
4141,2025-06-22 13:00:00,2025,6,22,13,6,Sun,Jun,0.1653,0.1653,46035,231,38.63,high,13:00,OP
4142,2025-06-22 14:00:00,2025,6,22,14,6,Sun,Jun,0.1541,0.1541,46035,231,36.02,high,14:00,OP
4143,2025-06-22 15:00:00,2025,6,22,15,6,Sun,Jun,0.1547,0.1547,46035,231,36.16,high,15:00,OP
4144,2025-06-22 16:00:00,2025,6,22,16,6,Sun,Jun,0.1634,0.1634,46035,231,38.2,high,16:00,OP
4145,2025-06-22 17:00:00,2025,6,22,17,6,Sun,Jun,0.3292,0.3292,46035,231,76.95,high,17:00,STD
4146,2025-06-22 18:00:00,2025,6,22,18,6,Sun,Jun,0.521,0.521,46035,231,121.78,high,18:00,STD
4147,2025-06-22 19:00:00,2025,6,22,19,6,Sun,Jun,0.3252,0.3252,46035,231,76.01,high,19:00,OP
4148,2025-06-22 20:00:00,2025,6,22,20,6,Sun,Jun,0.1437,0.1437,46035,231,33.59,high,20:00,OP
4149,2025-06-22 21:00:00,2025,6,22,21,6,Sun,Jun,0.1337,0.1337,46035,231,31.24,high,21:00,OP
4150,2025-06-22 22:00:00,2025,6,22,22,6,Sun,Jun,0.1291,0.1291,46035,231,30.17,high,22:00,OP
4151,2025-06-22 23:00:00,2025,6,22,23,6,Sun,Jun,0.0971,0.1,46035,231,23.37,high,23:00,OP
4152,2025-06-23 00:00:00,2025,6,23,0,0,Weekday,Jun,0.1105,0.1105,46035,231,25.83,high,00:00,OP
4153,2025-06-23 01:00:00,2025,6,23,1,0,Weekday,Jun,0.1022,0.1022,46035,231,23.89,high,01:00,OP
4154,2025-06-23 02:00:00,2025,6,23,2,0,Weekday,Jun,0.1079,0.1079,46035,231,25.22,high,02:00,OP
4155,2025-06-23 03:00:00,2025,6,23,3,0,Weekday,Jun,0.1285,0.1285,46035,231,30.03,high,03:00,OP
4156,2025-06-23 04:00:00,2025,6,23,4,0,Weekday,Jun,0.1432,0.1432,46035,231,33.47,high,04:00,OP
4157,2025-06-23 05:00:00,2025,6,23,5,0,Weekday,Jun,0.157,0.157,46035,231,36.7,high,05:00,OP
4158,2025-06-23 06:00:00,2025,6,23,6,0,Weekday,Jun,0.289,0.289,46035,231,67.55,high,06:00,PK
4159,2025-06-23 07:00:00,2025,6,23,7,0,Weekday,Jun,0.046,0.1,46035,231,23.37,high,07:00,PK
4160,2025-06-23 08:00:00,2025,6,23,8,0,Weekday,Jun,0.3365,0.3365,46035,231,78.65,high,08:00,STD
4161,2025-06-23 09:00:00,2025,6,23,9,0,Weekday,Jun,0.6077,0.6077,46035,231,142.04,high,09:00,STD
4162,2025-06-23 10:00:00,2025,6,23,10,0,Weekday,Jun,0.5644,0.5644,46035,231,131.92,high,10:00,STD
4163,2025-06-23 11:00:00,2025,6,23,11,0,Weekday,Jun,0.5577,0.5577,46035,231,130.35,high,11:00,STD
4164,2025-06-23 12:00:00,2025,6,23,12,0,Weekday,Jun,0.5319,0.5319,46035,231,124.33,high,12:00,STD
4165,2025-06-23 13:00:00,2025,6,23,13,0,Weekday,Jun,0.5076,0.5076,46035,231,118.65,high,13:00,STD
4166,2025-06-23 14:00:00,2025,6,23,14,0,Weekday,Jun,0.4855,0.4855,46035,231,113.48,high,14:00,STD
4167,2025-06-23 15:00:00,2025,6,23,15,0,Weekday,Jun,0.4967,0.4967,46035,231,116.1,high,15:00,STD
4168,2025-06-23 16:00:00,2025,6,23,16,0,Weekday,Jun,0.5252,0.5252,46035,231,122.76,high,16:00,STD
4169,2025-06-23 17:00:00,2025,6,23,17,0,Weekday,Jun,0.2875,0.2875,46035,231,67.2,high,17:00,PK
4170,2025-06-23 18:00:00,2025,6,23,18,0,Weekday,Jun,0.0394,0.1,46035,231,23.37,high,18:00,PK
4171,2025-06-23 19:00:00,2025,6,23,19,0,Weekday,Jun,0.0369,0.1,46035,231,23.37,high,19:00,PK
4172,2025-06-23 20:00:00,2025,6,23,20,0,Weekday,Jun,0.2441,0.2441,46035,231,57.06,high,20:00,STD
4173,2025-06-23 21:00:00,2025,6,23,21,0,Weekday,Jun,0.4107,0.4107,46035,231,95.99,high,21:00,STD
4174,2025-06-23 22:00:00,2025,6,23,22,0,Weekday,Jun,0.1291,0.1291,46035,231,30.17,high,22:00,OP
4175,2025-06-23 23:00:00,2025,6,23,23,0,Weekday,Jun,0.0986,0.1,46035,231,23.37,high,23:00,OP
4176,2025-06-24 00:00:00,2025,6,24,0,1,Weekday,Jun,0.1105,0.1105,46035,231,25.83,high,00:00,OP
4177,2025-06-24 01:00:00,2025,6,24,1,1,Weekday,Jun,0.1022,0.1022,46035,231,23.89,high,01:00,OP
4178,2025-06-24 02:00:00,2025,6,24,2,1,Weekday,Jun,0.1079,0.1079,46035,231,25.22,high,02:00,OP
4179,2025-06-24 03:00:00,2025,6,24,3,1,Weekday,Jun,0.1285,0.1285,46035,231,30.03,high,03:00,OP
4180,2025-06-24 04:00:00,2025,6,24,4,1,Weekday,Jun,0.1432,0.1432,46035,231,33.47,high,04:00,OP
4181,2025-06-24 05:00:00,2025,6,24,5,1,Weekday,Jun,0.157,0.157,46035,231,36.7,high,05:00,OP
4182,2025-06-24 06:00:00,2025,6,24,6,1,Weekday,Jun,0.289,0.289,46035,231,67.55,high,06:00,PK
4183,2025-06-24 07:00:00,2025,6,24,7,1,Weekday,Jun,0.046,0.1,46035,231,23.37,high,07:00,PK
4184,2025-06-24 08:00:00,2025,6,24,8,1,Weekday,Jun,0.3365,0.3365,46035,231,78.65,high,08:00,STD
4185,2025-06-24 09:00:00,2025,6,24,9,1,Weekday,Jun,0.6077,0.6077,46035,231,142.04,high,09:00,STD
4186,2025-06-24 10:00:00,2025,6,24,10,1,Weekday,Jun,0.5644,0.5644,46035,231,131.92,high,10:00,STD
4187,2025-06-24 11:00:00,2025,6,24,11,1,Weekday,Jun,0.5577,0.5577,46035,231,130.35,high,11:00,STD
4188,2025-06-24 12:00:00,2025,6,24,12,1,Weekday,Jun,0.5319,0.5319,46035,231,124.33,high,12:00,STD
4189,2025-06-24 13:00:00,2025,6,24,13,1,Weekday,Jun,0.5076,0.5076,46035,231,118.65,high,13:00,STD
4190,2025-06-24 14:00:00,2025,6,24,14,1,Weekday,Jun,0.4855,0.4855,46035,231,113.48,high,14:00,STD
4191,2025-06-24 15:00:00,2025,6,24,15,1,Weekday,Jun,0.4967,0.4967,46035,231,116.1,high,15:00,STD
4192,2025-06-24 16:00:00,2025,6,24,16,1,Weekday,Jun,0.5252,0.5252,46035,231,122.76,high,16:00,STD
4193,2025-06-24 17:00:00,2025,6,24,17,1,Weekday,Jun,0.2875,0.2875,46035,231,67.2,high,17:00,PK
4194,2025-06-24 18:00:00,2025,6,24,18,1,Weekday,Jun,0.0394,0.1,46035,231,23.37,high,18:00,PK
4195,2025-06-24 19:00:00,2025,6,24,19,1,Weekday,Jun,0.0369,0.1,46035,231,23.37,high,19:00,PK
4196,2025-06-24 20:00:00,2025,6,24,20,1,Weekday,Jun,0.2441,0.2441,46035,231,57.06,high,20:00,STD
4197,2025-06-24 21:00:00,2025,6,24,21,1,Weekday,Jun,0.4107,0.4107,46035,231,95.99,high,21:00,STD
4198,2025-06-24 22:00:00,2025,6,24,22,1,Weekday,Jun,0.1291,0.1291,46035,231,30.17,high,22:00,OP
4199,2025-06-24 23:00:00,2025,6,24,23,1,Weekday,Jun,0.0986,0.1,46035,231,23.37,high,23:00,OP
4200,2025-06-25 00:00:00,2025,6,25,0,2,Weekday,Jun,0.1105,0.1105,46035,231,25.83,high,00:00,OP
4201,2025-06-25 01:00:00,2025,6,25,1,2,Weekday,Jun,0.1022,0.1022,46035,231,23.89,high,01:00,OP
4202,2025-06-25 02:00:00,2025,6,25,2,2,Weekday,Jun,0.1079,0.1079,46035,231,25.22,high,02:00,OP
4203,2025-06-25 03:00:00,2025,6,25,3,2,Weekday,Jun,0.1285,0.1285,46035,231,30.03,high,03:00,OP
4204,2025-06-25 04:00:00,2025,6,25,4,2,Weekday,Jun,0.1432,0.1432,46035,231,33.47,high,04:00,OP
4205,2025-06-25 05:00:00,2025,6,25,5,2,Weekday,Jun,0.157,0.157,46035,231,36.7,high,05:00,OP
4206,2025-06-25 06:00:00,2025,6,25,6,2,Weekday,Jun,0.289,0.289,46035,231,67.55,high,06:00,PK
4207,2025-06-25 07:00:00,2025,6,25,7,2,Weekday,Jun,0.046,0.1,46035,231,23.37,high,07:00,PK
4208,2025-06-25 08:00:00,2025,6,25,8,2,Weekday,Jun,0.3365,0.3365,46035,231,78.65,high,08:00,STD
4209,2025-06-25 09:00:00,2025,6,25,9,2,Weekday,Jun,0.6077,0.6077,46035,231,142.04,high,09:00,STD
4210,2025-06-25 10:00:00,2025,6,25,10,2,Weekday,Jun,0.5644,0.5644,46035,231,131.92,high,10:00,STD
4211,2025-06-25 11:00:00,2025,6,25,11,2,Weekday,Jun,0.5577,0.5577,46035,231,130.35,high,11:00,STD
4212,2025-06-25 12:00:00,2025,6,25,12,2,Weekday,Jun,0.5319,0.5319,46035,231,124.33,high,12:00,STD
4213,2025-06-25 13:00:00,2025,6,25,13,2,Weekday,Jun,0.5076,0.5076,46035,231,118.65,high,13:00,STD
4214,2025-06-25 14:00:00,2025,6,25,14,2,Weekday,Jun,0.4855,0.4855,46035,231,113.48,high,14:00,STD
4215,2025-06-25 15:00:00,2025,6,25,15,2,Weekday,Jun,0.4967,0.4967,46035,231,116.1,high,15:00,STD
4216,2025-06-25 16:00:00,2025,6,25,16,2,Weekday,Jun,0.5252,0.5252,46035,231,122.76,high,16:00,STD
4217,2025-06-25 17:00:00,2025,6,25,17,2,Weekday,Jun,0.2875,0.2875,46035,231,67.2,high,17:00,PK
4218,2025-06-25 18:00:00,2025,6,25,18,2,Weekday,Jun,0.0394,0.1,46035,231,23.37,high,18:00,PK
4219,2025-06-25 19:00:00,2025,6,25,19,2,Weekday,Jun,0.0369,0.1,46035,231,23.37,high,19:00,PK
4220,2025-06-25 20:00:00,2025,6,25,20,2,Weekday,Jun,0.2441,0.2441,46035,231,57.06,high,20:00,STD
4221,2025-06-25 21:00:00,2025,6,25,21,2,Weekday,Jun,0.4107,0.4107,46035,231,95.99,high,21:00,STD
4222,2025-06-25 22:00:00,2025,6,25,22,2,Weekday,Jun,0.1291,0.1291,46035,231,30.17,high,22:00,OP
4223,2025-06-25 23:00:00,2025,6,25,23,2,Weekday,Jun,0.0986,0.1,46035,231,23.37,high,23:00,OP
4224,2025-06-26 00:00:00,2025,6,26,0,3,Weekday,Jun,0.1105,0.1105,46035,231,25.83,high,00:00,OP
4225,2025-06-26 01:00:00,2025,6,26,1,3,Weekday,Jun,0.1022,0.1022,46035,231,23.89,high,01:00,OP
4226,2025-06-26 02:00:00,2025,6,26,2,3,Weekday,Jun,0.1079,0.1079,46035,231,25.22,high,02:00,OP
4227,2025-06-26 03:00:00,2025,6,26,3,3,Weekday,Jun,0.1285,0.1285,46035,231,30.03,high,03:00,OP
4228,2025-06-26 04:00:00,2025,6,26,4,3,Weekday,Jun,0.1432,0.1432,46035,231,33.47,high,04:00,OP
4229,2025-06-26 05:00:00,2025,6,26,5,3,Weekday,Jun,0.157,0.157,46035,231,36.7,high,05:00,OP
4230,2025-06-26 06:00:00,2025,6,26,6,3,Weekday,Jun,0.289,0.289,46035,231,67.55,high,06:00,PK
4231,2025-06-26 07:00:00,2025,6,26,7,3,Weekday,Jun,0.046,0.1,46035,231,23.37,high,07:00,PK
4232,2025-06-26 08:00:00,2025,6,26,8,3,Weekday,Jun,0.3365,0.3365,46035,231,78.65,high,08:00,STD
4233,2025-06-26 09:00:00,2025,6,26,9,3,Weekday,Jun,0.6077,0.6077,46035,231,142.04,high,09:00,STD
4234,2025-06-26 10:00:00,2025,6,26,10,3,Weekday,Jun,0.5644,0.5644,46035,231,131.92,high,10:00,STD
4235,2025-06-26 11:00:00,2025,6,26,11,3,Weekday,Jun,0.5577,0.5577,46035,231,130.35,high,11:00,STD
4236,2025-06-26 12:00:00,2025,6,26,12,3,Weekday,Jun,0.5319,0.5319,46035,231,124.33,high,12:00,STD
4237,2025-06-26 13:00:00,2025,6,26,13,3,Weekday,Jun,0.5076,0.5076,46035,231,118.65,high,13:00,STD
4238,2025-06-26 14:00:00,2025,6,26,14,3,Weekday,Jun,0.4855,0.4855,46035,231,113.48,high,14:00,STD
4239,2025-06-26 15:00:00,2025,6,26,15,3,Weekday,Jun,0.4967,0.4967,46035,231,116.1,high,15:00,STD
4240,2025-06-26 16:00:00,2025,6,26,16,3,Weekday,Jun,0.5252,0.5252,46035,231,122.76,high,16:00,STD
4241,2025-06-26 17:00:00,2025,6,26,17,3,Weekday,Jun,0.2875,0.2875,46035,231,67.2,high,17:00,PK
4242,2025-06-26 18:00:00,2025,6,26,18,3,Weekday,Jun,0.0394,0.1,46035,231,23.37,high,18:00,PK
4243,2025-06-26 19:00:00,2025,6,26,19,3,Weekday,Jun,0.0369,0.1,46035,231,23.37,high,19:00,PK
4244,2025-06-26 20:00:00,2025,6,26,20,3,Weekday,Jun,0.2441,0.2441,46035,231,57.06,high,20:00,STD
4245,2025-06-26 21:00:00,2025,6,26,21,3,Weekday,Jun,0.4107,0.4107,46035,231,95.99,high,21:00,STD
4246,2025-06-26 22:00:00,2025,6,26,22,3,Weekday,Jun,0.1291,0.1291,46035,231,30.17,high,22:00,OP
4247,2025-06-26 23:00:00,2025,6,26,23,3,Weekday,Jun,0.0986,0.1,46035,231,23.37,high,23:00,OP
4248,2025-06-27 00:00:00,2025,6,27,0,4,Weekday,Jun,0.1105,0.1105,46035,231,25.83,high,00:00,OP
4249,2025-06-27 01:00:00,2025,6,27,1,4,Weekday,Jun,0.1022,0.1022,46035,231,23.89,high,01:00,OP
4250,2025-06-27 02:00:00,2025,6,27,2,4,Weekday,Jun,0.1079,0.1079,46035,231,25.22,high,02:00,OP
4251,2025-06-27 03:00:00,2025,6,27,3,4,Weekday,Jun,0.1285,0.1285,46035,231,30.03,high,03:00,OP
4252,2025-06-27 04:00:00,2025,6,27,4,4,Weekday,Jun,0.1432,0.1432,46035,231,33.47,high,04:00,OP
4253,2025-06-27 05:00:00,2025,6,27,5,4,Weekday,Jun,0.157,0.157,46035,231,36.7,high,05:00,OP
4254,2025-06-27 06:00:00,2025,6,27,6,4,Weekday,Jun,0.289,0.289,46035,231,67.55,high,06:00,PK
4255,2025-06-27 07:00:00,2025,6,27,7,4,Weekday,Jun,0.046,0.1,46035,231,23.37,high,07:00,PK
4256,2025-06-27 08:00:00,2025,6,27,8,4,Weekday,Jun,0.3365,0.3365,46035,231,78.65,high,08:00,STD
4257,2025-06-27 09:00:00,2025,6,27,9,4,Weekday,Jun,0.6077,0.6077,46035,231,142.04,high,09:00,STD
4258,2025-06-27 10:00:00,2025,6,27,10,4,Weekday,Jun,0.5644,0.5644,46035,231,131.92,high,10:00,STD
4259,2025-06-27 11:00:00,2025,6,27,11,4,Weekday,Jun,0.5577,0.5577,46035,231,130.35,high,11:00,STD
4260,2025-06-27 12:00:00,2025,6,27,12,4,Weekday,Jun,0.5319,0.5319,46035,231,124.33,high,12:00,STD
4261,2025-06-27 13:00:00,2025,6,27,13,4,Weekday,Jun,0.5076,0.5076,46035,231,118.65,high,13:00,STD
4262,2025-06-27 14:00:00,2025,6,27,14,4,Weekday,Jun,0.4855,0.4855,46035,231,113.48,high,14:00,STD
4263,2025-06-27 15:00:00,2025,6,27,15,4,Weekday,Jun,0.4967,0.4967,46035,231,116.1,high,15:00,STD
4264,2025-06-27 16:00:00,2025,6,27,16,4,Weekday,Jun,0.5252,0.5252,46035,231,122.76,high,16:00,STD
4265,2025-06-27 17:00:00,2025,6,27,17,4,Weekday,Jun,0.2875,0.2875,46035,231,67.2,high,17:00,PK
4266,2025-06-27 18:00:00,2025,6,27,18,4,Weekday,Jun,0.0394,0.1,46035,231,23.37,high,18:00,PK
4267,2025-06-27 19:00:00,2025,6,27,19,4,Weekday,Jun,0.0369,0.1,46035,231,23.37,high,19:00,PK
4268,2025-06-27 20:00:00,2025,6,27,20,4,Weekday,Jun,0.2441,0.2441,46035,231,57.06,high,20:00,STD
4269,2025-06-27 21:00:00,2025,6,27,21,4,Weekday,Jun,0.4107,0.4107,46035,231,95.99,high,21:00,STD
4270,2025-06-27 22:00:00,2025,6,27,22,4,Weekday,Jun,0.1291,0.1291,46035,231,30.17,high,22:00,OP
4271,2025-06-27 23:00:00,2025,6,27,23,4,Weekday,Jun,0.0986,0.1,46035,231,23.37,high,23:00,OP
4272,2025-06-28 00:00:00,2025,6,28,0,5,Sat,Jun,0.11,0.11,46035,231,25.71,high,00:00,OP
4273,2025-06-28 01:00:00,2025,6,28,1,5,Sat,Jun,0.1034,0.1034,46035,231,24.17,high,01:00,OP
4274,2025-06-28 02:00:00,2025,6,28,2,5,Sat,Jun,0.1073,0.1073,46035,231,25.08,high,02:00,OP
4275,2025-06-28 03:00:00,2025,6,28,3,5,Sat,Jun,0.1261,0.1261,46035,231,29.47,high,03:00,OP
4276,2025-06-28 04:00:00,2025,6,28,4,5,Sat,Jun,0.1426,0.1426,46035,231,33.33,high,04:00,OP
4277,2025-06-28 05:00:00,2025,6,28,5,5,Sat,Jun,0.1505,0.1505,46035,231,35.19,high,05:00,OP
4278,2025-06-28 06:00:00,2025,6,28,6,5,Sat,Jun,0.1655,0.1655,46035,231,38.68,high,06:00,OP
4279,2025-06-28 07:00:00,2025,6,28,7,5,Sat,Jun,0.3932,0.3932,46035,231,91.9,high,07:00,STD
4280,2025-06-28 08:00:00,2025,6,28,8,5,Sat,Jun,0.379,0.379,46035,231,88.59,high,08:00,STD
4281,2025-06-28 09:00:00,2025,6,28,9,5,Sat,Jun,0.3775,0.3775,46035,231,88.23,high,09:00,STD
4282,2025-06-28 10:00:00,2025,6,28,10,5,Sat,Jun,0.3608,0.3608,46035,231,84.33,high,10:00,STD
4283,2025-06-28 11:00:00,2025,6,28,11,5,Sat,Jun,0.3558,0.3558,46035,231,83.17,high,11:00,STD
4284,2025-06-28 12:00:00,2025,6,28,12,5,Sat,Jun,0.1722,0.1722,46035,231,40.25,high,12:00,OP
4285,2025-06-28 13:00:00,2025,6,28,13,5,Sat,Jun,0.1653,0.1653,46035,231,38.63,high,13:00,OP
4286,2025-06-28 14:00:00,2025,6,28,14,5,Sat,Jun,0.1541,0.1541,46035,231,36.02,high,14:00,OP
4287,2025-06-28 15:00:00,2025,6,28,15,5,Sat,Jun,0.1547,0.1547,46035,231,36.16,high,15:00,OP
4288,2025-06-28 16:00:00,2025,6,28,16,5,Sat,Jun,0.1634,0.1634,46035,231,38.2,high,16:00,OP
4289,2025-06-28 17:00:00,2025,6,28,17,5,Sat,Jun,0.3292,0.3292,46035,231,76.95,high,17:00,STD
4290,2025-06-28 18:00:00,2025,6,28,18,5,Sat,Jun,0.521,0.521,46035,231,121.78,high,18:00,STD
4291,2025-06-28 19:00:00,2025,6,28,19,5,Sat,Jun,0.3252,0.3252,46035,231,76.01,high,19:00,OP
4292,2025-06-28 20:00:00,2025,6,28,20,5,Sat,Jun,0.1437,0.1437,46035,231,33.59,high,20:00,OP
4293,2025-06-28 21:00:00,2025,6,28,21,5,Sat,Jun,0.1337,0.1337,46035,231,31.24,high,21:00,OP
4294,2025-06-28 22:00:00,2025,6,28,22,5,Sat,Jun,0.1291,0.1291,46035,231,30.17,high,22:00,OP
4295,2025-06-28 23:00:00,2025,6,28,23,5,Sat,Jun,0.0971,0.1,46035,231,23.37,high,23:00,OP
4296,2025-06-29 00:00:00,2025,6,29,0,6,Sun,Jun,0.11,0.11,46035,231,25.71,high,00:00,OP
4297,2025-06-29 01:00:00,2025,6,29,1,6,Sun,Jun,0.1034,0.1034,46035,231,24.17,high,01:00,OP
4298,2025-06-29 02:00:00,2025,6,29,2,6,Sun,Jun,0.1073,0.1073,46035,231,25.08,high,02:00,OP
4299,2025-06-29 03:00:00,2025,6,29,3,6,Sun,Jun,0.1261,0.1261,46035,231,29.47,high,03:00,OP
4300,2025-06-29 04:00:00,2025,6,29,4,6,Sun,Jun,0.1426,0.1426,46035,231,33.33,high,04:00,OP
4301,2025-06-29 05:00:00,2025,6,29,5,6,Sun,Jun,0.1505,0.1505,46035,231,35.19,high,05:00,OP
4302,2025-06-29 06:00:00,2025,6,29,6,6,Sun,Jun,0.1655,0.1655,46035,231,38.68,high,06:00,OP
4303,2025-06-29 07:00:00,2025,6,29,7,6,Sun,Jun,0.3932,0.3932,46035,231,91.9,high,07:00,OP
4304,2025-06-29 08:00:00,2025,6,29,8,6,Sun,Jun,0.379,0.379,46035,231,88.59,high,08:00,OP
4305,2025-06-29 09:00:00,2025,6,29,9,6,Sun,Jun,0.3775,0.3775,46035,231,88.23,high,09:00,OP
4306,2025-06-29 10:00:00,2025,6,29,10,6,Sun,Jun,0.3608,0.3608,46035,231,84.33,high,10:00,OP
4307,2025-06-29 11:00:00,2025,6,29,11,6,Sun,Jun,0.3558,0.3558,46035,231,83.17,high,11:00,OP
4308,2025-06-29 12:00:00,2025,6,29,12,6,Sun,Jun,0.1722,0.1722,46035,231,40.25,high,12:00,OP
4309,2025-06-29 13:00:00,2025,6,29,13,6,Sun,Jun,0.1653,0.1653,46035,231,38.63,high,13:00,OP
4310,2025-06-29 14:00:00,2025,6,29,14,6,Sun,Jun,0.1541,0.1541,46035,231,36.02,high,14:00,OP
4311,2025-06-29 15:00:00,2025,6,29,15,6,Sun,Jun,0.1547,0.1547,46035,231,36.16,high,15:00,OP
4312,2025-06-29 16:00:00,2025,6,29,16,6,Sun,Jun,0.1634,0.1634,46035,231,38.2,high,16:00,OP
4313,2025-06-29 17:00:00,2025,6,29,17,6,Sun,Jun,0.3292,0.3292,46035,231,76.95,high,17:00,STD
4314,2025-06-29 18:00:00,2025,6,29,18,6,Sun,Jun,0.521,0.521,46035,231,121.78,high,18:00,STD
4315,2025-06-29 19:00:00,2025,6,29,19,6,Sun,Jun,0.3252,0.3252,46035,231,76.01,high,19:00,OP
4316,2025-06-29 20:00:00,2025,6,29,20,6,Sun,Jun,0.1437,0.1437,46035,231,33.59,high,20:00,OP
4317,2025-06-29 21:00:00,2025,6,29,21,6,Sun,Jun,0.1337,0.1337,46035,231,31.24,high,21:00,OP
4318,2025-06-29 22:00:00,2025,6,29,22,6,Sun,Jun,0.1291,0.1291,46035,231,30.17,high,22:00,OP
4319,2025-06-29 23:00:00,2025,6,29,23,6,Sun,Jun,0.0971,0.1,46035,231,23.37,high,23:00,OP
4320,2025-06-30 00:00:00,2025,6,30,0,0,Weekday,Jun,0.1105,0.1105,46035,231,25.83,high,00:00,OP
4321,2025-06-30 01:00:00,2025,6,30,1,0,Weekday,Jun,0.1022,0.1022,46035,231,23.89,high,01:00,OP
4322,2025-06-30 02:00:00,2025,6,30,2,0,Weekday,Jun,0.1079,0.1079,46035,231,25.22,high,02:00,OP
4323,2025-06-30 03:00:00,2025,6,30,3,0,Weekday,Jun,0.1285,0.1285,46035,231,30.03,high,03:00,OP
4324,2025-06-30 04:00:00,2025,6,30,4,0,Weekday,Jun,0.1432,0.1432,46035,231,33.47,high,04:00,OP
4325,2025-06-30 05:00:00,2025,6,30,5,0,Weekday,Jun,0.157,0.157,46035,231,36.7,high,05:00,OP
4326,2025-06-30 06:00:00,2025,6,30,6,0,Weekday,Jun,0.289,0.289,46035,231,67.55,high,06:00,PK
4327,2025-06-30 07:00:00,2025,6,30,7,0,Weekday,Jun,0.046,0.1,46035,231,23.37,high,07:00,PK
4328,2025-06-30 08:00:00,2025,6,30,8,0,Weekday,Jun,0.3365,0.3365,46035,231,78.65,high,08:00,STD
4329,2025-06-30 09:00:00,2025,6,30,9,0,Weekday,Jun,0.6077,0.6077,46035,231,142.04,high,09:00,STD
4330,2025-06-30 10:00:00,2025,6,30,10,0,Weekday,Jun,0.5644,0.5644,46035,231,131.92,high,10:00,STD
4331,2025-06-30 11:00:00,2025,6,30,11,0,Weekday,Jun,0.5577,0.5577,46035,231,130.35,high,11:00,STD
4332,2025-06-30 12:00:00,2025,6,30,12,0,Weekday,Jun,0.5319,0.5319,46035,231,124.33,high,12:00,STD
4333,2025-06-30 13:00:00,2025,6,30,13,0,Weekday,Jun,0.5076,0.5076,46035,231,118.65,high,13:00,STD
4334,2025-06-30 14:00:00,2025,6,30,14,0,Weekday,Jun,0.4855,0.4855,46035,231,113.48,high,14:00,STD
4335,2025-06-30 15:00:00,2025,6,30,15,0,Weekday,Jun,0.4967,0.4967,46035,231,116.1,high,15:00,STD
4336,2025-06-30 16:00:00,2025,6,30,16,0,Weekday,Jun,0.5252,0.5252,46035,231,122.76,high,16:00,STD
4337,2025-06-30 17:00:00,2025,6,30,17,0,Weekday,Jun,0.2875,0.2875,46035,231,67.2,high,17:00,PK
4338,2025-06-30 18:00:00,2025,6,30,18,0,Weekday,Jun,0.0394,0.1,46035,231,23.37,high,18:00,PK
4339,2025-06-30 19:00:00,2025,6,30,19,0,Weekday,Jun,0.0369,0.1,46035,231,23.37,high,19:00,PK
4340,2025-06-30 20:00:00,2025,6,30,20,0,Weekday,Jun,0.2441,0.2441,46035,231,57.06,high,20:00,STD
4341,2025-06-30 21:00:00,2025,6,30,21,0,Weekday,Jun,0.4107,0.4107,46035,231,95.99,high,21:00,STD
4342,2025-06-30 22:00:00,2025,6,30,22,0,Weekday,Jun,0.1291,0.1291,46035,231,30.17,high,22:00,OP
4343,2025-06-30 23:00:00,2025,6,30,23,0,Weekday,Jun,0.0986,0.1,46035,231,23.37,high,23:00,OP
4344,2025-07-01 00:00:00,2025,7,1,0,1,Weekday,Jul,0.1105,0.1105,46035,231,24.71,high,00:00,OP
4345,2025-07-01 01:00:00,2025,7,1,1,1,Weekday,Jul,0.1022,0.1022,46035,231,22.85,high,01:00,OP
4346,2025-07-01 02:00:00,2025,7,1,2,1,Weekday,Jul,0.1079,0.1079,46035,231,24.12,high,02:00,OP
4347,2025-07-01 03:00:00,2025,7,1,3,1,Weekday,Jul,0.1285,0.1285,46035,231,28.72,high,03:00,OP
4348,2025-07-01 04:00:00,2025,7,1,4,1,Weekday,Jul,0.1432,0.1432,46035,231,32.01,high,04:00,OP
4349,2025-07-01 05:00:00,2025,7,1,5,1,Weekday,Jul,0.157,0.157,46035,231,35.1,high,05:00,OP
4350,2025-07-01 06:00:00,2025,7,1,6,1,Weekday,Jul,0.289,0.289,46035,231,64.61,high,06:00,PK
4351,2025-07-01 07:00:00,2025,7,1,7,1,Weekday,Jul,0.046,0.1,46035,231,22.35,high,07:00,PK
4352,2025-07-01 08:00:00,2025,7,1,8,1,Weekday,Jul,0.3365,0.3365,46035,231,75.22,high,08:00,STD
4353,2025-07-01 09:00:00,2025,7,1,9,1,Weekday,Jul,0.6077,0.6077,46035,231,135.85,high,09:00,STD
4354,2025-07-01 10:00:00,2025,7,1,10,1,Weekday,Jul,0.5644,0.5644,46035,231,126.17,high,10:00,STD
4355,2025-07-01 11:00:00,2025,7,1,11,1,Weekday,Jul,0.5577,0.5577,46035,231,124.67,high,11:00,STD
4356,2025-07-01 12:00:00,2025,7,1,12,1,Weekday,Jul,0.5319,0.5319,46035,231,118.91,high,12:00,STD
4357,2025-07-01 13:00:00,2025,7,1,13,1,Weekday,Jul,0.5076,0.5076,46035,231,113.48,high,13:00,STD
4358,2025-07-01 14:00:00,2025,7,1,14,1,Weekday,Jul,0.4855,0.4855,46035,231,108.53,high,14:00,STD
4359,2025-07-01 15:00:00,2025,7,1,15,1,Weekday,Jul,0.4967,0.4967,46035,231,111.04,high,15:00,STD
4360,2025-07-01 16:00:00,2025,7,1,16,1,Weekday,Jul,0.5252,0.5252,46035,231,117.41,high,16:00,STD
4361,2025-07-01 17:00:00,2025,7,1,17,1,Weekday,Jul,0.2875,0.2875,46035,231,64.27,high,17:00,PK
4362,2025-07-01 18:00:00,2025,7,1,18,1,Weekday,Jul,0.0394,0.1,46035,231,22.35,high,18:00,PK
4363,2025-07-01 19:00:00,2025,7,1,19,1,Weekday,Jul,0.0369,0.1,46035,231,22.35,high,19:00,PK
4364,2025-07-01 20:00:00,2025,7,1,20,1,Weekday,Jul,0.2441,0.2441,46035,231,54.57,high,20:00,STD
4365,2025-07-01 21:00:00,2025,7,1,21,1,Weekday,Jul,0.4107,0.4107,46035,231,91.81,high,21:00,STD
4366,2025-07-01 22:00:00,2025,7,1,22,1,Weekday,Jul,0.1291,0.1291,46035,231,28.86,high,22:00,OP
4367,2025-07-01 23:00:00,2025,7,1,23,1,Weekday,Jul,0.0986,0.1,46035,231,22.35,high,23:00,OP
4368,2025-07-02 00:00:00,2025,7,2,0,2,Weekday,Jul,0.1105,0.1105,46035,231,24.71,high,00:00,OP
4369,2025-07-02 01:00:00,2025,7,2,1,2,Weekday,Jul,0.1022,0.1022,46035,231,22.85,high,01:00,OP
4370,2025-07-02 02:00:00,2025,7,2,2,2,Weekday,Jul,0.1079,0.1079,46035,231,24.12,high,02:00,OP
4371,2025-07-02 03:00:00,2025,7,2,3,2,Weekday,Jul,0.1285,0.1285,46035,231,28.72,high,03:00,OP
4372,2025-07-02 04:00:00,2025,7,2,4,2,Weekday,Jul,0.1432,0.1432,46035,231,32.01,high,04:00,OP
4373,2025-07-02 05:00:00,2025,7,2,5,2,Weekday,Jul,0.157,0.157,46035,231,35.1,high,05:00,OP
4374,2025-07-02 06:00:00,2025,7,2,6,2,Weekday,Jul,0.289,0.289,46035,231,64.61,high,06:00,PK
4375,2025-07-02 07:00:00,2025,7,2,7,2,Weekday,Jul,0.046,0.1,46035,231,22.35,high,07:00,PK
4376,2025-07-02 08:00:00,2025,7,2,8,2,Weekday,Jul,0.3365,0.3365,46035,231,75.22,high,08:00,STD
4377,2025-07-02 09:00:00,2025,7,2,9,2,Weekday,Jul,0.6077,0.6077,46035,231,135.85,high,09:00,STD
4378,2025-07-02 10:00:00,2025,7,2,10,2,Weekday,Jul,0.5644,0.5644,46035,231,126.17,high,10:00,STD
4379,2025-07-02 11:00:00,2025,7,2,11,2,Weekday,Jul,0.5577,0.5577,46035,231,124.67,high,11:00,STD
4380,2025-07-02 12:00:00,2025,7,2,12,2,Weekday,Jul,0.5319,0.5319,46035,231,118.91,high,12:00,STD
4381,2025-07-02 13:00:00,2025,7,2,13,2,Weekday,Jul,0.5076,0.5076,46035,231,113.48,high,13:00,STD
4382,2025-07-02 14:00:00,2025,7,2,14,2,Weekday,Jul,0.4855,0.4855,46035,231,108.53,high,14:00,STD
4383,2025-07-02 15:00:00,2025,7,2,15,2,Weekday,Jul,0.4967,0.4967,46035,231,111.04,high,15:00,STD
4384,2025-07-02 16:00:00,2025,7,2,16,2,Weekday,Jul,0.5252,0.5252,46035,231,117.41,high,16:00,STD
4385,2025-07-02 17:00:00,2025,7,2,17,2,Weekday,Jul,0.2875,0.2875,46035,231,64.27,high,17:00,PK
4386,2025-07-02 18:00:00,2025,7,2,18,2,Weekday,Jul,0.0394,0.1,46035,231,22.35,high,18:00,PK
4387,2025-07-02 19:00:00,2025,7,2,19,2,Weekday,Jul,0.0369,0.1,46035,231,22.35,high,19:00,PK
4388,2025-07-02 20:00:00,2025,7,2,20,2,Weekday,Jul,0.2441,0.2441,46035,231,54.57,high,20:00,STD
4389,2025-07-02 21:00:00,2025,7,2,21,2,Weekday,Jul,0.4107,0.4107,46035,231,91.81,high,21:00,STD
4390,2025-07-02 22:00:00,2025,7,2,22,2,Weekday,Jul,0.1291,0.1291,46035,231,28.86,high,22:00,OP
4391,2025-07-02 23:00:00,2025,7,2,23,2,Weekday,Jul,0.0986,0.1,46035,231,22.35,high,23:00,OP
4392,2025-07-03 00:00:00,2025,7,3,0,3,Weekday,Jul,0.1105,0.1105,46035,231,24.71,high,00:00,OP
4393,2025-07-03 01:00:00,2025,7,3,1,3,Weekday,Jul,0.1022,0.1022,46035,231,22.85,high,01:00,OP
4394,2025-07-03 02:00:00,2025,7,3,2,3,Weekday,Jul,0.1079,0.1079,46035,231,24.12,high,02:00,OP
4395,2025-07-03 03:00:00,2025,7,3,3,3,Weekday,Jul,0.1285,0.1285,46035,231,28.72,high,03:00,OP
4396,2025-07-03 04:00:00,2025,7,3,4,3,Weekday,Jul,0.1432,0.1432,46035,231,32.01,high,04:00,OP
4397,2025-07-03 05:00:00,2025,7,3,5,3,Weekday,Jul,0.157,0.157,46035,231,35.1,high,05:00,OP
4398,2025-07-03 06:00:00,2025,7,3,6,3,Weekday,Jul,0.289,0.289,46035,231,64.61,high,06:00,PK
4399,2025-07-03 07:00:00,2025,7,3,7,3,Weekday,Jul,0.046,0.1,46035,231,22.35,high,07:00,PK
4400,2025-07-03 08:00:00,2025,7,3,8,3,Weekday,Jul,0.3365,0.3365,46035,231,75.22,high,08:00,STD
4401,2025-07-03 09:00:00,2025,7,3,9,3,Weekday,Jul,0.6077,0.6077,46035,231,135.85,high,09:00,STD
4402,2025-07-03 10:00:00,2025,7,3,10,3,Weekday,Jul,0.5644,0.5644,46035,231,126.17,high,10:00,STD
4403,2025-07-03 11:00:00,2025,7,3,11,3,Weekday,Jul,0.5577,0.5577,46035,231,124.67,high,11:00,STD
4404,2025-07-03 12:00:00,2025,7,3,12,3,Weekday,Jul,0.5319,0.5319,46035,231,118.91,high,12:00,STD
4405,2025-07-03 13:00:00,2025,7,3,13,3,Weekday,Jul,0.5076,0.5076,46035,231,113.48,high,13:00,STD
4406,2025-07-03 14:00:00,2025,7,3,14,3,Weekday,Jul,0.4855,0.4855,46035,231,108.53,high,14:00,STD
4407,2025-07-03 15:00:00,2025,7,3,15,3,Weekday,Jul,0.4967,0.4967,46035,231,111.04,high,15:00,STD
4408,2025-07-03 16:00:00,2025,7,3,16,3,Weekday,Jul,0.5252,0.5252,46035,231,117.41,high,16:00,STD
4409,2025-07-03 17:00:00,2025,7,3,17,3,Weekday,Jul,0.2875,0.2875,46035,231,64.27,high,17:00,PK
4410,2025-07-03 18:00:00,2025,7,3,18,3,Weekday,Jul,0.0394,0.1,46035,231,22.35,high,18:00,PK
4411,2025-07-03 19:00:00,2025,7,3,19,3,Weekday,Jul,0.0369,0.1,46035,231,22.35,high,19:00,PK
4412,2025-07-03 20:00:00,2025,7,3,20,3,Weekday,Jul,0.2441,0.2441,46035,231,54.57,high,20:00,STD
4413,2025-07-03 21:00:00,2025,7,3,21,3,Weekday,Jul,0.4107,0.4107,46035,231,91.81,high,21:00,STD
4414,2025-07-03 22:00:00,2025,7,3,22,3,Weekday,Jul,0.1291,0.1291,46035,231,28.86,high,22:00,OP
4415,2025-07-03 23:00:00,2025,7,3,23,3,Weekday,Jul,0.0986,0.1,46035,231,22.35,high,23:00,OP
4416,2025-07-04 00:00:00,2025,7,4,0,4,Weekday,Jul,0.1105,0.1105,46035,231,24.71,high,00:00,OP
4417,2025-07-04 01:00:00,2025,7,4,1,4,Weekday,Jul,0.1022,0.1022,46035,231,22.85,high,01:00,OP
4418,2025-07-04 02:00:00,2025,7,4,2,4,Weekday,Jul,0.1079,0.1079,46035,231,24.12,high,02:00,OP
4419,2025-07-04 03:00:00,2025,7,4,3,4,Weekday,Jul,0.1285,0.1285,46035,231,28.72,high,03:00,OP
4420,2025-07-04 04:00:00,2025,7,4,4,4,Weekday,Jul,0.1432,0.1432,46035,231,32.01,high,04:00,OP
4421,2025-07-04 05:00:00,2025,7,4,5,4,Weekday,Jul,0.157,0.157,46035,231,35.1,high,05:00,OP
4422,2025-07-04 06:00:00,2025,7,4,6,4,Weekday,Jul,0.289,0.289,46035,231,64.61,high,06:00,PK
4423,2025-07-04 07:00:00,2025,7,4,7,4,Weekday,Jul,0.046,0.1,46035,231,22.35,high,07:00,PK
4424,2025-07-04 08:00:00,2025,7,4,8,4,Weekday,Jul,0.3365,0.3365,46035,231,75.22,high,08:00,STD
4425,2025-07-04 09:00:00,2025,7,4,9,4,Weekday,Jul,0.6077,0.6077,46035,231,135.85,high,09:00,STD
4426,2025-07-04 10:00:00,2025,7,4,10,4,Weekday,Jul,0.5644,0.5644,46035,231,126.17,high,10:00,STD
4427,2025-07-04 11:00:00,2025,7,4,11,4,Weekday,Jul,0.5577,0.5577,46035,231,124.67,high,11:00,STD
4428,2025-07-04 12:00:00,2025,7,4,12,4,Weekday,Jul,0.5319,0.5319,46035,231,118.91,high,12:00,STD
4429,2025-07-04 13:00:00,2025,7,4,13,4,Weekday,Jul,0.5076,0.5076,46035,231,113.48,high,13:00,STD
4430,2025-07-04 14:00:00,2025,7,4,14,4,Weekday,Jul,0.4855,0.4855,46035,231,108.53,high,14:00,STD
4431,2025-07-04 15:00:00,2025,7,4,15,4,Weekday,Jul,0.4967,0.4967,46035,231,111.04,high,15:00,STD
4432,2025-07-04 16:00:00,2025,7,4,16,4,Weekday,Jul,0.5252,0.5252,46035,231,117.41,high,16:00,STD
4433,2025-07-04 17:00:00,2025,7,4,17,4,Weekday,Jul,0.2875,0.2875,46035,231,64.27,high,17:00,PK
4434,2025-07-04 18:00:00,2025,7,4,18,4,Weekday,Jul,0.0394,0.1,46035,231,22.35,high,18:00,PK
4435,2025-07-04 19:00:00,2025,7,4,19,4,Weekday,Jul,0.0369,0.1,46035,231,22.35,high,19:00,PK
4436,2025-07-04 20:00:00,2025,7,4,20,4,Weekday,Jul,0.2441,0.2441,46035,231,54.57,high,20:00,STD
4437,2025-07-04 21:00:00,2025,7,4,21,4,Weekday,Jul,0.4107,0.4107,46035,231,91.81,high,21:00,STD
4438,2025-07-04 22:00:00,2025,7,4,22,4,Weekday,Jul,0.1291,0.1291,46035,231,28.86,high,22:00,OP
4439,2025-07-04 23:00:00,2025,7,4,23,4,Weekday,Jul,0.0986,0.1,46035,231,22.35,high,23:00,OP
4440,2025-07-05 00:00:00,2025,7,5,0,5,Sat,Jul,0.11,0.11,46035,231,24.59,high,00:00,OP
4441,2025-07-05 01:00:00,2025,7,5,1,5,Sat,Jul,0.1034,0.1034,46035,231,23.12,high,01:00,OP
4442,2025-07-05 02:00:00,2025,7,5,2,5,Sat,Jul,0.1073,0.1073,46035,231,23.99,high,02:00,OP
4443,2025-07-05 03:00:00,2025,7,5,3,5,Sat,Jul,0.1261,0.1261,46035,231,28.19,high,03:00,OP
4444,2025-07-05 04:00:00,2025,7,5,4,5,Sat,Jul,0.1426,0.1426,46035,231,31.87,high,04:00,OP
4445,2025-07-05 05:00:00,2025,7,5,5,5,Sat,Jul,0.1505,0.1505,46035,231,33.65,high,05:00,OP
4446,2025-07-05 06:00:00,2025,7,5,6,5,Sat,Jul,0.1655,0.1655,46035,231,37.0,high,06:00,OP
4447,2025-07-05 07:00:00,2025,7,5,7,5,Sat,Jul,0.3932,0.3932,46035,231,87.9,high,07:00,STD
4448,2025-07-05 08:00:00,2025,7,5,8,5,Sat,Jul,0.379,0.379,46035,231,84.73,high,08:00,STD
4449,2025-07-05 09:00:00,2025,7,5,9,5,Sat,Jul,0.3775,0.3775,46035,231,84.38,high,09:00,STD
4450,2025-07-05 10:00:00,2025,7,5,10,5,Sat,Jul,0.3608,0.3608,46035,231,80.65,high,10:00,STD
4451,2025-07-05 11:00:00,2025,7,5,11,5,Sat,Jul,0.3558,0.3558,46035,231,79.54,high,11:00,STD
4452,2025-07-05 12:00:00,2025,7,5,12,5,Sat,Jul,0.1722,0.1722,46035,231,38.5,high,12:00,OP
4453,2025-07-05 13:00:00,2025,7,5,13,5,Sat,Jul,0.1653,0.1653,46035,231,36.95,high,13:00,OP
4454,2025-07-05 14:00:00,2025,7,5,14,5,Sat,Jul,0.1541,0.1541,46035,231,34.45,high,14:00,OP
4455,2025-07-05 15:00:00,2025,7,5,15,5,Sat,Jul,0.1547,0.1547,46035,231,34.59,high,15:00,OP
4456,2025-07-05 16:00:00,2025,7,5,16,5,Sat,Jul,0.1634,0.1634,46035,231,36.53,high,16:00,OP
4457,2025-07-05 17:00:00,2025,7,5,17,5,Sat,Jul,0.3292,0.3292,46035,231,73.59,high,17:00,STD
4458,2025-07-05 18:00:00,2025,7,5,18,5,Sat,Jul,0.521,0.521,46035,231,116.46,high,18:00,STD
4459,2025-07-05 19:00:00,2025,7,5,19,5,Sat,Jul,0.3252,0.3252,46035,231,72.69,high,19:00,OP
4460,2025-07-05 20:00:00,2025,7,5,20,5,Sat,Jul,0.1437,0.1437,46035,231,32.12,high,20:00,OP
4461,2025-07-05 21:00:00,2025,7,5,21,5,Sat,Jul,0.1337,0.1337,46035,231,29.88,high,21:00,OP
4462,2025-07-05 22:00:00,2025,7,5,22,5,Sat,Jul,0.1291,0.1291,46035,231,28.86,high,22:00,OP
4463,2025-07-05 23:00:00,2025,7,5,23,5,Sat,Jul,0.0971,0.1,46035,231,22.35,high,23:00,OP
4464,2025-07-06 00:00:00,2025,7,6,0,6,Sun,Jul,0.11,0.11,46035,231,24.59,high,00:00,OP
4465,2025-07-06 01:00:00,2025,7,6,1,6,Sun,Jul,0.1034,0.1034,46035,231,23.12,high,01:00,OP
4466,2025-07-06 02:00:00,2025,7,6,2,6,Sun,Jul,0.1073,0.1073,46035,231,23.99,high,02:00,OP
4467,2025-07-06 03:00:00,2025,7,6,3,6,Sun,Jul,0.1261,0.1261,46035,231,28.19,high,03:00,OP
4468,2025-07-06 04:00:00,2025,7,6,4,6,Sun,Jul,0.1426,0.1426,46035,231,31.87,high,04:00,OP
4469,2025-07-06 05:00:00,2025,7,6,5,6,Sun,Jul,0.1505,0.1505,46035,231,33.65,high,05:00,OP
4470,2025-07-06 06:00:00,2025,7,6,6,6,Sun,Jul,0.1655,0.1655,46035,231,37.0,high,06:00,OP
4471,2025-07-06 07:00:00,2025,7,6,7,6,Sun,Jul,0.3932,0.3932,46035,231,87.9,high,07:00,OP
4472,2025-07-06 08:00:00,2025,7,6,8,6,Sun,Jul,0.379,0.379,46035,231,84.73,high,08:00,OP
4473,2025-07-06 09:00:00,2025,7,6,9,6,Sun,Jul,0.3775,0.3775,46035,231,84.38,high,09:00,OP
4474,2025-07-06 10:00:00,2025,7,6,10,6,Sun,Jul,0.3608,0.3608,46035,231,80.65,high,10:00,OP
4475,2025-07-06 11:00:00,2025,7,6,11,6,Sun,Jul,0.3558,0.3558,46035,231,79.54,high,11:00,OP
4476,2025-07-06 12:00:00,2025,7,6,12,6,Sun,Jul,0.1722,0.1722,46035,231,38.5,high,12:00,OP
4477,2025-07-06 13:00:00,2025,7,6,13,6,Sun,Jul,0.1653,0.1653,46035,231,36.95,high,13:00,OP
4478,2025-07-06 14:00:00,2025,7,6,14,6,Sun,Jul,0.1541,0.1541,46035,231,34.45,high,14:00,OP
4479,2025-07-06 15:00:00,2025,7,6,15,6,Sun,Jul,0.1547,0.1547,46035,231,34.59,high,15:00,OP
4480,2025-07-06 16:00:00,2025,7,6,16,6,Sun,Jul,0.1634,0.1634,46035,231,36.53,high,16:00,OP
4481,2025-07-06 17:00:00,2025,7,6,17,6,Sun,Jul,0.3292,0.3292,46035,231,73.59,high,17:00,STD
4482,2025-07-06 18:00:00,2025,7,6,18,6,Sun,Jul,0.521,0.521,46035,231,116.46,high,18:00,STD
4483,2025-07-06 19:00:00,2025,7,6,19,6,Sun,Jul,0.3252,0.3252,46035,231,72.69,high,19:00,OP
4484,2025-07-06 20:00:00,2025,7,6,20,6,Sun,Jul,0.1437,0.1437,46035,231,32.12,high,20:00,OP
4485,2025-07-06 21:00:00,2025,7,6,21,6,Sun,Jul,0.1337,0.1337,46035,231,29.88,high,21:00,OP
4486,2025-07-06 22:00:00,2025,7,6,22,6,Sun,Jul,0.1291,0.1291,46035,231,28.86,high,22:00,OP
4487,2025-07-06 23:00:00,2025,7,6,23,6,Sun,Jul,0.0971,0.1,46035,231,22.35,high,23:00,OP
4488,2025-07-07 00:00:00,2025,7,7,0,0,Weekday,Jul,0.1105,0.1105,46035,231,24.71,high,00:00,OP
4489,2025-07-07 01:00:00,2025,7,7,1,0,Weekday,Jul,0.1022,0.1022,46035,231,22.85,high,01:00,OP
4490,2025-07-07 02:00:00,2025,7,7,2,0,Weekday,Jul,0.1079,0.1079,46035,231,24.12,high,02:00,OP
4491,2025-07-07 03:00:00,2025,7,7,3,0,Weekday,Jul,0.1285,0.1285,46035,231,28.72,high,03:00,OP
4492,2025-07-07 04:00:00,2025,7,7,4,0,Weekday,Jul,0.1432,0.1432,46035,231,32.01,high,04:00,OP
4493,2025-07-07 05:00:00,2025,7,7,5,0,Weekday,Jul,0.157,0.157,46035,231,35.1,high,05:00,OP
4494,2025-07-07 06:00:00,2025,7,7,6,0,Weekday,Jul,0.289,0.289,46035,231,64.61,high,06:00,PK
4495,2025-07-07 07:00:00,2025,7,7,7,0,Weekday,Jul,0.046,0.1,46035,231,22.35,high,07:00,PK
4496,2025-07-07 08:00:00,2025,7,7,8,0,Weekday,Jul,0.3365,0.3365,46035,231,75.22,high,08:00,STD
4497,2025-07-07 09:00:00,2025,7,7,9,0,Weekday,Jul,0.6077,0.6077,46035,231,135.85,high,09:00,STD
4498,2025-07-07 10:00:00,2025,7,7,10,0,Weekday,Jul,0.5644,0.5644,46035,231,126.17,high,10:00,STD
4499,2025-07-07 11:00:00,2025,7,7,11,0,Weekday,Jul,0.5577,0.5577,46035,231,124.67,high,11:00,STD
4500,2025-07-07 12:00:00,2025,7,7,12,0,Weekday,Jul,0.5319,0.5319,46035,231,118.91,high,12:00,STD
4501,2025-07-07 13:00:00,2025,7,7,13,0,Weekday,Jul,0.5076,0.5076,46035,231,113.48,high,13:00,STD
4502,2025-07-07 14:00:00,2025,7,7,14,0,Weekday,Jul,0.4855,0.4855,46035,231,108.53,high,14:00,STD
4503,2025-07-07 15:00:00,2025,7,7,15,0,Weekday,Jul,0.4967,0.4967,46035,231,111.04,high,15:00,STD
4504,2025-07-07 16:00:00,2025,7,7,16,0,Weekday,Jul,0.5252,0.5252,46035,231,117.41,high,16:00,STD
4505,2025-07-07 17:00:00,2025,7,7,17,0,Weekday,Jul,0.2875,0.2875,46035,231,64.27,high,17:00,PK
4506,2025-07-07 18:00:00,2025,7,7,18,0,Weekday,Jul,0.0394,0.1,46035,231,22.35,high,18:00,PK
4507,2025-07-07 19:00:00,2025,7,7,19,0,Weekday,Jul,0.0369,0.1,46035,231,22.35,high,19:00,PK
4508,2025-07-07 20:00:00,2025,7,7,20,0,Weekday,Jul,0.2441,0.2441,46035,231,54.57,high,20:00,STD
4509,2025-07-07 21:00:00,2025,7,7,21,0,Weekday,Jul,0.4107,0.4107,46035,231,91.81,high,21:00,STD
4510,2025-07-07 22:00:00,2025,7,7,22,0,Weekday,Jul,0.1291,0.1291,46035,231,28.86,high,22:00,OP
4511,2025-07-07 23:00:00,2025,7,7,23,0,Weekday,Jul,0.0986,0.1,46035,231,22.35,high,23:00,OP
4512,2025-07-08 00:00:00,2025,7,8,0,1,Weekday,Jul,0.1105,0.1105,46035,231,24.71,high,00:00,OP
4513,2025-07-08 01:00:00,2025,7,8,1,1,Weekday,Jul,0.1022,0.1022,46035,231,22.85,high,01:00,OP
4514,2025-07-08 02:00:00,2025,7,8,2,1,Weekday,Jul,0.1079,0.1079,46035,231,24.12,high,02:00,OP
4515,2025-07-08 03:00:00,2025,7,8,3,1,Weekday,Jul,0.1285,0.1285,46035,231,28.72,high,03:00,OP
4516,2025-07-08 04:00:00,2025,7,8,4,1,Weekday,Jul,0.1432,0.1432,46035,231,32.01,high,04:00,OP
4517,2025-07-08 05:00:00,2025,7,8,5,1,Weekday,Jul,0.157,0.157,46035,231,35.1,high,05:00,OP
4518,2025-07-08 06:00:00,2025,7,8,6,1,Weekday,Jul,0.289,0.289,46035,231,64.61,high,06:00,PK
4519,2025-07-08 07:00:00,2025,7,8,7,1,Weekday,Jul,0.046,0.1,46035,231,22.35,high,07:00,PK
4520,2025-07-08 08:00:00,2025,7,8,8,1,Weekday,Jul,0.3365,0.3365,46035,231,75.22,high,08:00,STD
4521,2025-07-08 09:00:00,2025,7,8,9,1,Weekday,Jul,0.6077,0.6077,46035,231,135.85,high,09:00,STD
4522,2025-07-08 10:00:00,2025,7,8,10,1,Weekday,Jul,0.5644,0.5644,46035,231,126.17,high,10:00,STD
4523,2025-07-08 11:00:00,2025,7,8,11,1,Weekday,Jul,0.5577,0.5577,46035,231,124.67,high,11:00,STD
4524,2025-07-08 12:00:00,2025,7,8,12,1,Weekday,Jul,0.5319,0.5319,46035,231,118.91,high,12:00,STD
4525,2025-07-08 13:00:00,2025,7,8,13,1,Weekday,Jul,0.5076,0.5076,46035,231,113.48,high,13:00,STD
4526,2025-07-08 14:00:00,2025,7,8,14,1,Weekday,Jul,0.4855,0.4855,46035,231,108.53,high,14:00,STD
4527,2025-07-08 15:00:00,2025,7,8,15,1,Weekday,Jul,0.4967,0.4967,46035,231,111.04,high,15:00,STD
4528,2025-07-08 16:00:00,2025,7,8,16,1,Weekday,Jul,0.5252,0.5252,46035,231,117.41,high,16:00,STD
4529,2025-07-08 17:00:00,2025,7,8,17,1,Weekday,Jul,0.2875,0.2875,46035,231,64.27,high,17:00,PK
4530,2025-07-08 18:00:00,2025,7,8,18,1,Weekday,Jul,0.0394,0.1,46035,231,22.35,high,18:00,PK
4531,2025-07-08 19:00:00,2025,7,8,19,1,Weekday,Jul,0.0369,0.1,46035,231,22.35,high,19:00,PK
4532,2025-07-08 20:00:00,2025,7,8,20,1,Weekday,Jul,0.2441,0.2441,46035,231,54.57,high,20:00,STD
4533,2025-07-08 21:00:00,2025,7,8,21,1,Weekday,Jul,0.4107,0.4107,46035,231,91.81,high,21:00,STD
4534,2025-07-08 22:00:00,2025,7,8,22,1,Weekday,Jul,0.1291,0.1291,46035,231,28.86,high,22:00,OP
4535,2025-07-08 23:00:00,2025,7,8,23,1,Weekday,Jul,0.0986,0.1,46035,231,22.35,high,23:00,OP
4536,2025-07-09 00:00:00,2025,7,9,0,2,Weekday,Jul,0.1105,0.1105,46035,231,24.71,high,00:00,OP
4537,2025-07-09 01:00:00,2025,7,9,1,2,Weekday,Jul,0.1022,0.1022,46035,231,22.85,high,01:00,OP
4538,2025-07-09 02:00:00,2025,7,9,2,2,Weekday,Jul,0.1079,0.1079,46035,231,24.12,high,02:00,OP
4539,2025-07-09 03:00:00,2025,7,9,3,2,Weekday,Jul,0.1285,0.1285,46035,231,28.72,high,03:00,OP
4540,2025-07-09 04:00:00,2025,7,9,4,2,Weekday,Jul,0.1432,0.1432,46035,231,32.01,high,04:00,OP
4541,2025-07-09 05:00:00,2025,7,9,5,2,Weekday,Jul,0.157,0.157,46035,231,35.1,high,05:00,OP
4542,2025-07-09 06:00:00,2025,7,9,6,2,Weekday,Jul,0.289,0.289,46035,231,64.61,high,06:00,PK
4543,2025-07-09 07:00:00,2025,7,9,7,2,Weekday,Jul,0.046,0.1,46035,231,22.35,high,07:00,PK
4544,2025-07-09 08:00:00,2025,7,9,8,2,Weekday,Jul,0.3365,0.3365,46035,231,75.22,high,08:00,STD
4545,2025-07-09 09:00:00,2025,7,9,9,2,Weekday,Jul,0.6077,0.6077,46035,231,135.85,high,09:00,STD
4546,2025-07-09 10:00:00,2025,7,9,10,2,Weekday,Jul,0.5644,0.5644,46035,231,126.17,high,10:00,STD
4547,2025-07-09 11:00:00,2025,7,9,11,2,Weekday,Jul,0.5577,0.5577,46035,231,124.67,high,11:00,STD
4548,2025-07-09 12:00:00,2025,7,9,12,2,Weekday,Jul,0.5319,0.5319,46035,231,118.91,high,12:00,STD
4549,2025-07-09 13:00:00,2025,7,9,13,2,Weekday,Jul,0.5076,0.5076,46035,231,113.48,high,13:00,STD
4550,2025-07-09 14:00:00,2025,7,9,14,2,Weekday,Jul,0.4855,0.4855,46035,231,108.53,high,14:00,STD
4551,2025-07-09 15:00:00,2025,7,9,15,2,Weekday,Jul,0.4967,0.4967,46035,231,111.04,high,15:00,STD
4552,2025-07-09 16:00:00,2025,7,9,16,2,Weekday,Jul,0.5252,0.5252,46035,231,117.41,high,16:00,STD
4553,2025-07-09 17:00:00,2025,7,9,17,2,Weekday,Jul,0.2875,0.2875,46035,231,64.27,high,17:00,PK
4554,2025-07-09 18:00:00,2025,7,9,18,2,Weekday,Jul,0.0394,0.1,46035,231,22.35,high,18:00,PK
4555,2025-07-09 19:00:00,2025,7,9,19,2,Weekday,Jul,0.0369,0.1,46035,231,22.35,high,19:00,PK
4556,2025-07-09 20:00:00,2025,7,9,20,2,Weekday,Jul,0.2441,0.2441,46035,231,54.57,high,20:00,STD
4557,2025-07-09 21:00:00,2025,7,9,21,2,Weekday,Jul,0.4107,0.4107,46035,231,91.81,high,21:00,STD
4558,2025-07-09 22:00:00,2025,7,9,22,2,Weekday,Jul,0.1291,0.1291,46035,231,28.86,high,22:00,OP
4559,2025-07-09 23:00:00,2025,7,9,23,2,Weekday,Jul,0.0986,0.1,46035,231,22.35,high,23:00,OP
4560,2025-07-10 00:00:00,2025,7,10,0,3,Weekday,Jul,0.1105,0.1105,46035,231,24.71,high,00:00,OP
4561,2025-07-10 01:00:00,2025,7,10,1,3,Weekday,Jul,0.1022,0.1022,46035,231,22.85,high,01:00,OP
4562,2025-07-10 02:00:00,2025,7,10,2,3,Weekday,Jul,0.1079,0.1079,46035,231,24.12,high,02:00,OP
4563,2025-07-10 03:00:00,2025,7,10,3,3,Weekday,Jul,0.1285,0.1285,46035,231,28.72,high,03:00,OP
4564,2025-07-10 04:00:00,2025,7,10,4,3,Weekday,Jul,0.1432,0.1432,46035,231,32.01,high,04:00,OP
4565,2025-07-10 05:00:00,2025,7,10,5,3,Weekday,Jul,0.157,0.157,46035,231,35.1,high,05:00,OP
4566,2025-07-10 06:00:00,2025,7,10,6,3,Weekday,Jul,0.289,0.289,46035,231,64.61,high,06:00,PK
4567,2025-07-10 07:00:00,2025,7,10,7,3,Weekday,Jul,0.046,0.1,46035,231,22.35,high,07:00,PK
4568,2025-07-10 08:00:00,2025,7,10,8,3,Weekday,Jul,0.3365,0.3365,46035,231,75.22,high,08:00,STD
4569,2025-07-10 09:00:00,2025,7,10,9,3,Weekday,Jul,0.6077,0.6077,46035,231,135.85,high,09:00,STD
4570,2025-07-10 10:00:00,2025,7,10,10,3,Weekday,Jul,0.5644,0.5644,46035,231,126.17,high,10:00,STD
4571,2025-07-10 11:00:00,2025,7,10,11,3,Weekday,Jul,0.5577,0.5577,46035,231,124.67,high,11:00,STD
4572,2025-07-10 12:00:00,2025,7,10,12,3,Weekday,Jul,0.5319,0.5319,46035,231,118.91,high,12:00,STD
4573,2025-07-10 13:00:00,2025,7,10,13,3,Weekday,Jul,0.5076,0.5076,46035,231,113.48,high,13:00,STD
4574,2025-07-10 14:00:00,2025,7,10,14,3,Weekday,Jul,0.4855,0.4855,46035,231,108.53,high,14:00,STD
4575,2025-07-10 15:00:00,2025,7,10,15,3,Weekday,Jul,0.4967,0.4967,46035,231,111.04,high,15:00,STD
4576,2025-07-10 16:00:00,2025,7,10,16,3,Weekday,Jul,0.5252,0.5252,46035,231,117.41,high,16:00,STD
4577,2025-07-10 17:00:00,2025,7,10,17,3,Weekday,Jul,0.2875,0.2875,46035,231,64.27,high,17:00,PK
4578,2025-07-10 18:00:00,2025,7,10,18,3,Weekday,Jul,0.0394,0.1,46035,231,22.35,high,18:00,PK
4579,2025-07-10 19:00:00,2025,7,10,19,3,Weekday,Jul,0.0369,0.1,46035,231,22.35,high,19:00,PK
4580,2025-07-10 20:00:00,2025,7,10,20,3,Weekday,Jul,0.2441,0.2441,46035,231,54.57,high,20:00,STD
4581,2025-07-10 21:00:00,2025,7,10,21,3,Weekday,Jul,0.4107,0.4107,46035,231,91.81,high,21:00,STD
4582,2025-07-10 22:00:00,2025,7,10,22,3,Weekday,Jul,0.1291,0.1291,46035,231,28.86,high,22:00,OP
4583,2025-07-10 23:00:00,2025,7,10,23,3,Weekday,Jul,0.0986,0.1,46035,231,22.35,high,23:00,OP
4584,2025-07-11 00:00:00,2025,7,11,0,4,Weekday,Jul,0.1105,0.1105,46035,231,24.71,high,00:00,OP
4585,2025-07-11 01:00:00,2025,7,11,1,4,Weekday,Jul,0.1022,0.1022,46035,231,22.85,high,01:00,OP
4586,2025-07-11 02:00:00,2025,7,11,2,4,Weekday,Jul,0.1079,0.1079,46035,231,24.12,high,02:00,OP
4587,2025-07-11 03:00:00,2025,7,11,3,4,Weekday,Jul,0.1285,0.1285,46035,231,28.72,high,03:00,OP
4588,2025-07-11 04:00:00,2025,7,11,4,4,Weekday,Jul,0.1432,0.1432,46035,231,32.01,high,04:00,OP
4589,2025-07-11 05:00:00,2025,7,11,5,4,Weekday,Jul,0.157,0.157,46035,231,35.1,high,05:00,OP
4590,2025-07-11 06:00:00,2025,7,11,6,4,Weekday,Jul,0.289,0.289,46035,231,64.61,high,06:00,PK
4591,2025-07-11 07:00:00,2025,7,11,7,4,Weekday,Jul,0.046,0.1,46035,231,22.35,high,07:00,PK
4592,2025-07-11 08:00:00,2025,7,11,8,4,Weekday,Jul,0.3365,0.3365,46035,231,75.22,high,08:00,STD
4593,2025-07-11 09:00:00,2025,7,11,9,4,Weekday,Jul,0.6077,0.6077,46035,231,135.85,high,09:00,STD
4594,2025-07-11 10:00:00,2025,7,11,10,4,Weekday,Jul,0.5644,0.5644,46035,231,126.17,high,10:00,STD
4595,2025-07-11 11:00:00,2025,7,11,11,4,Weekday,Jul,0.5577,0.5577,46035,231,124.67,high,11:00,STD
4596,2025-07-11 12:00:00,2025,7,11,12,4,Weekday,Jul,0.5319,0.5319,46035,231,118.91,high,12:00,STD
4597,2025-07-11 13:00:00,2025,7,11,13,4,Weekday,Jul,0.5076,0.5076,46035,231,113.48,high,13:00,STD
4598,2025-07-11 14:00:00,2025,7,11,14,4,Weekday,Jul,0.4855,0.4855,46035,231,108.53,high,14:00,STD
4599,2025-07-11 15:00:00,2025,7,11,15,4,Weekday,Jul,0.4967,0.4967,46035,231,111.04,high,15:00,STD
4600,2025-07-11 16:00:00,2025,7,11,16,4,Weekday,Jul,0.5252,0.5252,46035,231,117.41,high,16:00,STD
4601,2025-07-11 17:00:00,2025,7,11,17,4,Weekday,Jul,0.2875,0.2875,46035,231,64.27,high,17:00,PK
4602,2025-07-11 18:00:00,2025,7,11,18,4,Weekday,Jul,0.0394,0.1,46035,231,22.35,high,18:00,PK
4603,2025-07-11 19:00:00,2025,7,11,19,4,Weekday,Jul,0.0369,0.1,46035,231,22.35,high,19:00,PK
4604,2025-07-11 20:00:00,2025,7,11,20,4,Weekday,Jul,0.2441,0.2441,46035,231,54.57,high,20:00,STD
4605,2025-07-11 21:00:00,2025,7,11,21,4,Weekday,Jul,0.4107,0.4107,46035,231,91.81,high,21:00,STD
4606,2025-07-11 22:00:00,2025,7,11,22,4,Weekday,Jul,0.1291,0.1291,46035,231,28.86,high,22:00,OP
4607,2025-07-11 23:00:00,2025,7,11,23,4,Weekday,Jul,0.0986,0.1,46035,231,22.35,high,23:00,OP
4608,2025-07-12 00:00:00,2025,7,12,0,5,Sat,Jul,0.11,0.11,46035,231,24.59,high,00:00,OP
4609,2025-07-12 01:00:00,2025,7,12,1,5,Sat,Jul,0.1034,0.1034,46035,231,23.12,high,01:00,OP
4610,2025-07-12 02:00:00,2025,7,12,2,5,Sat,Jul,0.1073,0.1073,46035,231,23.99,high,02:00,OP
4611,2025-07-12 03:00:00,2025,7,12,3,5,Sat,Jul,0.1261,0.1261,46035,231,28.19,high,03:00,OP
4612,2025-07-12 04:00:00,2025,7,12,4,5,Sat,Jul,0.1426,0.1426,46035,231,31.87,high,04:00,OP
4613,2025-07-12 05:00:00,2025,7,12,5,5,Sat,Jul,0.1505,0.1505,46035,231,33.65,high,05:00,OP
4614,2025-07-12 06:00:00,2025,7,12,6,5,Sat,Jul,0.1655,0.1655,46035,231,37.0,high,06:00,OP
4615,2025-07-12 07:00:00,2025,7,12,7,5,Sat,Jul,0.3932,0.3932,46035,231,87.9,high,07:00,STD
4616,2025-07-12 08:00:00,2025,7,12,8,5,Sat,Jul,0.379,0.379,46035,231,84.73,high,08:00,STD
4617,2025-07-12 09:00:00,2025,7,12,9,5,Sat,Jul,0.3775,0.3775,46035,231,84.38,high,09:00,STD
4618,2025-07-12 10:00:00,2025,7,12,10,5,Sat,Jul,0.3608,0.3608,46035,231,80.65,high,10:00,STD
4619,2025-07-12 11:00:00,2025,7,12,11,5,Sat,Jul,0.3558,0.3558,46035,231,79.54,high,11:00,STD
4620,2025-07-12 12:00:00,2025,7,12,12,5,Sat,Jul,0.1722,0.1722,46035,231,38.5,high,12:00,OP
4621,2025-07-12 13:00:00,2025,7,12,13,5,Sat,Jul,0.1653,0.1653,46035,231,36.95,high,13:00,OP
4622,2025-07-12 14:00:00,2025,7,12,14,5,Sat,Jul,0.1541,0.1541,46035,231,34.45,high,14:00,OP
4623,2025-07-12 15:00:00,2025,7,12,15,5,Sat,Jul,0.1547,0.1547,46035,231,34.59,high,15:00,OP
4624,2025-07-12 16:00:00,2025,7,12,16,5,Sat,Jul,0.1634,0.1634,46035,231,36.53,high,16:00,OP
4625,2025-07-12 17:00:00,2025,7,12,17,5,Sat,Jul,0.3292,0.3292,46035,231,73.59,high,17:00,STD
4626,2025-07-12 18:00:00,2025,7,12,18,5,Sat,Jul,0.521,0.521,46035,231,116.46,high,18:00,STD
4627,2025-07-12 19:00:00,2025,7,12,19,5,Sat,Jul,0.3252,0.3252,46035,231,72.69,high,19:00,OP
4628,2025-07-12 20:00:00,2025,7,12,20,5,Sat,Jul,0.1437,0.1437,46035,231,32.12,high,20:00,OP
4629,2025-07-12 21:00:00,2025,7,12,21,5,Sat,Jul,0.1337,0.1337,46035,231,29.88,high,21:00,OP
4630,2025-07-12 22:00:00,2025,7,12,22,5,Sat,Jul,0.1291,0.1291,46035,231,28.86,high,22:00,OP
4631,2025-07-12 23:00:00,2025,7,12,23,5,Sat,Jul,0.0971,0.1,46035,231,22.35,high,23:00,OP
4632,2025-07-13 00:00:00,2025,7,13,0,6,Sun,Jul,0.11,0.11,46035,231,24.59,high,00:00,OP
4633,2025-07-13 01:00:00,2025,7,13,1,6,Sun,Jul,0.1034,0.1034,46035,231,23.12,high,01:00,OP
4634,2025-07-13 02:00:00,2025,7,13,2,6,Sun,Jul,0.1073,0.1073,46035,231,23.99,high,02:00,OP
4635,2025-07-13 03:00:00,2025,7,13,3,6,Sun,Jul,0.1261,0.1261,46035,231,28.19,high,03:00,OP
4636,2025-07-13 04:00:00,2025,7,13,4,6,Sun,Jul,0.1426,0.1426,46035,231,31.87,high,04:00,OP
4637,2025-07-13 05:00:00,2025,7,13,5,6,Sun,Jul,0.1505,0.1505,46035,231,33.65,high,05:00,OP
4638,2025-07-13 06:00:00,2025,7,13,6,6,Sun,Jul,0.1655,0.1655,46035,231,37.0,high,06:00,OP
4639,2025-07-13 07:00:00,2025,7,13,7,6,Sun,Jul,0.3932,0.3932,46035,231,87.9,high,07:00,OP
4640,2025-07-13 08:00:00,2025,7,13,8,6,Sun,Jul,0.379,0.379,46035,231,84.73,high,08:00,OP
4641,2025-07-13 09:00:00,2025,7,13,9,6,Sun,Jul,0.3775,0.3775,46035,231,84.38,high,09:00,OP
4642,2025-07-13 10:00:00,2025,7,13,10,6,Sun,Jul,0.3608,0.3608,46035,231,80.65,high,10:00,OP
4643,2025-07-13 11:00:00,2025,7,13,11,6,Sun,Jul,0.3558,0.3558,46035,231,79.54,high,11:00,OP
4644,2025-07-13 12:00:00,2025,7,13,12,6,Sun,Jul,0.1722,0.1722,46035,231,38.5,high,12:00,OP
4645,2025-07-13 13:00:00,2025,7,13,13,6,Sun,Jul,0.1653,0.1653,46035,231,36.95,high,13:00,OP
4646,2025-07-13 14:00:00,2025,7,13,14,6,Sun,Jul,0.1541,0.1541,46035,231,34.45,high,14:00,OP
4647,2025-07-13 15:00:00,2025,7,13,15,6,Sun,Jul,0.1547,0.1547,46035,231,34.59,high,15:00,OP
4648,2025-07-13 16:00:00,2025,7,13,16,6,Sun,Jul,0.1634,0.1634,46035,231,36.53,high,16:00,OP
4649,2025-07-13 17:00:00,2025,7,13,17,6,Sun,Jul,0.3292,0.3292,46035,231,73.59,high,17:00,STD
4650,2025-07-13 18:00:00,2025,7,13,18,6,Sun,Jul,0.521,0.521,46035,231,116.46,high,18:00,STD
4651,2025-07-13 19:00:00,2025,7,13,19,6,Sun,Jul,0.3252,0.3252,46035,231,72.69,high,19:00,OP
4652,2025-07-13 20:00:00,2025,7,13,20,6,Sun,Jul,0.1437,0.1437,46035,231,32.12,high,20:00,OP
4653,2025-07-13 21:00:00,2025,7,13,21,6,Sun,Jul,0.1337,0.1337,46035,231,29.88,high,21:00,OP
4654,2025-07-13 22:00:00,2025,7,13,22,6,Sun,Jul,0.1291,0.1291,46035,231,28.86,high,22:00,OP
4655,2025-07-13 23:00:00,2025,7,13,23,6,Sun,Jul,0.0971,0.1,46035,231,22.35,high,23:00,OP
4656,2025-07-14 00:00:00,2025,7,14,0,0,Weekday,Jul,0.1105,0.1105,46035,231,24.71,high,00:00,OP
4657,2025-07-14 01:00:00,2025,7,14,1,0,Weekday,Jul,0.1022,0.1022,46035,231,22.85,high,01:00,OP
4658,2025-07-14 02:00:00,2025,7,14,2,0,Weekday,Jul,0.1079,0.1079,46035,231,24.12,high,02:00,OP
4659,2025-07-14 03:00:00,2025,7,14,3,0,Weekday,Jul,0.1285,0.1285,46035,231,28.72,high,03:00,OP
4660,2025-07-14 04:00:00,2025,7,14,4,0,Weekday,Jul,0.1432,0.1432,46035,231,32.01,high,04:00,OP
4661,2025-07-14 05:00:00,2025,7,14,5,0,Weekday,Jul,0.157,0.157,46035,231,35.1,high,05:00,OP
4662,2025-07-14 06:00:00,2025,7,14,6,0,Weekday,Jul,0.289,0.289,46035,231,64.61,high,06:00,PK
4663,2025-07-14 07:00:00,2025,7,14,7,0,Weekday,Jul,0.046,0.1,46035,231,22.35,high,07:00,PK
4664,2025-07-14 08:00:00,2025,7,14,8,0,Weekday,Jul,0.3365,0.3365,46035,231,75.22,high,08:00,STD
4665,2025-07-14 09:00:00,2025,7,14,9,0,Weekday,Jul,0.6077,0.6077,46035,231,135.85,high,09:00,STD
4666,2025-07-14 10:00:00,2025,7,14,10,0,Weekday,Jul,0.5644,0.5644,46035,231,126.17,high,10:00,STD
4667,2025-07-14 11:00:00,2025,7,14,11,0,Weekday,Jul,0.5577,0.5577,46035,231,124.67,high,11:00,STD
4668,2025-07-14 12:00:00,2025,7,14,12,0,Weekday,Jul,0.5319,0.5319,46035,231,118.91,high,12:00,STD
4669,2025-07-14 13:00:00,2025,7,14,13,0,Weekday,Jul,0.5076,0.5076,46035,231,113.48,high,13:00,STD
4670,2025-07-14 14:00:00,2025,7,14,14,0,Weekday,Jul,0.4855,0.4855,46035,231,108.53,high,14:00,STD
4671,2025-07-14 15:00:00,2025,7,14,15,0,Weekday,Jul,0.4967,0.4967,46035,231,111.04,high,15:00,STD
4672,2025-07-14 16:00:00,2025,7,14,16,0,Weekday,Jul,0.5252,0.5252,46035,231,117.41,high,16:00,STD
4673,2025-07-14 17:00:00,2025,7,14,17,0,Weekday,Jul,0.2875,0.2875,46035,231,64.27,high,17:00,PK
4674,2025-07-14 18:00:00,2025,7,14,18,0,Weekday,Jul,0.0394,0.1,46035,231,22.35,high,18:00,PK
4675,2025-07-14 19:00:00,2025,7,14,19,0,Weekday,Jul,0.0369,0.1,46035,231,22.35,high,19:00,PK
4676,2025-07-14 20:00:00,2025,7,14,20,0,Weekday,Jul,0.2441,0.2441,46035,231,54.57,high,20:00,STD
4677,2025-07-14 21:00:00,2025,7,14,21,0,Weekday,Jul,0.4107,0.4107,46035,231,91.81,high,21:00,STD
4678,2025-07-14 22:00:00,2025,7,14,22,0,Weekday,Jul,0.1291,0.1291,46035,231,28.86,high,22:00,OP
4679,2025-07-14 23:00:00,2025,7,14,23,0,Weekday,Jul,0.0986,0.1,46035,231,22.35,high,23:00,OP
4680,2025-07-15 00:00:00,2025,7,15,0,1,Weekday,Jul,0.1105,0.1105,46035,231,24.71,high,00:00,OP
4681,2025-07-15 01:00:00,2025,7,15,1,1,Weekday,Jul,0.1022,0.1022,46035,231,22.85,high,01:00,OP
4682,2025-07-15 02:00:00,2025,7,15,2,1,Weekday,Jul,0.1079,0.1079,46035,231,24.12,high,02:00,OP
4683,2025-07-15 03:00:00,2025,7,15,3,1,Weekday,Jul,0.1285,0.1285,46035,231,28.72,high,03:00,OP
4684,2025-07-15 04:00:00,2025,7,15,4,1,Weekday,Jul,0.1432,0.1432,46035,231,32.01,high,04:00,OP
4685,2025-07-15 05:00:00,2025,7,15,5,1,Weekday,Jul,0.157,0.157,46035,231,35.1,high,05:00,OP
4686,2025-07-15 06:00:00,2025,7,15,6,1,Weekday,Jul,0.289,0.289,46035,231,64.61,high,06:00,PK
4687,2025-07-15 07:00:00,2025,7,15,7,1,Weekday,Jul,0.046,0.1,46035,231,22.35,high,07:00,PK
4688,2025-07-15 08:00:00,2025,7,15,8,1,Weekday,Jul,0.3365,0.3365,46035,231,75.22,high,08:00,STD
4689,2025-07-15 09:00:00,2025,7,15,9,1,Weekday,Jul,0.6077,0.6077,46035,231,135.85,high,09:00,STD
4690,2025-07-15 10:00:00,2025,7,15,10,1,Weekday,Jul,0.5644,0.5644,46035,231,126.17,high,10:00,STD
4691,2025-07-15 11:00:00,2025,7,15,11,1,Weekday,Jul,0.5577,0.5577,46035,231,124.67,high,11:00,STD
4692,2025-07-15 12:00:00,2025,7,15,12,1,Weekday,Jul,0.5319,0.5319,46035,231,118.91,high,12:00,STD
4693,2025-07-15 13:00:00,2025,7,15,13,1,Weekday,Jul,0.5076,0.5076,46035,231,113.48,high,13:00,STD
4694,2025-07-15 14:00:00,2025,7,15,14,1,Weekday,Jul,0.4855,0.4855,46035,231,108.53,high,14:00,STD
4695,2025-07-15 15:00:00,2025,7,15,15,1,Weekday,Jul,0.4967,0.4967,46035,231,111.04,high,15:00,STD
4696,2025-07-15 16:00:00,2025,7,15,16,1,Weekday,Jul,0.5252,0.5252,46035,231,117.41,high,16:00,STD
4697,2025-07-15 17:00:00,2025,7,15,17,1,Weekday,Jul,0.2875,0.2875,46035,231,64.27,high,17:00,PK
4698,2025-07-15 18:00:00,2025,7,15,18,1,Weekday,Jul,0.0394,0.1,46035,231,22.35,high,18:00,PK
4699,2025-07-15 19:00:00,2025,7,15,19,1,Weekday,Jul,0.0369,0.1,46035,231,22.35,high,19:00,PK
4700,2025-07-15 20:00:00,2025,7,15,20,1,Weekday,Jul,0.2441,0.2441,46035,231,54.57,high,20:00,STD
4701,2025-07-15 21:00:00,2025,7,15,21,1,Weekday,Jul,0.4107,0.4107,46035,231,91.81,high,21:00,STD
4702,2025-07-15 22:00:00,2025,7,15,22,1,Weekday,Jul,0.1291,0.1291,46035,231,28.86,high,22:00,OP
4703,2025-07-15 23:00:00,2025,7,15,23,1,Weekday,Jul,0.0986,0.1,46035,231,22.35,high,23:00,OP
4704,2025-07-16 00:00:00,2025,7,16,0,2,Weekday,Jul,0.1105,0.1105,46035,231,24.71,high,00:00,OP
4705,2025-07-16 01:00:00,2025,7,16,1,2,Weekday,Jul,0.1022,0.1022,46035,231,22.85,high,01:00,OP
4706,2025-07-16 02:00:00,2025,7,16,2,2,Weekday,Jul,0.1079,0.1079,46035,231,24.12,high,02:00,OP
4707,2025-07-16 03:00:00,2025,7,16,3,2,Weekday,Jul,0.1285,0.1285,46035,231,28.72,high,03:00,OP
4708,2025-07-16 04:00:00,2025,7,16,4,2,Weekday,Jul,0.1432,0.1432,46035,231,32.01,high,04:00,OP
4709,2025-07-16 05:00:00,2025,7,16,5,2,Weekday,Jul,0.157,0.157,46035,231,35.1,high,05:00,OP
4710,2025-07-16 06:00:00,2025,7,16,6,2,Weekday,Jul,0.289,0.289,46035,231,64.61,high,06:00,PK
4711,2025-07-16 07:00:00,2025,7,16,7,2,Weekday,Jul,0.046,0.1,46035,231,22.35,high,07:00,PK
4712,2025-07-16 08:00:00,2025,7,16,8,2,Weekday,Jul,0.3365,0.3365,46035,231,75.22,high,08:00,STD
4713,2025-07-16 09:00:00,2025,7,16,9,2,Weekday,Jul,0.6077,0.6077,46035,231,135.85,high,09:00,STD
4714,2025-07-16 10:00:00,2025,7,16,10,2,Weekday,Jul,0.5644,0.5644,46035,231,126.17,high,10:00,STD
4715,2025-07-16 11:00:00,2025,7,16,11,2,Weekday,Jul,0.5577,0.5577,46035,231,124.67,high,11:00,STD
4716,2025-07-16 12:00:00,2025,7,16,12,2,Weekday,Jul,0.5319,0.5319,46035,231,118.91,high,12:00,STD
4717,2025-07-16 13:00:00,2025,7,16,13,2,Weekday,Jul,0.5076,0.5076,46035,231,113.48,high,13:00,STD
4718,2025-07-16 14:00:00,2025,7,16,14,2,Weekday,Jul,0.4855,0.4855,46035,231,108.53,high,14:00,STD
4719,2025-07-16 15:00:00,2025,7,16,15,2,Weekday,Jul,0.4967,0.4967,46035,231,111.04,high,15:00,STD
4720,2025-07-16 16:00:00,2025,7,16,16,2,Weekday,Jul,0.5252,0.5252,46035,231,117.41,high,16:00,STD
4721,2025-07-16 17:00:00,2025,7,16,17,2,Weekday,Jul,0.2875,0.2875,46035,231,64.27,high,17:00,PK
4722,2025-07-16 18:00:00,2025,7,16,18,2,Weekday,Jul,0.0394,0.1,46035,231,22.35,high,18:00,PK
4723,2025-07-16 19:00:00,2025,7,16,19,2,Weekday,Jul,0.0369,0.1,46035,231,22.35,high,19:00,PK
4724,2025-07-16 20:00:00,2025,7,16,20,2,Weekday,Jul,0.2441,0.2441,46035,231,54.57,high,20:00,STD
4725,2025-07-16 21:00:00,2025,7,16,21,2,Weekday,Jul,0.4107,0.4107,46035,231,91.81,high,21:00,STD
4726,2025-07-16 22:00:00,2025,7,16,22,2,Weekday,Jul,0.1291,0.1291,46035,231,28.86,high,22:00,OP
4727,2025-07-16 23:00:00,2025,7,16,23,2,Weekday,Jul,0.0986,0.1,46035,231,22.35,high,23:00,OP
4728,2025-07-17 00:00:00,2025,7,17,0,3,Weekday,Jul,0.1105,0.1105,46035,231,24.71,high,00:00,OP
4729,2025-07-17 01:00:00,2025,7,17,1,3,Weekday,Jul,0.1022,0.1022,46035,231,22.85,high,01:00,OP
4730,2025-07-17 02:00:00,2025,7,17,2,3,Weekday,Jul,0.1079,0.1079,46035,231,24.12,high,02:00,OP
4731,2025-07-17 03:00:00,2025,7,17,3,3,Weekday,Jul,0.1285,0.1285,46035,231,28.72,high,03:00,OP
4732,2025-07-17 04:00:00,2025,7,17,4,3,Weekday,Jul,0.1432,0.1432,46035,231,32.01,high,04:00,OP
4733,2025-07-17 05:00:00,2025,7,17,5,3,Weekday,Jul,0.157,0.157,46035,231,35.1,high,05:00,OP
4734,2025-07-17 06:00:00,2025,7,17,6,3,Weekday,Jul,0.289,0.289,46035,231,64.61,high,06:00,PK
4735,2025-07-17 07:00:00,2025,7,17,7,3,Weekday,Jul,0.046,0.1,46035,231,22.35,high,07:00,PK
4736,2025-07-17 08:00:00,2025,7,17,8,3,Weekday,Jul,0.3365,0.3365,46035,231,75.22,high,08:00,STD
4737,2025-07-17 09:00:00,2025,7,17,9,3,Weekday,Jul,0.6077,0.6077,46035,231,135.85,high,09:00,STD
4738,2025-07-17 10:00:00,2025,7,17,10,3,Weekday,Jul,0.5644,0.5644,46035,231,126.17,high,10:00,STD
4739,2025-07-17 11:00:00,2025,7,17,11,3,Weekday,Jul,0.5577,0.5577,46035,231,124.67,high,11:00,STD
4740,2025-07-17 12:00:00,2025,7,17,12,3,Weekday,Jul,0.5319,0.5319,46035,231,118.91,high,12:00,STD
4741,2025-07-17 13:00:00,2025,7,17,13,3,Weekday,Jul,0.5076,0.5076,46035,231,113.48,high,13:00,STD
4742,2025-07-17 14:00:00,2025,7,17,14,3,Weekday,Jul,0.4855,0.4855,46035,231,108.53,high,14:00,STD
4743,2025-07-17 15:00:00,2025,7,17,15,3,Weekday,Jul,0.4967,0.4967,46035,231,111.04,high,15:00,STD
4744,2025-07-17 16:00:00,2025,7,17,16,3,Weekday,Jul,0.5252,0.5252,46035,231,117.41,high,16:00,STD
4745,2025-07-17 17:00:00,2025,7,17,17,3,Weekday,Jul,0.2875,0.2875,46035,231,64.27,high,17:00,PK
4746,2025-07-17 18:00:00,2025,7,17,18,3,Weekday,Jul,0.0394,0.1,46035,231,22.35,high,18:00,PK
4747,2025-07-17 19:00:00,2025,7,17,19,3,Weekday,Jul,0.0369,0.1,46035,231,22.35,high,19:00,PK
4748,2025-07-17 20:00:00,2025,7,17,20,3,Weekday,Jul,0.2441,0.2441,46035,231,54.57,high,20:00,STD
4749,2025-07-17 21:00:00,2025,7,17,21,3,Weekday,Jul,0.4107,0.4107,46035,231,91.81,high,21:00,STD
4750,2025-07-17 22:00:00,2025,7,17,22,3,Weekday,Jul,0.1291,0.1291,46035,231,28.86,high,22:00,OP
4751,2025-07-17 23:00:00,2025,7,17,23,3,Weekday,Jul,0.0986,0.1,46035,231,22.35,high,23:00,OP
4752,2025-07-18 00:00:00,2025,7,18,0,4,Weekday,Jul,0.1105,0.1105,46035,231,24.71,high,00:00,OP
4753,2025-07-18 01:00:00,2025,7,18,1,4,Weekday,Jul,0.1022,0.1022,46035,231,22.85,high,01:00,OP
4754,2025-07-18 02:00:00,2025,7,18,2,4,Weekday,Jul,0.1079,0.1079,46035,231,24.12,high,02:00,OP
4755,2025-07-18 03:00:00,2025,7,18,3,4,Weekday,Jul,0.1285,0.1285,46035,231,28.72,high,03:00,OP
4756,2025-07-18 04:00:00,2025,7,18,4,4,Weekday,Jul,0.1432,0.1432,46035,231,32.01,high,04:00,OP
4757,2025-07-18 05:00:00,2025,7,18,5,4,Weekday,Jul,0.157,0.157,46035,231,35.1,high,05:00,OP
4758,2025-07-18 06:00:00,2025,7,18,6,4,Weekday,Jul,0.289,0.289,46035,231,64.61,high,06:00,PK
4759,2025-07-18 07:00:00,2025,7,18,7,4,Weekday,Jul,0.046,0.1,46035,231,22.35,high,07:00,PK
4760,2025-07-18 08:00:00,2025,7,18,8,4,Weekday,Jul,0.3365,0.3365,46035,231,75.22,high,08:00,STD
4761,2025-07-18 09:00:00,2025,7,18,9,4,Weekday,Jul,0.6077,0.6077,46035,231,135.85,high,09:00,STD
4762,2025-07-18 10:00:00,2025,7,18,10,4,Weekday,Jul,0.5644,0.5644,46035,231,126.17,high,10:00,STD
4763,2025-07-18 11:00:00,2025,7,18,11,4,Weekday,Jul,0.5577,0.5577,46035,231,124.67,high,11:00,STD
4764,2025-07-18 12:00:00,2025,7,18,12,4,Weekday,Jul,0.5319,0.5319,46035,231,118.91,high,12:00,STD
4765,2025-07-18 13:00:00,2025,7,18,13,4,Weekday,Jul,0.5076,0.5076,46035,231,113.48,high,13:00,STD
4766,2025-07-18 14:00:00,2025,7,18,14,4,Weekday,Jul,0.4855,0.4855,46035,231,108.53,high,14:00,STD
4767,2025-07-18 15:00:00,2025,7,18,15,4,Weekday,Jul,0.4967,0.4967,46035,231,111.04,high,15:00,STD
4768,2025-07-18 16:00:00,2025,7,18,16,4,Weekday,Jul,0.5252,0.5252,46035,231,117.41,high,16:00,STD
4769,2025-07-18 17:00:00,2025,7,18,17,4,Weekday,Jul,0.2875,0.2875,46035,231,64.27,high,17:00,PK
4770,2025-07-18 18:00:00,2025,7,18,18,4,Weekday,Jul,0.0394,0.1,46035,231,22.35,high,18:00,PK
4771,2025-07-18 19:00:00,2025,7,18,19,4,Weekday,Jul,0.0369,0.1,46035,231,22.35,high,19:00,PK
4772,2025-07-18 20:00:00,2025,7,18,20,4,Weekday,Jul,0.2441,0.2441,46035,231,54.57,high,20:00,STD
4773,2025-07-18 21:00:00,2025,7,18,21,4,Weekday,Jul,0.4107,0.4107,46035,231,91.81,high,21:00,STD
4774,2025-07-18 22:00:00,2025,7,18,22,4,Weekday,Jul,0.1291,0.1291,46035,231,28.86,high,22:00,OP
4775,2025-07-18 23:00:00,2025,7,18,23,4,Weekday,Jul,0.0986,0.1,46035,231,22.35,high,23:00,OP
4776,2025-07-19 00:00:00,2025,7,19,0,5,Sat,Jul,0.11,0.11,46035,231,24.59,high,00:00,OP
4777,2025-07-19 01:00:00,2025,7,19,1,5,Sat,Jul,0.1034,0.1034,46035,231,23.12,high,01:00,OP
4778,2025-07-19 02:00:00,2025,7,19,2,5,Sat,Jul,0.1073,0.1073,46035,231,23.99,high,02:00,OP
4779,2025-07-19 03:00:00,2025,7,19,3,5,Sat,Jul,0.1261,0.1261,46035,231,28.19,high,03:00,OP
4780,2025-07-19 04:00:00,2025,7,19,4,5,Sat,Jul,0.1426,0.1426,46035,231,31.87,high,04:00,OP
4781,2025-07-19 05:00:00,2025,7,19,5,5,Sat,Jul,0.1505,0.1505,46035,231,33.65,high,05:00,OP
4782,2025-07-19 06:00:00,2025,7,19,6,5,Sat,Jul,0.1655,0.1655,46035,231,37.0,high,06:00,OP
4783,2025-07-19 07:00:00,2025,7,19,7,5,Sat,Jul,0.3932,0.3932,46035,231,87.9,high,07:00,STD
4784,2025-07-19 08:00:00,2025,7,19,8,5,Sat,Jul,0.379,0.379,46035,231,84.73,high,08:00,STD
4785,2025-07-19 09:00:00,2025,7,19,9,5,Sat,Jul,0.3775,0.3775,46035,231,84.38,high,09:00,STD
4786,2025-07-19 10:00:00,2025,7,19,10,5,Sat,Jul,0.3608,0.3608,46035,231,80.65,high,10:00,STD
4787,2025-07-19 11:00:00,2025,7,19,11,5,Sat,Jul,0.3558,0.3558,46035,231,79.54,high,11:00,STD
4788,2025-07-19 12:00:00,2025,7,19,12,5,Sat,Jul,0.1722,0.1722,46035,231,38.5,high,12:00,OP
4789,2025-07-19 13:00:00,2025,7,19,13,5,Sat,Jul,0.1653,0.1653,46035,231,36.95,high,13:00,OP
4790,2025-07-19 14:00:00,2025,7,19,14,5,Sat,Jul,0.1541,0.1541,46035,231,34.45,high,14:00,OP
4791,2025-07-19 15:00:00,2025,7,19,15,5,Sat,Jul,0.1547,0.1547,46035,231,34.59,high,15:00,OP
4792,2025-07-19 16:00:00,2025,7,19,16,5,Sat,Jul,0.1634,0.1634,46035,231,36.53,high,16:00,OP
4793,2025-07-19 17:00:00,2025,7,19,17,5,Sat,Jul,0.3292,0.3292,46035,231,73.59,high,17:00,STD
4794,2025-07-19 18:00:00,2025,7,19,18,5,Sat,Jul,0.521,0.521,46035,231,116.46,high,18:00,STD
4795,2025-07-19 19:00:00,2025,7,19,19,5,Sat,Jul,0.3252,0.3252,46035,231,72.69,high,19:00,OP
4796,2025-07-19 20:00:00,2025,7,19,20,5,Sat,Jul,0.1437,0.1437,46035,231,32.12,high,20:00,OP
4797,2025-07-19 21:00:00,2025,7,19,21,5,Sat,Jul,0.1337,0.1337,46035,231,29.88,high,21:00,OP
4798,2025-07-19 22:00:00,2025,7,19,22,5,Sat,Jul,0.1291,0.1291,46035,231,28.86,high,22:00,OP
4799,2025-07-19 23:00:00,2025,7,19,23,5,Sat,Jul,0.0971,0.1,46035,231,22.35,high,23:00,OP
4800,2025-07-20 00:00:00,2025,7,20,0,6,Sun,Jul,0.11,0.11,46035,231,24.59,high,00:00,OP
4801,2025-07-20 01:00:00,2025,7,20,1,6,Sun,Jul,0.1034,0.1034,46035,231,23.12,high,01:00,OP
4802,2025-07-20 02:00:00,2025,7,20,2,6,Sun,Jul,0.1073,0.1073,46035,231,23.99,high,02:00,OP
4803,2025-07-20 03:00:00,2025,7,20,3,6,Sun,Jul,0.1261,0.1261,46035,231,28.19,high,03:00,OP
4804,2025-07-20 04:00:00,2025,7,20,4,6,Sun,Jul,0.1426,0.1426,46035,231,31.87,high,04:00,OP
4805,2025-07-20 05:00:00,2025,7,20,5,6,Sun,Jul,0.1505,0.1505,46035,231,33.65,high,05:00,OP
4806,2025-07-20 06:00:00,2025,7,20,6,6,Sun,Jul,0.1655,0.1655,46035,231,37.0,high,06:00,OP
4807,2025-07-20 07:00:00,2025,7,20,7,6,Sun,Jul,0.3932,0.3932,46035,231,87.9,high,07:00,OP
4808,2025-07-20 08:00:00,2025,7,20,8,6,Sun,Jul,0.379,0.379,46035,231,84.73,high,08:00,OP
4809,2025-07-20 09:00:00,2025,7,20,9,6,Sun,Jul,0.3775,0.3775,46035,231,84.38,high,09:00,OP
4810,2025-07-20 10:00:00,2025,7,20,10,6,Sun,Jul,0.3608,0.3608,46035,231,80.65,high,10:00,OP
4811,2025-07-20 11:00:00,2025,7,20,11,6,Sun,Jul,0.3558,0.3558,46035,231,79.54,high,11:00,OP
4812,2025-07-20 12:00:00,2025,7,20,12,6,Sun,Jul,0.1722,0.1722,46035,231,38.5,high,12:00,OP
4813,2025-07-20 13:00:00,2025,7,20,13,6,Sun,Jul,0.1653,0.1653,46035,231,36.95,high,13:00,OP
4814,2025-07-20 14:00:00,2025,7,20,14,6,Sun,Jul,0.1541,0.1541,46035,231,34.45,high,14:00,OP
4815,2025-07-20 15:00:00,2025,7,20,15,6,Sun,Jul,0.1547,0.1547,46035,231,34.59,high,15:00,OP
4816,2025-07-20 16:00:00,2025,7,20,16,6,Sun,Jul,0.1634,0.1634,46035,231,36.53,high,16:00,OP
4817,2025-07-20 17:00:00,2025,7,20,17,6,Sun,Jul,0.3292,0.3292,46035,231,73.59,high,17:00,STD
4818,2025-07-20 18:00:00,2025,7,20,18,6,Sun,Jul,0.521,0.521,46035,231,116.46,high,18:00,STD
4819,2025-07-20 19:00:00,2025,7,20,19,6,Sun,Jul,0.3252,0.3252,46035,231,72.69,high,19:00,OP
4820,2025-07-20 20:00:00,2025,7,20,20,6,Sun,Jul,0.1437,0.1437,46035,231,32.12,high,20:00,OP
4821,2025-07-20 21:00:00,2025,7,20,21,6,Sun,Jul,0.1337,0.1337,46035,231,29.88,high,21:00,OP
4822,2025-07-20 22:00:00,2025,7,20,22,6,Sun,Jul,0.1291,0.1291,46035,231,28.86,high,22:00,OP
4823,2025-07-20 23:00:00,2025,7,20,23,6,Sun,Jul,0.0971,0.1,46035,231,22.35,high,23:00,OP
4824,2025-07-21 00:00:00,2025,7,21,0,0,Weekday,Jul,0.1105,0.1105,46035,231,24.71,high,00:00,OP
4825,2025-07-21 01:00:00,2025,7,21,1,0,Weekday,Jul,0.1022,0.1022,46035,231,22.85,high,01:00,OP
4826,2025-07-21 02:00:00,2025,7,21,2,0,Weekday,Jul,0.1079,0.1079,46035,231,24.12,high,02:00,OP
4827,2025-07-21 03:00:00,2025,7,21,3,0,Weekday,Jul,0.1285,0.1285,46035,231,28.72,high,03:00,OP
4828,2025-07-21 04:00:00,2025,7,21,4,0,Weekday,Jul,0.1432,0.1432,46035,231,32.01,high,04:00,OP
4829,2025-07-21 05:00:00,2025,7,21,5,0,Weekday,Jul,0.157,0.157,46035,231,35.1,high,05:00,OP
4830,2025-07-21 06:00:00,2025,7,21,6,0,Weekday,Jul,0.289,0.289,46035,231,64.61,high,06:00,PK
4831,2025-07-21 07:00:00,2025,7,21,7,0,Weekday,Jul,0.046,0.1,46035,231,22.35,high,07:00,PK
4832,2025-07-21 08:00:00,2025,7,21,8,0,Weekday,Jul,0.3365,0.3365,46035,231,75.22,high,08:00,STD
4833,2025-07-21 09:00:00,2025,7,21,9,0,Weekday,Jul,0.6077,0.6077,46035,231,135.85,high,09:00,STD
4834,2025-07-21 10:00:00,2025,7,21,10,0,Weekday,Jul,0.5644,0.5644,46035,231,126.17,high,10:00,STD
4835,2025-07-21 11:00:00,2025,7,21,11,0,Weekday,Jul,0.5577,0.5577,46035,231,124.67,high,11:00,STD
4836,2025-07-21 12:00:00,2025,7,21,12,0,Weekday,Jul,0.5319,0.5319,46035,231,118.91,high,12:00,STD
4837,2025-07-21 13:00:00,2025,7,21,13,0,Weekday,Jul,0.5076,0.5076,46035,231,113.48,high,13:00,STD
4838,2025-07-21 14:00:00,2025,7,21,14,0,Weekday,Jul,0.4855,0.4855,46035,231,108.53,high,14:00,STD
4839,2025-07-21 15:00:00,2025,7,21,15,0,Weekday,Jul,0.4967,0.4967,46035,231,111.04,high,15:00,STD
4840,2025-07-21 16:00:00,2025,7,21,16,0,Weekday,Jul,0.5252,0.5252,46035,231,117.41,high,16:00,STD
4841,2025-07-21 17:00:00,2025,7,21,17,0,Weekday,Jul,0.2875,0.2875,46035,231,64.27,high,17:00,PK
4842,2025-07-21 18:00:00,2025,7,21,18,0,Weekday,Jul,0.0394,0.1,46035,231,22.35,high,18:00,PK
4843,2025-07-21 19:00:00,2025,7,21,19,0,Weekday,Jul,0.0369,0.1,46035,231,22.35,high,19:00,PK
4844,2025-07-21 20:00:00,2025,7,21,20,0,Weekday,Jul,0.2441,0.2441,46035,231,54.57,high,20:00,STD
4845,2025-07-21 21:00:00,2025,7,21,21,0,Weekday,Jul,0.4107,0.4107,46035,231,91.81,high,21:00,STD
4846,2025-07-21 22:00:00,2025,7,21,22,0,Weekday,Jul,0.1291,0.1291,46035,231,28.86,high,22:00,OP
4847,2025-07-21 23:00:00,2025,7,21,23,0,Weekday,Jul,0.0986,0.1,46035,231,22.35,high,23:00,OP
4848,2025-07-22 00:00:00,2025,7,22,0,1,Weekday,Jul,0.1105,0.1105,46035,231,24.71,high,00:00,OP
4849,2025-07-22 01:00:00,2025,7,22,1,1,Weekday,Jul,0.1022,0.1022,46035,231,22.85,high,01:00,OP
4850,2025-07-22 02:00:00,2025,7,22,2,1,Weekday,Jul,0.1079,0.1079,46035,231,24.12,high,02:00,OP
4851,2025-07-22 03:00:00,2025,7,22,3,1,Weekday,Jul,0.1285,0.1285,46035,231,28.72,high,03:00,OP
4852,2025-07-22 04:00:00,2025,7,22,4,1,Weekday,Jul,0.1432,0.1432,46035,231,32.01,high,04:00,OP
4853,2025-07-22 05:00:00,2025,7,22,5,1,Weekday,Jul,0.157,0.157,46035,231,35.1,high,05:00,OP
4854,2025-07-22 06:00:00,2025,7,22,6,1,Weekday,Jul,0.289,0.289,46035,231,64.61,high,06:00,PK
4855,2025-07-22 07:00:00,2025,7,22,7,1,Weekday,Jul,0.046,0.1,46035,231,22.35,high,07:00,PK
4856,2025-07-22 08:00:00,2025,7,22,8,1,Weekday,Jul,0.3365,0.3365,46035,231,75.22,high,08:00,STD
4857,2025-07-22 09:00:00,2025,7,22,9,1,Weekday,Jul,0.6077,0.6077,46035,231,135.85,high,09:00,STD
4858,2025-07-22 10:00:00,2025,7,22,10,1,Weekday,Jul,0.5644,0.5644,46035,231,126.17,high,10:00,STD
4859,2025-07-22 11:00:00,2025,7,22,11,1,Weekday,Jul,0.5577,0.5577,46035,231,124.67,high,11:00,STD
4860,2025-07-22 12:00:00,2025,7,22,12,1,Weekday,Jul,0.5319,0.5319,46035,231,118.91,high,12:00,STD
4861,2025-07-22 13:00:00,2025,7,22,13,1,Weekday,Jul,0.5076,0.5076,46035,231,113.48,high,13:00,STD
4862,2025-07-22 14:00:00,2025,7,22,14,1,Weekday,Jul,0.4855,0.4855,46035,231,108.53,high,14:00,STD
4863,2025-07-22 15:00:00,2025,7,22,15,1,Weekday,Jul,0.4967,0.4967,46035,231,111.04,high,15:00,STD
4864,2025-07-22 16:00:00,2025,7,22,16,1,Weekday,Jul,0.5252,0.5252,46035,231,117.41,high,16:00,STD
4865,2025-07-22 17:00:00,2025,7,22,17,1,Weekday,Jul,0.2875,0.2875,46035,231,64.27,high,17:00,PK
4866,2025-07-22 18:00:00,2025,7,22,18,1,Weekday,Jul,0.0394,0.1,46035,231,22.35,high,18:00,PK
4867,2025-07-22 19:00:00,2025,7,22,19,1,Weekday,Jul,0.0369,0.1,46035,231,22.35,high,19:00,PK
4868,2025-07-22 20:00:00,2025,7,22,20,1,Weekday,Jul,0.2441,0.2441,46035,231,54.57,high,20:00,STD
4869,2025-07-22 21:00:00,2025,7,22,21,1,Weekday,Jul,0.4107,0.4107,46035,231,91.81,high,21:00,STD
4870,2025-07-22 22:00:00,2025,7,22,22,1,Weekday,Jul,0.1291,0.1291,46035,231,28.86,high,22:00,OP
4871,2025-07-22 23:00:00,2025,7,22,23,1,Weekday,Jul,0.0986,0.1,46035,231,22.35,high,23:00,OP
4872,2025-07-23 00:00:00,2025,7,23,0,2,Weekday,Jul,0.1105,0.1105,46035,231,24.71,high,00:00,OP
4873,2025-07-23 01:00:00,2025,7,23,1,2,Weekday,Jul,0.1022,0.1022,46035,231,22.85,high,01:00,OP
4874,2025-07-23 02:00:00,2025,7,23,2,2,Weekday,Jul,0.1079,0.1079,46035,231,24.12,high,02:00,OP
4875,2025-07-23 03:00:00,2025,7,23,3,2,Weekday,Jul,0.1285,0.1285,46035,231,28.72,high,03:00,OP
4876,2025-07-23 04:00:00,2025,7,23,4,2,Weekday,Jul,0.1432,0.1432,46035,231,32.01,high,04:00,OP
4877,2025-07-23 05:00:00,2025,7,23,5,2,Weekday,Jul,0.157,0.157,46035,231,35.1,high,05:00,OP
4878,2025-07-23 06:00:00,2025,7,23,6,2,Weekday,Jul,0.289,0.289,46035,231,64.61,high,06:00,PK
4879,2025-07-23 07:00:00,2025,7,23,7,2,Weekday,Jul,0.046,0.1,46035,231,22.35,high,07:00,PK
4880,2025-07-23 08:00:00,2025,7,23,8,2,Weekday,Jul,0.3365,0.3365,46035,231,75.22,high,08:00,STD
4881,2025-07-23 09:00:00,2025,7,23,9,2,Weekday,Jul,0.6077,0.6077,46035,231,135.85,high,09:00,STD
4882,2025-07-23 10:00:00,2025,7,23,10,2,Weekday,Jul,0.5644,0.5644,46035,231,126.17,high,10:00,STD
4883,2025-07-23 11:00:00,2025,7,23,11,2,Weekday,Jul,0.5577,0.5577,46035,231,124.67,high,11:00,STD
4884,2025-07-23 12:00:00,2025,7,23,12,2,Weekday,Jul,0.5319,0.5319,46035,231,118.91,high,12:00,STD
4885,2025-07-23 13:00:00,2025,7,23,13,2,Weekday,Jul,0.5076,0.5076,46035,231,113.48,high,13:00,STD
4886,2025-07-23 14:00:00,2025,7,23,14,2,Weekday,Jul,0.4855,0.4855,46035,231,108.53,high,14:00,STD
4887,2025-07-23 15:00:00,2025,7,23,15,2,Weekday,Jul,0.4967,0.4967,46035,231,111.04,high,15:00,STD
4888,2025-07-23 16:00:00,2025,7,23,16,2,Weekday,Jul,0.5252,0.5252,46035,231,117.41,high,16:00,STD
4889,2025-07-23 17:00:00,2025,7,23,17,2,Weekday,Jul,0.2875,0.2875,46035,231,64.27,high,17:00,PK
4890,2025-07-23 18:00:00,2025,7,23,18,2,Weekday,Jul,0.0394,0.1,46035,231,22.35,high,18:00,PK
4891,2025-07-23 19:00:00,2025,7,23,19,2,Weekday,Jul,0.0369,0.1,46035,231,22.35,high,19:00,PK
4892,2025-07-23 20:00:00,2025,7,23,20,2,Weekday,Jul,0.2441,0.2441,46035,231,54.57,high,20:00,STD
4893,2025-07-23 21:00:00,2025,7,23,21,2,Weekday,Jul,0.4107,0.4107,46035,231,91.81,high,21:00,STD
4894,2025-07-23 22:00:00,2025,7,23,22,2,Weekday,Jul,0.1291,0.1291,46035,231,28.86,high,22:00,OP
4895,2025-07-23 23:00:00,2025,7,23,23,2,Weekday,Jul,0.0986,0.1,46035,231,22.35,high,23:00,OP
4896,2025-07-24 00:00:00,2025,7,24,0,3,Weekday,Jul,0.1105,0.1105,46035,231,24.71,high,00:00,OP
4897,2025-07-24 01:00:00,2025,7,24,1,3,Weekday,Jul,0.1022,0.1022,46035,231,22.85,high,01:00,OP
4898,2025-07-24 02:00:00,2025,7,24,2,3,Weekday,Jul,0.1079,0.1079,46035,231,24.12,high,02:00,OP
4899,2025-07-24 03:00:00,2025,7,24,3,3,Weekday,Jul,0.1285,0.1285,46035,231,28.72,high,03:00,OP
4900,2025-07-24 04:00:00,2025,7,24,4,3,Weekday,Jul,0.1432,0.1432,46035,231,32.01,high,04:00,OP
4901,2025-07-24 05:00:00,2025,7,24,5,3,Weekday,Jul,0.157,0.157,46035,231,35.1,high,05:00,OP
4902,2025-07-24 06:00:00,2025,7,24,6,3,Weekday,Jul,0.289,0.289,46035,231,64.61,high,06:00,PK
4903,2025-07-24 07:00:00,2025,7,24,7,3,Weekday,Jul,0.046,0.1,46035,231,22.35,high,07:00,PK
4904,2025-07-24 08:00:00,2025,7,24,8,3,Weekday,Jul,0.3365,0.3365,46035,231,75.22,high,08:00,STD
4905,2025-07-24 09:00:00,2025,7,24,9,3,Weekday,Jul,0.6077,0.6077,46035,231,135.85,high,09:00,STD
4906,2025-07-24 10:00:00,2025,7,24,10,3,Weekday,Jul,0.5644,0.5644,46035,231,126.17,high,10:00,STD
4907,2025-07-24 11:00:00,2025,7,24,11,3,Weekday,Jul,0.5577,0.5577,46035,231,124.67,high,11:00,STD
4908,2025-07-24 12:00:00,2025,7,24,12,3,Weekday,Jul,0.5319,0.5319,46035,231,118.91,high,12:00,STD
4909,2025-07-24 13:00:00,2025,7,24,13,3,Weekday,Jul,0.5076,0.5076,46035,231,113.48,high,13:00,STD
4910,2025-07-24 14:00:00,2025,7,24,14,3,Weekday,Jul,0.4855,0.4855,46035,231,108.53,high,14:00,STD
4911,2025-07-24 15:00:00,2025,7,24,15,3,Weekday,Jul,0.4967,0.4967,46035,231,111.04,high,15:00,STD
4912,2025-07-24 16:00:00,2025,7,24,16,3,Weekday,Jul,0.5252,0.5252,46035,231,117.41,high,16:00,STD
4913,2025-07-24 17:00:00,2025,7,24,17,3,Weekday,Jul,0.2875,0.2875,46035,231,64.27,high,17:00,PK
4914,2025-07-24 18:00:00,2025,7,24,18,3,Weekday,Jul,0.0394,0.1,46035,231,22.35,high,18:00,PK
4915,2025-07-24 19:00:00,2025,7,24,19,3,Weekday,Jul,0.0369,0.1,46035,231,22.35,high,19:00,PK
4916,2025-07-24 20:00:00,2025,7,24,20,3,Weekday,Jul,0.2441,0.2441,46035,231,54.57,high,20:00,STD
4917,2025-07-24 21:00:00,2025,7,24,21,3,Weekday,Jul,0.4107,0.4107,46035,231,91.81,high,21:00,STD
4918,2025-07-24 22:00:00,2025,7,24,22,3,Weekday,Jul,0.1291,0.1291,46035,231,28.86,high,22:00,OP
4919,2025-07-24 23:00:00,2025,7,24,23,3,Weekday,Jul,0.0986,0.1,46035,231,22.35,high,23:00,OP
4920,2025-07-25 00:00:00,2025,7,25,0,4,Weekday,Jul,0.1105,0.1105,46035,231,24.71,high,00:00,OP
4921,2025-07-25 01:00:00,2025,7,25,1,4,Weekday,Jul,0.1022,0.1022,46035,231,22.85,high,01:00,OP
4922,2025-07-25 02:00:00,2025,7,25,2,4,Weekday,Jul,0.1079,0.1079,46035,231,24.12,high,02:00,OP
4923,2025-07-25 03:00:00,2025,7,25,3,4,Weekday,Jul,0.1285,0.1285,46035,231,28.72,high,03:00,OP
4924,2025-07-25 04:00:00,2025,7,25,4,4,Weekday,Jul,0.1432,0.1432,46035,231,32.01,high,04:00,OP
4925,2025-07-25 05:00:00,2025,7,25,5,4,Weekday,Jul,0.157,0.157,46035,231,35.1,high,05:00,OP
4926,2025-07-25 06:00:00,2025,7,25,6,4,Weekday,Jul,0.289,0.289,46035,231,64.61,high,06:00,PK
4927,2025-07-25 07:00:00,2025,7,25,7,4,Weekday,Jul,0.046,0.1,46035,231,22.35,high,07:00,PK
4928,2025-07-25 08:00:00,2025,7,25,8,4,Weekday,Jul,0.3365,0.3365,46035,231,75.22,high,08:00,STD
4929,2025-07-25 09:00:00,2025,7,25,9,4,Weekday,Jul,0.6077,0.6077,46035,231,135.85,high,09:00,STD
4930,2025-07-25 10:00:00,2025,7,25,10,4,Weekday,Jul,0.5644,0.5644,46035,231,126.17,high,10:00,STD
4931,2025-07-25 11:00:00,2025,7,25,11,4,Weekday,Jul,0.5577,0.5577,46035,231,124.67,high,11:00,STD
4932,2025-07-25 12:00:00,2025,7,25,12,4,Weekday,Jul,0.5319,0.5319,46035,231,118.91,high,12:00,STD
4933,2025-07-25 13:00:00,2025,7,25,13,4,Weekday,Jul,0.5076,0.5076,46035,231,113.48,high,13:00,STD
4934,2025-07-25 14:00:00,2025,7,25,14,4,Weekday,Jul,0.4855,0.4855,46035,231,108.53,high,14:00,STD
4935,2025-07-25 15:00:00,2025,7,25,15,4,Weekday,Jul,0.4967,0.4967,46035,231,111.04,high,15:00,STD
4936,2025-07-25 16:00:00,2025,7,25,16,4,Weekday,Jul,0.5252,0.5252,46035,231,117.41,high,16:00,STD
4937,2025-07-25 17:00:00,2025,7,25,17,4,Weekday,Jul,0.2875,0.2875,46035,231,64.27,high,17:00,PK
4938,2025-07-25 18:00:00,2025,7,25,18,4,Weekday,Jul,0.0394,0.1,46035,231,22.35,high,18:00,PK
4939,2025-07-25 19:00:00,2025,7,25,19,4,Weekday,Jul,0.0369,0.1,46035,231,22.35,high,19:00,PK
4940,2025-07-25 20:00:00,2025,7,25,20,4,Weekday,Jul,0.2441,0.2441,46035,231,54.57,high,20:00,STD
4941,2025-07-25 21:00:00,2025,7,25,21,4,Weekday,Jul,0.4107,0.4107,46035,231,91.81,high,21:00,STD
4942,2025-07-25 22:00:00,2025,7,25,22,4,Weekday,Jul,0.1291,0.1291,46035,231,28.86,high,22:00,OP
4943,2025-07-25 23:00:00,2025,7,25,23,4,Weekday,Jul,0.0986,0.1,46035,231,22.35,high,23:00,OP
4944,2025-07-26 00:00:00,2025,7,26,0,5,Sat,Jul,0.11,0.11,46035,231,24.59,high,00:00,OP
4945,2025-07-26 01:00:00,2025,7,26,1,5,Sat,Jul,0.1034,0.1034,46035,231,23.12,high,01:00,OP
4946,2025-07-26 02:00:00,2025,7,26,2,5,Sat,Jul,0.1073,0.1073,46035,231,23.99,high,02:00,OP
4947,2025-07-26 03:00:00,2025,7,26,3,5,Sat,Jul,0.1261,0.1261,46035,231,28.19,high,03:00,OP
4948,2025-07-26 04:00:00,2025,7,26,4,5,Sat,Jul,0.1426,0.1426,46035,231,31.87,high,04:00,OP
4949,2025-07-26 05:00:00,2025,7,26,5,5,Sat,Jul,0.1505,0.1505,46035,231,33.65,high,05:00,OP
4950,2025-07-26 06:00:00,2025,7,26,6,5,Sat,Jul,0.1655,0.1655,46035,231,37.0,high,06:00,OP
4951,2025-07-26 07:00:00,2025,7,26,7,5,Sat,Jul,0.3932,0.3932,46035,231,87.9,high,07:00,STD
4952,2025-07-26 08:00:00,2025,7,26,8,5,Sat,Jul,0.379,0.379,46035,231,84.73,high,08:00,STD
4953,2025-07-26 09:00:00,2025,7,26,9,5,Sat,Jul,0.3775,0.3775,46035,231,84.38,high,09:00,STD
4954,2025-07-26 10:00:00,2025,7,26,10,5,Sat,Jul,0.3608,0.3608,46035,231,80.65,high,10:00,STD
4955,2025-07-26 11:00:00,2025,7,26,11,5,Sat,Jul,0.3558,0.3558,46035,231,79.54,high,11:00,STD
4956,2025-07-26 12:00:00,2025,7,26,12,5,Sat,Jul,0.1722,0.1722,46035,231,38.5,high,12:00,OP
4957,2025-07-26 13:00:00,2025,7,26,13,5,Sat,Jul,0.1653,0.1653,46035,231,36.95,high,13:00,OP
4958,2025-07-26 14:00:00,2025,7,26,14,5,Sat,Jul,0.1541,0.1541,46035,231,34.45,high,14:00,OP
4959,2025-07-26 15:00:00,2025,7,26,15,5,Sat,Jul,0.1547,0.1547,46035,231,34.59,high,15:00,OP
4960,2025-07-26 16:00:00,2025,7,26,16,5,Sat,Jul,0.1634,0.1634,46035,231,36.53,high,16:00,OP
4961,2025-07-26 17:00:00,2025,7,26,17,5,Sat,Jul,0.3292,0.3292,46035,231,73.59,high,17:00,STD
4962,2025-07-26 18:00:00,2025,7,26,18,5,Sat,Jul,0.521,0.521,46035,231,116.46,high,18:00,STD
4963,2025-07-26 19:00:00,2025,7,26,19,5,Sat,Jul,0.3252,0.3252,46035,231,72.69,high,19:00,OP
4964,2025-07-26 20:00:00,2025,7,26,20,5,Sat,Jul,0.1437,0.1437,46035,231,32.12,high,20:00,OP
4965,2025-07-26 21:00:00,2025,7,26,21,5,Sat,Jul,0.1337,0.1337,46035,231,29.88,high,21:00,OP
4966,2025-07-26 22:00:00,2025,7,26,22,5,Sat,Jul,0.1291,0.1291,46035,231,28.86,high,22:00,OP
4967,2025-07-26 23:00:00,2025,7,26,23,5,Sat,Jul,0.0971,0.1,46035,231,22.35,high,23:00,OP
4968,2025-07-27 00:00:00,2025,7,27,0,6,Sun,Jul,0.11,0.11,46035,231,24.59,high,00:00,OP
4969,2025-07-27 01:00:00,2025,7,27,1,6,Sun,Jul,0.1034,0.1034,46035,231,23.12,high,01:00,OP
4970,2025-07-27 02:00:00,2025,7,27,2,6,Sun,Jul,0.1073,0.1073,46035,231,23.99,high,02:00,OP
4971,2025-07-27 03:00:00,2025,7,27,3,6,Sun,Jul,0.1261,0.1261,46035,231,28.19,high,03:00,OP
4972,2025-07-27 04:00:00,2025,7,27,4,6,Sun,Jul,0.1426,0.1426,46035,231,31.87,high,04:00,OP
4973,2025-07-27 05:00:00,2025,7,27,5,6,Sun,Jul,0.1505,0.1505,46035,231,33.65,high,05:00,OP
4974,2025-07-27 06:00:00,2025,7,27,6,6,Sun,Jul,0.1655,0.1655,46035,231,37.0,high,06:00,OP
4975,2025-07-27 07:00:00,2025,7,27,7,6,Sun,Jul,0.3932,0.3932,46035,231,87.9,high,07:00,OP
4976,2025-07-27 08:00:00,2025,7,27,8,6,Sun,Jul,0.379,0.379,46035,231,84.73,high,08:00,OP
4977,2025-07-27 09:00:00,2025,7,27,9,6,Sun,Jul,0.3775,0.3775,46035,231,84.38,high,09:00,OP
4978,2025-07-27 10:00:00,2025,7,27,10,6,Sun,Jul,0.3608,0.3608,46035,231,80.65,high,10:00,OP
4979,2025-07-27 11:00:00,2025,7,27,11,6,Sun,Jul,0.3558,0.3558,46035,231,79.54,high,11:00,OP
4980,2025-07-27 12:00:00,2025,7,27,12,6,Sun,Jul,0.1722,0.1722,46035,231,38.5,high,12:00,OP
4981,2025-07-27 13:00:00,2025,7,27,13,6,Sun,Jul,0.1653,0.1653,46035,231,36.95,high,13:00,OP
4982,2025-07-27 14:00:00,2025,7,27,14,6,Sun,Jul,0.1541,0.1541,46035,231,34.45,high,14:00,OP
4983,2025-07-27 15:00:00,2025,7,27,15,6,Sun,Jul,0.1547,0.1547,46035,231,34.59,high,15:00,OP
4984,2025-07-27 16:00:00,2025,7,27,16,6,Sun,Jul,0.1634,0.1634,46035,231,36.53,high,16:00,OP
4985,2025-07-27 17:00:00,2025,7,27,17,6,Sun,Jul,0.3292,0.3292,46035,231,73.59,high,17:00,STD
4986,2025-07-27 18:00:00,2025,7,27,18,6,Sun,Jul,0.521,0.521,46035,231,116.46,high,18:00,STD
4987,2025-07-27 19:00:00,2025,7,27,19,6,Sun,Jul,0.3252,0.3252,46035,231,72.69,high,19:00,OP
4988,2025-07-27 20:00:00,2025,7,27,20,6,Sun,Jul,0.1437,0.1437,46035,231,32.12,high,20:00,OP
4989,2025-07-27 21:00:00,2025,7,27,21,6,Sun,Jul,0.1337,0.1337,46035,231,29.88,high,21:00,OP
4990,2025-07-27 22:00:00,2025,7,27,22,6,Sun,Jul,0.1291,0.1291,46035,231,28.86,high,22:00,OP
4991,2025-07-27 23:00:00,2025,7,27,23,6,Sun,Jul,0.0971,0.1,46035,231,22.35,high,23:00,OP
4992,2025-07-28 00:00:00,2025,7,28,0,0,Weekday,Jul,0.1105,0.1105,46035,231,24.71,high,00:00,OP
4993,2025-07-28 01:00:00,2025,7,28,1,0,Weekday,Jul,0.1022,0.1022,46035,231,22.85,high,01:00,OP
4994,2025-07-28 02:00:00,2025,7,28,2,0,Weekday,Jul,0.1079,0.1079,46035,231,24.12,high,02:00,OP
4995,2025-07-28 03:00:00,2025,7,28,3,0,Weekday,Jul,0.1285,0.1285,46035,231,28.72,high,03:00,OP
4996,2025-07-28 04:00:00,2025,7,28,4,0,Weekday,Jul,0.1432,0.1432,46035,231,32.01,high,04:00,OP
4997,2025-07-28 05:00:00,2025,7,28,5,0,Weekday,Jul,0.157,0.157,46035,231,35.1,high,05:00,OP
4998,2025-07-28 06:00:00,2025,7,28,6,0,Weekday,Jul,0.289,0.289,46035,231,64.61,high,06:00,PK
4999,2025-07-28 07:00:00,2025,7,28,7,0,Weekday,Jul,0.046,0.1,46035,231,22.35,high,07:00,PK
5000,2025-07-28 08:00:00,2025,7,28,8,0,Weekday,Jul,0.3365,0.3365,46035,231,75.22,high,08:00,STD
5001,2025-07-28 09:00:00,2025,7,28,9,0,Weekday,Jul,0.6077,0.6077,46035,231,135.85,high,09:00,STD
5002,2025-07-28 10:00:00,2025,7,28,10,0,Weekday,Jul,0.5644,0.5644,46035,231,126.17,high,10:00,STD
5003,2025-07-28 11:00:00,2025,7,28,11,0,Weekday,Jul,0.5577,0.5577,46035,231,124.67,high,11:00,STD
5004,2025-07-28 12:00:00,2025,7,28,12,0,Weekday,Jul,0.5319,0.5319,46035,231,118.91,high,12:00,STD
5005,2025-07-28 13:00:00,2025,7,28,13,0,Weekday,Jul,0.5076,0.5076,46035,231,113.48,high,13:00,STD
5006,2025-07-28 14:00:00,2025,7,28,14,0,Weekday,Jul,0.4855,0.4855,46035,231,108.53,high,14:00,STD
5007,2025-07-28 15:00:00,2025,7,28,15,0,Weekday,Jul,0.4967,0.4967,46035,231,111.04,high,15:00,STD
5008,2025-07-28 16:00:00,2025,7,28,16,0,Weekday,Jul,0.5252,0.5252,46035,231,117.41,high,16:00,STD
5009,2025-07-28 17:00:00,2025,7,28,17,0,Weekday,Jul,0.2875,0.2875,46035,231,64.27,high,17:00,PK
5010,2025-07-28 18:00:00,2025,7,28,18,0,Weekday,Jul,0.0394,0.1,46035,231,22.35,high,18:00,PK
5011,2025-07-28 19:00:00,2025,7,28,19,0,Weekday,Jul,0.0369,0.1,46035,231,22.35,high,19:00,PK
5012,2025-07-28 20:00:00,2025,7,28,20,0,Weekday,Jul,0.2441,0.2441,46035,231,54.57,high,20:00,STD
5013,2025-07-28 21:00:00,2025,7,28,21,0,Weekday,Jul,0.4107,0.4107,46035,231,91.81,high,21:00,STD
5014,2025-07-28 22:00:00,2025,7,28,22,0,Weekday,Jul,0.1291,0.1291,46035,231,28.86,high,22:00,OP
5015,2025-07-28 23:00:00,2025,7,28,23,0,Weekday,Jul,0.0986,0.1,46035,231,22.35,high,23:00,OP
5016,2025-07-29 00:00:00,2025,7,29,0,1,Weekday,Jul,0.1105,0.1105,46035,231,24.71,high,00:00,OP
5017,2025-07-29 01:00:00,2025,7,29,1,1,Weekday,Jul,0.1022,0.1022,46035,231,22.85,high,01:00,OP
5018,2025-07-29 02:00:00,2025,7,29,2,1,Weekday,Jul,0.1079,0.1079,46035,231,24.12,high,02:00,OP
5019,2025-07-29 03:00:00,2025,7,29,3,1,Weekday,Jul,0.1285,0.1285,46035,231,28.72,high,03:00,OP
5020,2025-07-29 04:00:00,2025,7,29,4,1,Weekday,Jul,0.1432,0.1432,46035,231,32.01,high,04:00,OP
5021,2025-07-29 05:00:00,2025,7,29,5,1,Weekday,Jul,0.157,0.157,46035,231,35.1,high,05:00,OP
5022,2025-07-29 06:00:00,2025,7,29,6,1,Weekday,Jul,0.289,0.289,46035,231,64.61,high,06:00,PK
5023,2025-07-29 07:00:00,2025,7,29,7,1,Weekday,Jul,0.046,0.1,46035,231,22.35,high,07:00,PK
5024,2025-07-29 08:00:00,2025,7,29,8,1,Weekday,Jul,0.3365,0.3365,46035,231,75.22,high,08:00,STD
5025,2025-07-29 09:00:00,2025,7,29,9,1,Weekday,Jul,0.6077,0.6077,46035,231,135.85,high,09:00,STD
5026,2025-07-29 10:00:00,2025,7,29,10,1,Weekday,Jul,0.5644,0.5644,46035,231,126.17,high,10:00,STD
5027,2025-07-29 11:00:00,2025,7,29,11,1,Weekday,Jul,0.5577,0.5577,46035,231,124.67,high,11:00,STD
5028,2025-07-29 12:00:00,2025,7,29,12,1,Weekday,Jul,0.5319,0.5319,46035,231,118.91,high,12:00,STD
5029,2025-07-29 13:00:00,2025,7,29,13,1,Weekday,Jul,0.5076,0.5076,46035,231,113.48,high,13:00,STD
5030,2025-07-29 14:00:00,2025,7,29,14,1,Weekday,Jul,0.4855,0.4855,46035,231,108.53,high,14:00,STD
5031,2025-07-29 15:00:00,2025,7,29,15,1,Weekday,Jul,0.4967,0.4967,46035,231,111.04,high,15:00,STD
5032,2025-07-29 16:00:00,2025,7,29,16,1,Weekday,Jul,0.5252,0.5252,46035,231,117.41,high,16:00,STD
5033,2025-07-29 17:00:00,2025,7,29,17,1,Weekday,Jul,0.2875,0.2875,46035,231,64.27,high,17:00,PK
5034,2025-07-29 18:00:00,2025,7,29,18,1,Weekday,Jul,0.0394,0.1,46035,231,22.35,high,18:00,PK
5035,2025-07-29 19:00:00,2025,7,29,19,1,Weekday,Jul,0.0369,0.1,46035,231,22.35,high,19:00,PK
5036,2025-07-29 20:00:00,2025,7,29,20,1,Weekday,Jul,0.2441,0.2441,46035,231,54.57,high,20:00,STD
5037,2025-07-29 21:00:00,2025,7,29,21,1,Weekday,Jul,0.4107,0.4107,46035,231,91.81,high,21:00,STD
5038,2025-07-29 22:00:00,2025,7,29,22,1,Weekday,Jul,0.1291,0.1291,46035,231,28.86,high,22:00,OP
5039,2025-07-29 23:00:00,2025,7,29,23,1,Weekday,Jul,0.0986,0.1,46035,231,22.35,high,23:00,OP
5040,2025-07-30 00:00:00,2025,7,30,0,2,Weekday,Jul,0.1105,0.1105,46035,231,24.71,high,00:00,OP
5041,2025-07-30 01:00:00,2025,7,30,1,2,Weekday,Jul,0.1022,0.1022,46035,231,22.85,high,01:00,OP
5042,2025-07-30 02:00:00,2025,7,30,2,2,Weekday,Jul,0.1079,0.1079,46035,231,24.12,high,02:00,OP
5043,2025-07-30 03:00:00,2025,7,30,3,2,Weekday,Jul,0.1285,0.1285,46035,231,28.72,high,03:00,OP
5044,2025-07-30 04:00:00,2025,7,30,4,2,Weekday,Jul,0.1432,0.1432,46035,231,32.01,high,04:00,OP
5045,2025-07-30 05:00:00,2025,7,30,5,2,Weekday,Jul,0.157,0.157,46035,231,35.1,high,05:00,OP
5046,2025-07-30 06:00:00,2025,7,30,6,2,Weekday,Jul,0.289,0.289,46035,231,64.61,high,06:00,PK
5047,2025-07-30 07:00:00,2025,7,30,7,2,Weekday,Jul,0.046,0.1,46035,231,22.35,high,07:00,PK
5048,2025-07-30 08:00:00,2025,7,30,8,2,Weekday,Jul,0.3365,0.3365,46035,231,75.22,high,08:00,STD
5049,2025-07-30 09:00:00,2025,7,30,9,2,Weekday,Jul,0.6077,0.6077,46035,231,135.85,high,09:00,STD
5050,2025-07-30 10:00:00,2025,7,30,10,2,Weekday,Jul,0.5644,0.5644,46035,231,126.17,high,10:00,STD
5051,2025-07-30 11:00:00,2025,7,30,11,2,Weekday,Jul,0.5577,0.5577,46035,231,124.67,high,11:00,STD
5052,2025-07-30 12:00:00,2025,7,30,12,2,Weekday,Jul,0.5319,0.5319,46035,231,118.91,high,12:00,STD
5053,2025-07-30 13:00:00,2025,7,30,13,2,Weekday,Jul,0.5076,0.5076,46035,231,113.48,high,13:00,STD
5054,2025-07-30 14:00:00,2025,7,30,14,2,Weekday,Jul,0.4855,0.4855,46035,231,108.53,high,14:00,STD
5055,2025-07-30 15:00:00,2025,7,30,15,2,Weekday,Jul,0.4967,0.4967,46035,231,111.04,high,15:00,STD
5056,2025-07-30 16:00:00,2025,7,30,16,2,Weekday,Jul,0.5252,0.5252,46035,231,117.41,high,16:00,STD
5057,2025-07-30 17:00:00,2025,7,30,17,2,Weekday,Jul,0.2875,0.2875,46035,231,64.27,high,17:00,PK
5058,2025-07-30 18:00:00,2025,7,30,18,2,Weekday,Jul,0.0394,0.1,46035,231,22.35,high,18:00,PK
5059,2025-07-30 19:00:00,2025,7,30,19,2,Weekday,Jul,0.0369,0.1,46035,231,22.35,high,19:00,PK
5060,2025-07-30 20:00:00,2025,7,30,20,2,Weekday,Jul,0.2441,0.2441,46035,231,54.57,high,20:00,STD
5061,2025-07-30 21:00:00,2025,7,30,21,2,Weekday,Jul,0.4107,0.4107,46035,231,91.81,high,21:00,STD
5062,2025-07-30 22:00:00,2025,7,30,22,2,Weekday,Jul,0.1291,0.1291,46035,231,28.86,high,22:00,OP
5063,2025-07-30 23:00:00,2025,7,30,23,2,Weekday,Jul,0.0986,0.1,46035,231,22.35,high,23:00,OP
5064,2025-07-31 00:00:00,2025,7,31,0,3,Weekday,Jul,0.1105,0.1105,46035,231,24.71,high,00:00,OP
5065,2025-07-31 01:00:00,2025,7,31,1,3,Weekday,Jul,0.1022,0.1022,46035,231,22.85,high,01:00,OP
5066,2025-07-31 02:00:00,2025,7,31,2,3,Weekday,Jul,0.1079,0.1079,46035,231,24.12,high,02:00,OP
5067,2025-07-31 03:00:00,2025,7,31,3,3,Weekday,Jul,0.1285,0.1285,46035,231,28.72,high,03:00,OP
5068,2025-07-31 04:00:00,2025,7,31,4,3,Weekday,Jul,0.1432,0.1432,46035,231,32.01,high,04:00,OP
5069,2025-07-31 05:00:00,2025,7,31,5,3,Weekday,Jul,0.157,0.157,46035,231,35.1,high,05:00,OP
5070,2025-07-31 06:00:00,2025,7,31,6,3,Weekday,Jul,0.289,0.289,46035,231,64.61,high,06:00,PK
5071,2025-07-31 07:00:00,2025,7,31,7,3,Weekday,Jul,0.046,0.1,46035,231,22.35,high,07:00,PK
5072,2025-07-31 08:00:00,2025,7,31,8,3,Weekday,Jul,0.3365,0.3365,46035,231,75.22,high,08:00,STD
5073,2025-07-31 09:00:00,2025,7,31,9,3,Weekday,Jul,0.6077,0.6077,46035,231,135.85,high,09:00,STD
5074,2025-07-31 10:00:00,2025,7,31,10,3,Weekday,Jul,0.5644,0.5644,46035,231,126.17,high,10:00,STD
5075,2025-07-31 11:00:00,2025,7,31,11,3,Weekday,Jul,0.5577,0.5577,46035,231,124.67,high,11:00,STD
5076,2025-07-31 12:00:00,2025,7,31,12,3,Weekday,Jul,0.5319,0.5319,46035,231,118.91,high,12:00,STD
5077,2025-07-31 13:00:00,2025,7,31,13,3,Weekday,Jul,0.5076,0.5076,46035,231,113.48,high,13:00,STD
5078,2025-07-31 14:00:00,2025,7,31,14,3,Weekday,Jul,0.4855,0.4855,46035,231,108.53,high,14:00,STD
5079,2025-07-31 15:00:00,2025,7,31,15,3,Weekday,Jul,0.4967,0.4967,46035,231,111.04,high,15:00,STD
5080,2025-07-31 16:00:00,2025,7,31,16,3,Weekday,Jul,0.5252,0.5252,46035,231,117.41,high,16:00,STD
5081,2025-07-31 17:00:00,2025,7,31,17,3,Weekday,Jul,0.2875,0.2875,46035,231,64.27,high,17:00,PK
5082,2025-07-31 18:00:00,2025,7,31,18,3,Weekday,Jul,0.0394,0.1,46035,231,22.35,high,18:00,PK
5083,2025-07-31 19:00:00,2025,7,31,19,3,Weekday,Jul,0.0369,0.1,46035,231,22.35,high,19:00,PK
5084,2025-07-31 20:00:00,2025,7,31,20,3,Weekday,Jul,0.2441,0.2441,46035,231,54.57,high,20:00,STD
5085,2025-07-31 21:00:00,2025,7,31,21,3,Weekday,Jul,0.4107,0.4107,46035,231,91.81,high,21:00,STD
5086,2025-07-31 22:00:00,2025,7,31,22,3,Weekday,Jul,0.1291,0.1291,46035,231,28.86,high,22:00,OP
5087,2025-07-31 23:00:00,2025,7,31,23,3,Weekday,Jul,0.0986,0.1,46035,231,22.35,high,23:00,OP
5088,2025-08-01 00:00:00,2025,8,1,0,4,Weekday,Aug,0.1105,0.1105,46035,231,25.16,high,00:00,OP
5089,2025-08-01 01:00:00,2025,8,1,1,4,Weekday,Aug,0.1022,0.1022,46035,231,23.27,high,01:00,OP
5090,2025-08-01 02:00:00,2025,8,1,2,4,Weekday,Aug,0.1079,0.1079,46035,231,24.56,high,02:00,OP
5091,2025-08-01 03:00:00,2025,8,1,3,4,Weekday,Aug,0.1285,0.1285,46035,231,29.25,high,03:00,OP
5092,2025-08-01 04:00:00,2025,8,1,4,4,Weekday,Aug,0.1432,0.1432,46035,231,32.6,high,04:00,OP
5093,2025-08-01 05:00:00,2025,8,1,5,4,Weekday,Aug,0.157,0.157,46035,231,35.74,high,05:00,OP
5094,2025-08-01 06:00:00,2025,8,1,6,4,Weekday,Aug,0.289,0.289,46035,231,65.8,high,06:00,PK
5095,2025-08-01 07:00:00,2025,8,1,7,4,Weekday,Aug,0.046,0.1,46035,231,22.76,high,07:00,PK
5096,2025-08-01 08:00:00,2025,8,1,8,4,Weekday,Aug,0.3365,0.3365,46035,231,76.61,high,08:00,STD
5097,2025-08-01 09:00:00,2025,8,1,9,4,Weekday,Aug,0.6077,0.6077,46035,231,138.35,high,09:00,STD
5098,2025-08-01 10:00:00,2025,8,1,10,4,Weekday,Aug,0.5644,0.5644,46035,231,128.49,high,10:00,STD
5099,2025-08-01 11:00:00,2025,8,1,11,4,Weekday,Aug,0.5577,0.5577,46035,231,126.96,high,11:00,STD
5100,2025-08-01 12:00:00,2025,8,1,12,4,Weekday,Aug,0.5319,0.5319,46035,231,121.09,high,12:00,STD
5101,2025-08-01 13:00:00,2025,8,1,13,4,Weekday,Aug,0.5076,0.5076,46035,231,115.56,high,13:00,STD
5102,2025-08-01 14:00:00,2025,8,1,14,4,Weekday,Aug,0.4855,0.4855,46035,231,110.53,high,14:00,STD
5103,2025-08-01 15:00:00,2025,8,1,15,4,Weekday,Aug,0.4967,0.4967,46035,231,113.08,high,15:00,STD
5104,2025-08-01 16:00:00,2025,8,1,16,4,Weekday,Aug,0.5252,0.5252,46035,231,119.56,high,16:00,STD
5105,2025-08-01 17:00:00,2025,8,1,17,4,Weekday,Aug,0.2875,0.2875,46035,231,65.45,high,17:00,PK
5106,2025-08-01 18:00:00,2025,8,1,18,4,Weekday,Aug,0.0394,0.1,46035,231,22.76,high,18:00,PK
5107,2025-08-01 19:00:00,2025,8,1,19,4,Weekday,Aug,0.0369,0.1,46035,231,22.76,high,19:00,PK
5108,2025-08-01 20:00:00,2025,8,1,20,4,Weekday,Aug,0.2441,0.2441,46035,231,55.57,high,20:00,STD
5109,2025-08-01 21:00:00,2025,8,1,21,4,Weekday,Aug,0.4107,0.4107,46035,231,93.49,high,21:00,STD
5110,2025-08-01 22:00:00,2025,8,1,22,4,Weekday,Aug,0.1291,0.1291,46035,231,29.39,high,22:00,OP
5111,2025-08-01 23:00:00,2025,8,1,23,4,Weekday,Aug,0.0986,0.1,46035,231,22.76,high,23:00,OP
5112,2025-08-02 00:00:00,2025,8,2,0,5,Sat,Aug,0.11,0.11,46035,231,25.04,high,00:00,OP
5113,2025-08-02 01:00:00,2025,8,2,1,5,Sat,Aug,0.1034,0.1034,46035,231,23.54,high,01:00,OP
5114,2025-08-02 02:00:00,2025,8,2,2,5,Sat,Aug,0.1073,0.1073,46035,231,24.43,high,02:00,OP
5115,2025-08-02 03:00:00,2025,8,2,3,5,Sat,Aug,0.1261,0.1261,46035,231,28.71,high,03:00,OP
5116,2025-08-02 04:00:00,2025,8,2,4,5,Sat,Aug,0.1426,0.1426,46035,231,32.46,high,04:00,OP
5117,2025-08-02 05:00:00,2025,8,2,5,5,Sat,Aug,0.1505,0.1505,46035,231,34.27,high,05:00,OP
5118,2025-08-02 06:00:00,2025,8,2,6,5,Sat,Aug,0.1655,0.1655,46035,231,37.68,high,06:00,OP
5119,2025-08-02 07:00:00,2025,8,2,7,5,Sat,Aug,0.3932,0.3932,46035,231,89.51,high,07:00,STD
5120,2025-08-02 08:00:00,2025,8,2,8,5,Sat,Aug,0.379,0.379,46035,231,86.28,high,08:00,STD
5121,2025-08-02 09:00:00,2025,8,2,9,5,Sat,Aug,0.3775,0.3775,46035,231,85.94,high,09:00,STD
5122,2025-08-02 10:00:00,2025,8,2,10,5,Sat,Aug,0.3608,0.3608,46035,231,82.13,high,10:00,STD
5123,2025-08-02 11:00:00,2025,8,2,11,5,Sat,Aug,0.3558,0.3558,46035,231,81.0,high,11:00,STD
5124,2025-08-02 12:00:00,2025,8,2,12,5,Sat,Aug,0.1722,0.1722,46035,231,39.2,high,12:00,OP
5125,2025-08-02 13:00:00,2025,8,2,13,5,Sat,Aug,0.1653,0.1653,46035,231,37.63,high,13:00,OP
5126,2025-08-02 14:00:00,2025,8,2,14,5,Sat,Aug,0.1541,0.1541,46035,231,35.08,high,14:00,OP
5127,2025-08-02 15:00:00,2025,8,2,15,5,Sat,Aug,0.1547,0.1547,46035,231,35.22,high,15:00,OP
5128,2025-08-02 16:00:00,2025,8,2,16,5,Sat,Aug,0.1634,0.1634,46035,231,37.2,high,16:00,OP
5129,2025-08-02 17:00:00,2025,8,2,17,5,Sat,Aug,0.3292,0.3292,46035,231,74.95,high,17:00,STD
5130,2025-08-02 18:00:00,2025,8,2,18,5,Sat,Aug,0.521,0.521,46035,231,118.61,high,18:00,STD
5131,2025-08-02 19:00:00,2025,8,2,19,5,Sat,Aug,0.3252,0.3252,46035,231,74.03,high,19:00,OP
5132,2025-08-02 20:00:00,2025,8,2,20,5,Sat,Aug,0.1437,0.1437,46035,231,32.71,high,20:00,OP
5133,2025-08-02 21:00:00,2025,8,2,21,5,Sat,Aug,0.1337,0.1337,46035,231,30.43,high,21:00,OP
5134,2025-08-02 22:00:00,2025,8,2,22,5,Sat,Aug,0.1291,0.1291,46035,231,29.39,high,22:00,OP
5135,2025-08-02 23:00:00,2025,8,2,23,5,Sat,Aug,0.0971,0.1,46035,231,22.76,high,23:00,OP
5136,2025-08-03 00:00:00,2025,8,3,0,6,Sun,Aug,0.11,0.11,46035,231,25.04,high,00:00,OP
5137,2025-08-03 01:00:00,2025,8,3,1,6,Sun,Aug,0.1034,0.1034,46035,231,23.54,high,01:00,OP
5138,2025-08-03 02:00:00,2025,8,3,2,6,Sun,Aug,0.1073,0.1073,46035,231,24.43,high,02:00,OP
5139,2025-08-03 03:00:00,2025,8,3,3,6,Sun,Aug,0.1261,0.1261,46035,231,28.71,high,03:00,OP
5140,2025-08-03 04:00:00,2025,8,3,4,6,Sun,Aug,0.1426,0.1426,46035,231,32.46,high,04:00,OP
5141,2025-08-03 05:00:00,2025,8,3,5,6,Sun,Aug,0.1505,0.1505,46035,231,34.27,high,05:00,OP
5142,2025-08-03 06:00:00,2025,8,3,6,6,Sun,Aug,0.1655,0.1655,46035,231,37.68,high,06:00,OP
5143,2025-08-03 07:00:00,2025,8,3,7,6,Sun,Aug,0.3932,0.3932,46035,231,89.51,high,07:00,OP
5144,2025-08-03 08:00:00,2025,8,3,8,6,Sun,Aug,0.379,0.379,46035,231,86.28,high,08:00,OP
5145,2025-08-03 09:00:00,2025,8,3,9,6,Sun,Aug,0.3775,0.3775,46035,231,85.94,high,09:00,OP
5146,2025-08-03 10:00:00,2025,8,3,10,6,Sun,Aug,0.3608,0.3608,46035,231,82.13,high,10:00,OP
5147,2025-08-03 11:00:00,2025,8,3,11,6,Sun,Aug,0.3558,0.3558,46035,231,81.0,high,11:00,OP
5148,2025-08-03 12:00:00,2025,8,3,12,6,Sun,Aug,0.1722,0.1722,46035,231,39.2,high,12:00,OP
5149,2025-08-03 13:00:00,2025,8,3,13,6,Sun,Aug,0.1653,0.1653,46035,231,37.63,high,13:00,OP
5150,2025-08-03 14:00:00,2025,8,3,14,6,Sun,Aug,0.1541,0.1541,46035,231,35.08,high,14:00,OP
5151,2025-08-03 15:00:00,2025,8,3,15,6,Sun,Aug,0.1547,0.1547,46035,231,35.22,high,15:00,OP
5152,2025-08-03 16:00:00,2025,8,3,16,6,Sun,Aug,0.1634,0.1634,46035,231,37.2,high,16:00,OP
5153,2025-08-03 17:00:00,2025,8,3,17,6,Sun,Aug,0.3292,0.3292,46035,231,74.95,high,17:00,STD
5154,2025-08-03 18:00:00,2025,8,3,18,6,Sun,Aug,0.521,0.521,46035,231,118.61,high,18:00,STD
5155,2025-08-03 19:00:00,2025,8,3,19,6,Sun,Aug,0.3252,0.3252,46035,231,74.03,high,19:00,OP
5156,2025-08-03 20:00:00,2025,8,3,20,6,Sun,Aug,0.1437,0.1437,46035,231,32.71,high,20:00,OP
5157,2025-08-03 21:00:00,2025,8,3,21,6,Sun,Aug,0.1337,0.1337,46035,231,30.43,high,21:00,OP
5158,2025-08-03 22:00:00,2025,8,3,22,6,Sun,Aug,0.1291,0.1291,46035,231,29.39,high,22:00,OP
5159,2025-08-03 23:00:00,2025,8,3,23,6,Sun,Aug,0.0971,0.1,46035,231,22.76,high,23:00,OP
5160,2025-08-04 00:00:00,2025,8,4,0,0,Weekday,Aug,0.1105,0.1105,46035,231,25.16,high,00:00,OP
5161,2025-08-04 01:00:00,2025,8,4,1,0,Weekday,Aug,0.1022,0.1022,46035,231,23.27,high,01:00,OP
5162,2025-08-04 02:00:00,2025,8,4,2,0,Weekday,Aug,0.1079,0.1079,46035,231,24.56,high,02:00,OP
5163,2025-08-04 03:00:00,2025,8,4,3,0,Weekday,Aug,0.1285,0.1285,46035,231,29.25,high,03:00,OP
5164,2025-08-04 04:00:00,2025,8,4,4,0,Weekday,Aug,0.1432,0.1432,46035,231,32.6,high,04:00,OP
5165,2025-08-04 05:00:00,2025,8,4,5,0,Weekday,Aug,0.157,0.157,46035,231,35.74,high,05:00,OP
5166,2025-08-04 06:00:00,2025,8,4,6,0,Weekday,Aug,0.289,0.289,46035,231,65.8,high,06:00,PK
5167,2025-08-04 07:00:00,2025,8,4,7,0,Weekday,Aug,0.046,0.1,46035,231,22.76,high,07:00,PK
5168,2025-08-04 08:00:00,2025,8,4,8,0,Weekday,Aug,0.3365,0.3365,46035,231,76.61,high,08:00,STD
5169,2025-08-04 09:00:00,2025,8,4,9,0,Weekday,Aug,0.6077,0.6077,46035,231,138.35,high,09:00,STD
5170,2025-08-04 10:00:00,2025,8,4,10,0,Weekday,Aug,0.5644,0.5644,46035,231,128.49,high,10:00,STD
5171,2025-08-04 11:00:00,2025,8,4,11,0,Weekday,Aug,0.5577,0.5577,46035,231,126.96,high,11:00,STD
5172,2025-08-04 12:00:00,2025,8,4,12,0,Weekday,Aug,0.5319,0.5319,46035,231,121.09,high,12:00,STD
5173,2025-08-04 13:00:00,2025,8,4,13,0,Weekday,Aug,0.5076,0.5076,46035,231,115.56,high,13:00,STD
5174,2025-08-04 14:00:00,2025,8,4,14,0,Weekday,Aug,0.4855,0.4855,46035,231,110.53,high,14:00,STD
5175,2025-08-04 15:00:00,2025,8,4,15,0,Weekday,Aug,0.4967,0.4967,46035,231,113.08,high,15:00,STD
5176,2025-08-04 16:00:00,2025,8,4,16,0,Weekday,Aug,0.5252,0.5252,46035,231,119.56,high,16:00,STD
5177,2025-08-04 17:00:00,2025,8,4,17,0,Weekday,Aug,0.2875,0.2875,46035,231,65.45,high,17:00,PK
5178,2025-08-04 18:00:00,2025,8,4,18,0,Weekday,Aug,0.0394,0.1,46035,231,22.76,high,18:00,PK
5179,2025-08-04 19:00:00,2025,8,4,19,0,Weekday,Aug,0.0369,0.1,46035,231,22.76,high,19:00,PK
5180,2025-08-04 20:00:00,2025,8,4,20,0,Weekday,Aug,0.2441,0.2441,46035,231,55.57,high,20:00,STD
5181,2025-08-04 21:00:00,2025,8,4,21,0,Weekday,Aug,0.4107,0.4107,46035,231,93.49,high,21:00,STD
5182,2025-08-04 22:00:00,2025,8,4,22,0,Weekday,Aug,0.1291,0.1291,46035,231,29.39,high,22:00,OP
5183,2025-08-04 23:00:00,2025,8,4,23,0,Weekday,Aug,0.0986,0.1,46035,231,22.76,high,23:00,OP
5184,2025-08-05 00:00:00,2025,8,5,0,1,Weekday,Aug,0.1105,0.1105,46035,231,25.16,high,00:00,OP
5185,2025-08-05 01:00:00,2025,8,5,1,1,Weekday,Aug,0.1022,0.1022,46035,231,23.27,high,01:00,OP
5186,2025-08-05 02:00:00,2025,8,5,2,1,Weekday,Aug,0.1079,0.1079,46035,231,24.56,high,02:00,OP
5187,2025-08-05 03:00:00,2025,8,5,3,1,Weekday,Aug,0.1285,0.1285,46035,231,29.25,high,03:00,OP
5188,2025-08-05 04:00:00,2025,8,5,4,1,Weekday,Aug,0.1432,0.1432,46035,231,32.6,high,04:00,OP
5189,2025-08-05 05:00:00,2025,8,5,5,1,Weekday,Aug,0.157,0.157,46035,231,35.74,high,05:00,OP
5190,2025-08-05 06:00:00,2025,8,5,6,1,Weekday,Aug,0.289,0.289,46035,231,65.8,high,06:00,PK
5191,2025-08-05 07:00:00,2025,8,5,7,1,Weekday,Aug,0.046,0.1,46035,231,22.76,high,07:00,PK
5192,2025-08-05 08:00:00,2025,8,5,8,1,Weekday,Aug,0.3365,0.3365,46035,231,76.61,high,08:00,STD
5193,2025-08-05 09:00:00,2025,8,5,9,1,Weekday,Aug,0.6077,0.6077,46035,231,138.35,high,09:00,STD
5194,2025-08-05 10:00:00,2025,8,5,10,1,Weekday,Aug,0.5644,0.5644,46035,231,128.49,high,10:00,STD
5195,2025-08-05 11:00:00,2025,8,5,11,1,Weekday,Aug,0.5577,0.5577,46035,231,126.96,high,11:00,STD
5196,2025-08-05 12:00:00,2025,8,5,12,1,Weekday,Aug,0.5319,0.5319,46035,231,121.09,high,12:00,STD
5197,2025-08-05 13:00:00,2025,8,5,13,1,Weekday,Aug,0.5076,0.5076,46035,231,115.56,high,13:00,STD
5198,2025-08-05 14:00:00,2025,8,5,14,1,Weekday,Aug,0.4855,0.4855,46035,231,110.53,high,14:00,STD
5199,2025-08-05 15:00:00,2025,8,5,15,1,Weekday,Aug,0.4967,0.4967,46035,231,113.08,high,15:00,STD
5200,2025-08-05 16:00:00,2025,8,5,16,1,Weekday,Aug,0.5252,0.5252,46035,231,119.56,high,16:00,STD
5201,2025-08-05 17:00:00,2025,8,5,17,1,Weekday,Aug,0.2875,0.2875,46035,231,65.45,high,17:00,PK
5202,2025-08-05 18:00:00,2025,8,5,18,1,Weekday,Aug,0.0394,0.1,46035,231,22.76,high,18:00,PK
5203,2025-08-05 19:00:00,2025,8,5,19,1,Weekday,Aug,0.0369,0.1,46035,231,22.76,high,19:00,PK
5204,2025-08-05 20:00:00,2025,8,5,20,1,Weekday,Aug,0.2441,0.2441,46035,231,55.57,high,20:00,STD
5205,2025-08-05 21:00:00,2025,8,5,21,1,Weekday,Aug,0.4107,0.4107,46035,231,93.49,high,21:00,STD
5206,2025-08-05 22:00:00,2025,8,5,22,1,Weekday,Aug,0.1291,0.1291,46035,231,29.39,high,22:00,OP
5207,2025-08-05 23:00:00,2025,8,5,23,1,Weekday,Aug,0.0986,0.1,46035,231,22.76,high,23:00,OP
5208,2025-08-06 00:00:00,2025,8,6,0,2,Weekday,Aug,0.1105,0.1105,46035,231,25.16,high,00:00,OP
5209,2025-08-06 01:00:00,2025,8,6,1,2,Weekday,Aug,0.1022,0.1022,46035,231,23.27,high,01:00,OP
5210,2025-08-06 02:00:00,2025,8,6,2,2,Weekday,Aug,0.1079,0.1079,46035,231,24.56,high,02:00,OP
5211,2025-08-06 03:00:00,2025,8,6,3,2,Weekday,Aug,0.1285,0.1285,46035,231,29.25,high,03:00,OP
5212,2025-08-06 04:00:00,2025,8,6,4,2,Weekday,Aug,0.1432,0.1432,46035,231,32.6,high,04:00,OP
5213,2025-08-06 05:00:00,2025,8,6,5,2,Weekday,Aug,0.157,0.157,46035,231,35.74,high,05:00,OP
5214,2025-08-06 06:00:00,2025,8,6,6,2,Weekday,Aug,0.289,0.289,46035,231,65.8,high,06:00,PK
5215,2025-08-06 07:00:00,2025,8,6,7,2,Weekday,Aug,0.046,0.1,46035,231,22.76,high,07:00,PK
5216,2025-08-06 08:00:00,2025,8,6,8,2,Weekday,Aug,0.3365,0.3365,46035,231,76.61,high,08:00,STD
5217,2025-08-06 09:00:00,2025,8,6,9,2,Weekday,Aug,0.6077,0.6077,46035,231,138.35,high,09:00,STD
5218,2025-08-06 10:00:00,2025,8,6,10,2,Weekday,Aug,0.5644,0.5644,46035,231,128.49,high,10:00,STD
5219,2025-08-06 11:00:00,2025,8,6,11,2,Weekday,Aug,0.5577,0.5577,46035,231,126.96,high,11:00,STD
5220,2025-08-06 12:00:00,2025,8,6,12,2,Weekday,Aug,0.5319,0.5319,46035,231,121.09,high,12:00,STD
5221,2025-08-06 13:00:00,2025,8,6,13,2,Weekday,Aug,0.5076,0.5076,46035,231,115.56,high,13:00,STD
5222,2025-08-06 14:00:00,2025,8,6,14,2,Weekday,Aug,0.4855,0.4855,46035,231,110.53,high,14:00,STD
5223,2025-08-06 15:00:00,2025,8,6,15,2,Weekday,Aug,0.4967,0.4967,46035,231,113.08,high,15:00,STD
5224,2025-08-06 16:00:00,2025,8,6,16,2,Weekday,Aug,0.5252,0.5252,46035,231,119.56,high,16:00,STD
5225,2025-08-06 17:00:00,2025,8,6,17,2,Weekday,Aug,0.2875,0.2875,46035,231,65.45,high,17:00,PK
5226,2025-08-06 18:00:00,2025,8,6,18,2,Weekday,Aug,0.0394,0.1,46035,231,22.76,high,18:00,PK
5227,2025-08-06 19:00:00,2025,8,6,19,2,Weekday,Aug,0.0369,0.1,46035,231,22.76,high,19:00,PK
5228,2025-08-06 20:00:00,2025,8,6,20,2,Weekday,Aug,0.2441,0.2441,46035,231,55.57,high,20:00,STD
5229,2025-08-06 21:00:00,2025,8,6,21,2,Weekday,Aug,0.4107,0.4107,46035,231,93.49,high,21:00,STD
5230,2025-08-06 22:00:00,2025,8,6,22,2,Weekday,Aug,0.1291,0.1291,46035,231,29.39,high,22:00,OP
5231,2025-08-06 23:00:00,2025,8,6,23,2,Weekday,Aug,0.0986,0.1,46035,231,22.76,high,23:00,OP
5232,2025-08-07 00:00:00,2025,8,7,0,3,Weekday,Aug,0.1105,0.1105,46035,231,25.16,high,00:00,OP
5233,2025-08-07 01:00:00,2025,8,7,1,3,Weekday,Aug,0.1022,0.1022,46035,231,23.27,high,01:00,OP
5234,2025-08-07 02:00:00,2025,8,7,2,3,Weekday,Aug,0.1079,0.1079,46035,231,24.56,high,02:00,OP
5235,2025-08-07 03:00:00,2025,8,7,3,3,Weekday,Aug,0.1285,0.1285,46035,231,29.25,high,03:00,OP
5236,2025-08-07 04:00:00,2025,8,7,4,3,Weekday,Aug,0.1432,0.1432,46035,231,32.6,high,04:00,OP
5237,2025-08-07 05:00:00,2025,8,7,5,3,Weekday,Aug,0.157,0.157,46035,231,35.74,high,05:00,OP
5238,2025-08-07 06:00:00,2025,8,7,6,3,Weekday,Aug,0.289,0.289,46035,231,65.8,high,06:00,PK
5239,2025-08-07 07:00:00,2025,8,7,7,3,Weekday,Aug,0.046,0.1,46035,231,22.76,high,07:00,PK
5240,2025-08-07 08:00:00,2025,8,7,8,3,Weekday,Aug,0.3365,0.3365,46035,231,76.61,high,08:00,STD
5241,2025-08-07 09:00:00,2025,8,7,9,3,Weekday,Aug,0.6077,0.6077,46035,231,138.35,high,09:00,STD
5242,2025-08-07 10:00:00,2025,8,7,10,3,Weekday,Aug,0.5644,0.5644,46035,231,128.49,high,10:00,STD
5243,2025-08-07 11:00:00,2025,8,7,11,3,Weekday,Aug,0.5577,0.5577,46035,231,126.96,high,11:00,STD
5244,2025-08-07 12:00:00,2025,8,7,12,3,Weekday,Aug,0.5319,0.5319,46035,231,121.09,high,12:00,STD
5245,2025-08-07 13:00:00,2025,8,7,13,3,Weekday,Aug,0.5076,0.5076,46035,231,115.56,high,13:00,STD
5246,2025-08-07 14:00:00,2025,8,7,14,3,Weekday,Aug,0.4855,0.4855,46035,231,110.53,high,14:00,STD
5247,2025-08-07 15:00:00,2025,8,7,15,3,Weekday,Aug,0.4967,0.4967,46035,231,113.08,high,15:00,STD
5248,2025-08-07 16:00:00,2025,8,7,16,3,Weekday,Aug,0.5252,0.5252,46035,231,119.56,high,16:00,STD
5249,2025-08-07 17:00:00,2025,8,7,17,3,Weekday,Aug,0.2875,0.2875,46035,231,65.45,high,17:00,PK
5250,2025-08-07 18:00:00,2025,8,7,18,3,Weekday,Aug,0.0394,0.1,46035,231,22.76,high,18:00,PK
5251,2025-08-07 19:00:00,2025,8,7,19,3,Weekday,Aug,0.0369,0.1,46035,231,22.76,high,19:00,PK
5252,2025-08-07 20:00:00,2025,8,7,20,3,Weekday,Aug,0.2441,0.2441,46035,231,55.57,high,20:00,STD
5253,2025-08-07 21:00:00,2025,8,7,21,3,Weekday,Aug,0.4107,0.4107,46035,231,93.49,high,21:00,STD
5254,2025-08-07 22:00:00,2025,8,7,22,3,Weekday,Aug,0.1291,0.1291,46035,231,29.39,high,22:00,OP
5255,2025-08-07 23:00:00,2025,8,7,23,3,Weekday,Aug,0.0986,0.1,46035,231,22.76,high,23:00,OP
5256,2025-08-08 00:00:00,2025,8,8,0,4,Weekday,Aug,0.1105,0.1105,46035,231,25.16,high,00:00,OP
5257,2025-08-08 01:00:00,2025,8,8,1,4,Weekday,Aug,0.1022,0.1022,46035,231,23.27,high,01:00,OP
5258,2025-08-08 02:00:00,2025,8,8,2,4,Weekday,Aug,0.1079,0.1079,46035,231,24.56,high,02:00,OP
5259,2025-08-08 03:00:00,2025,8,8,3,4,Weekday,Aug,0.1285,0.1285,46035,231,29.25,high,03:00,OP
5260,2025-08-08 04:00:00,2025,8,8,4,4,Weekday,Aug,0.1432,0.1432,46035,231,32.6,high,04:00,OP
5261,2025-08-08 05:00:00,2025,8,8,5,4,Weekday,Aug,0.157,0.157,46035,231,35.74,high,05:00,OP
5262,2025-08-08 06:00:00,2025,8,8,6,4,Weekday,Aug,0.289,0.289,46035,231,65.8,high,06:00,PK
5263,2025-08-08 07:00:00,2025,8,8,7,4,Weekday,Aug,0.046,0.1,46035,231,22.76,high,07:00,PK
5264,2025-08-08 08:00:00,2025,8,8,8,4,Weekday,Aug,0.3365,0.3365,46035,231,76.61,high,08:00,STD
5265,2025-08-08 09:00:00,2025,8,8,9,4,Weekday,Aug,0.6077,0.6077,46035,231,138.35,high,09:00,STD
5266,2025-08-08 10:00:00,2025,8,8,10,4,Weekday,Aug,0.5644,0.5644,46035,231,128.49,high,10:00,STD
5267,2025-08-08 11:00:00,2025,8,8,11,4,Weekday,Aug,0.5577,0.5577,46035,231,126.96,high,11:00,STD
5268,2025-08-08 12:00:00,2025,8,8,12,4,Weekday,Aug,0.5319,0.5319,46035,231,121.09,high,12:00,STD
5269,2025-08-08 13:00:00,2025,8,8,13,4,Weekday,Aug,0.5076,0.5076,46035,231,115.56,high,13:00,STD
5270,2025-08-08 14:00:00,2025,8,8,14,4,Weekday,Aug,0.4855,0.4855,46035,231,110.53,high,14:00,STD
5271,2025-08-08 15:00:00,2025,8,8,15,4,Weekday,Aug,0.4967,0.4967,46035,231,113.08,high,15:00,STD
5272,2025-08-08 16:00:00,2025,8,8,16,4,Weekday,Aug,0.5252,0.5252,46035,231,119.56,high,16:00,STD
5273,2025-08-08 17:00:00,2025,8,8,17,4,Weekday,Aug,0.2875,0.2875,46035,231,65.45,high,17:00,PK
5274,2025-08-08 18:00:00,2025,8,8,18,4,Weekday,Aug,0.0394,0.1,46035,231,22.76,high,18:00,PK
5275,2025-08-08 19:00:00,2025,8,8,19,4,Weekday,Aug,0.0369,0.1,46035,231,22.76,high,19:00,PK
5276,2025-08-08 20:00:00,2025,8,8,20,4,Weekday,Aug,0.2441,0.2441,46035,231,55.57,high,20:00,STD
5277,2025-08-08 21:00:00,2025,8,8,21,4,Weekday,Aug,0.4107,0.4107,46035,231,93.49,high,21:00,STD
5278,2025-08-08 22:00:00,2025,8,8,22,4,Weekday,Aug,0.1291,0.1291,46035,231,29.39,high,22:00,OP
5279,2025-08-08 23:00:00,2025,8,8,23,4,Weekday,Aug,0.0986,0.1,46035,231,22.76,high,23:00,OP
5280,2025-08-09 00:00:00,2025,8,9,0,5,Sat,Aug,0.11,0.11,46035,231,25.04,high,00:00,OP
5281,2025-08-09 01:00:00,2025,8,9,1,5,Sat,Aug,0.1034,0.1034,46035,231,23.54,high,01:00,OP
5282,2025-08-09 02:00:00,2025,8,9,2,5,Sat,Aug,0.1073,0.1073,46035,231,24.43,high,02:00,OP
5283,2025-08-09 03:00:00,2025,8,9,3,5,Sat,Aug,0.1261,0.1261,46035,231,28.71,high,03:00,OP
5284,2025-08-09 04:00:00,2025,8,9,4,5,Sat,Aug,0.1426,0.1426,46035,231,32.46,high,04:00,OP
5285,2025-08-09 05:00:00,2025,8,9,5,5,Sat,Aug,0.1505,0.1505,46035,231,34.27,high,05:00,OP
5286,2025-08-09 06:00:00,2025,8,9,6,5,Sat,Aug,0.1655,0.1655,46035,231,37.68,high,06:00,OP
5287,2025-08-09 07:00:00,2025,8,9,7,5,Sat,Aug,0.3932,0.3932,46035,231,89.51,high,07:00,STD
5288,2025-08-09 08:00:00,2025,8,9,8,5,Sat,Aug,0.379,0.379,46035,231,86.28,high,08:00,STD
5289,2025-08-09 09:00:00,2025,8,9,9,5,Sat,Aug,0.3775,0.3775,46035,231,85.94,high,09:00,STD
5290,2025-08-09 10:00:00,2025,8,9,10,5,Sat,Aug,0.3608,0.3608,46035,231,82.13,high,10:00,STD
5291,2025-08-09 11:00:00,2025,8,9,11,5,Sat,Aug,0.3558,0.3558,46035,231,81.0,high,11:00,STD
5292,2025-08-09 12:00:00,2025,8,9,12,5,Sat,Aug,0.1722,0.1722,46035,231,39.2,high,12:00,OP
5293,2025-08-09 13:00:00,2025,8,9,13,5,Sat,Aug,0.1653,0.1653,46035,231,37.63,high,13:00,OP
5294,2025-08-09 14:00:00,2025,8,9,14,5,Sat,Aug,0.1541,0.1541,46035,231,35.08,high,14:00,OP
5295,2025-08-09 15:00:00,2025,8,9,15,5,Sat,Aug,0.1547,0.1547,46035,231,35.22,high,15:00,OP
5296,2025-08-09 16:00:00,2025,8,9,16,5,Sat,Aug,0.1634,0.1634,46035,231,37.2,high,16:00,OP
5297,2025-08-09 17:00:00,2025,8,9,17,5,Sat,Aug,0.3292,0.3292,46035,231,74.95,high,17:00,STD
5298,2025-08-09 18:00:00,2025,8,9,18,5,Sat,Aug,0.521,0.521,46035,231,118.61,high,18:00,STD
5299,2025-08-09 19:00:00,2025,8,9,19,5,Sat,Aug,0.3252,0.3252,46035,231,74.03,high,19:00,OP
5300,2025-08-09 20:00:00,2025,8,9,20,5,Sat,Aug,0.1437,0.1437,46035,231,32.71,high,20:00,OP
5301,2025-08-09 21:00:00,2025,8,9,21,5,Sat,Aug,0.1337,0.1337,46035,231,30.43,high,21:00,OP
5302,2025-08-09 22:00:00,2025,8,9,22,5,Sat,Aug,0.1291,0.1291,46035,231,29.39,high,22:00,OP
5303,2025-08-09 23:00:00,2025,8,9,23,5,Sat,Aug,0.0971,0.1,46035,231,22.76,high,23:00,OP
5304,2025-08-10 00:00:00,2025,8,10,0,6,Sun,Aug,0.11,0.11,46035,231,25.04,high,00:00,OP
5305,2025-08-10 01:00:00,2025,8,10,1,6,Sun,Aug,0.1034,0.1034,46035,231,23.54,high,01:00,OP
5306,2025-08-10 02:00:00,2025,8,10,2,6,Sun,Aug,0.1073,0.1073,46035,231,24.43,high,02:00,OP
5307,2025-08-10 03:00:00,2025,8,10,3,6,Sun,Aug,0.1261,0.1261,46035,231,28.71,high,03:00,OP
5308,2025-08-10 04:00:00,2025,8,10,4,6,Sun,Aug,0.1426,0.1426,46035,231,32.46,high,04:00,OP
5309,2025-08-10 05:00:00,2025,8,10,5,6,Sun,Aug,0.1505,0.1505,46035,231,34.27,high,05:00,OP
5310,2025-08-10 06:00:00,2025,8,10,6,6,Sun,Aug,0.1655,0.1655,46035,231,37.68,high,06:00,OP
5311,2025-08-10 07:00:00,2025,8,10,7,6,Sun,Aug,0.3932,0.3932,46035,231,89.51,high,07:00,OP
5312,2025-08-10 08:00:00,2025,8,10,8,6,Sun,Aug,0.379,0.379,46035,231,86.28,high,08:00,OP
5313,2025-08-10 09:00:00,2025,8,10,9,6,Sun,Aug,0.3775,0.3775,46035,231,85.94,high,09:00,OP
5314,2025-08-10 10:00:00,2025,8,10,10,6,Sun,Aug,0.3608,0.3608,46035,231,82.13,high,10:00,OP
5315,2025-08-10 11:00:00,2025,8,10,11,6,Sun,Aug,0.3558,0.3558,46035,231,81.0,high,11:00,OP
5316,2025-08-10 12:00:00,2025,8,10,12,6,Sun,Aug,0.1722,0.1722,46035,231,39.2,high,12:00,OP
5317,2025-08-10 13:00:00,2025,8,10,13,6,Sun,Aug,0.1653,0.1653,46035,231,37.63,high,13:00,OP
5318,2025-08-10 14:00:00,2025,8,10,14,6,Sun,Aug,0.1541,0.1541,46035,231,35.08,high,14:00,OP
5319,2025-08-10 15:00:00,2025,8,10,15,6,Sun,Aug,0.1547,0.1547,46035,231,35.22,high,15:00,OP
5320,2025-08-10 16:00:00,2025,8,10,16,6,Sun,Aug,0.1634,0.1634,46035,231,37.2,high,16:00,OP
5321,2025-08-10 17:00:00,2025,8,10,17,6,Sun,Aug,0.3292,0.3292,46035,231,74.95,high,17:00,STD
5322,2025-08-10 18:00:00,2025,8,10,18,6,Sun,Aug,0.521,0.521,46035,231,118.61,high,18:00,STD
5323,2025-08-10 19:00:00,2025,8,10,19,6,Sun,Aug,0.3252,0.3252,46035,231,74.03,high,19:00,OP
5324,2025-08-10 20:00:00,2025,8,10,20,6,Sun,Aug,0.1437,0.1437,46035,231,32.71,high,20:00,OP
5325,2025-08-10 21:00:00,2025,8,10,21,6,Sun,Aug,0.1337,0.1337,46035,231,30.43,high,21:00,OP
5326,2025-08-10 22:00:00,2025,8,10,22,6,Sun,Aug,0.1291,0.1291,46035,231,29.39,high,22:00,OP
5327,2025-08-10 23:00:00,2025,8,10,23,6,Sun,Aug,0.0971,0.1,46035,231,22.76,high,23:00,OP
5328,2025-08-11 00:00:00,2025,8,11,0,0,Weekday,Aug,0.1105,0.1105,46035,231,25.16,high,00:00,OP
5329,2025-08-11 01:00:00,2025,8,11,1,0,Weekday,Aug,0.1022,0.1022,46035,231,23.27,high,01:00,OP
5330,2025-08-11 02:00:00,2025,8,11,2,0,Weekday,Aug,0.1079,0.1079,46035,231,24.56,high,02:00,OP
5331,2025-08-11 03:00:00,2025,8,11,3,0,Weekday,Aug,0.1285,0.1285,46035,231,29.25,high,03:00,OP
5332,2025-08-11 04:00:00,2025,8,11,4,0,Weekday,Aug,0.1432,0.1432,46035,231,32.6,high,04:00,OP
5333,2025-08-11 05:00:00,2025,8,11,5,0,Weekday,Aug,0.157,0.157,46035,231,35.74,high,05:00,OP
5334,2025-08-11 06:00:00,2025,8,11,6,0,Weekday,Aug,0.289,0.289,46035,231,65.8,high,06:00,PK
5335,2025-08-11 07:00:00,2025,8,11,7,0,Weekday,Aug,0.046,0.1,46035,231,22.76,high,07:00,PK
5336,2025-08-11 08:00:00,2025,8,11,8,0,Weekday,Aug,0.3365,0.3365,46035,231,76.61,high,08:00,STD
5337,2025-08-11 09:00:00,2025,8,11,9,0,Weekday,Aug,0.6077,0.6077,46035,231,138.35,high,09:00,STD
5338,2025-08-11 10:00:00,2025,8,11,10,0,Weekday,Aug,0.5644,0.5644,46035,231,128.49,high,10:00,STD
5339,2025-08-11 11:00:00,2025,8,11,11,0,Weekday,Aug,0.5577,0.5577,46035,231,126.96,high,11:00,STD
5340,2025-08-11 12:00:00,2025,8,11,12,0,Weekday,Aug,0.5319,0.5319,46035,231,121.09,high,12:00,STD
5341,2025-08-11 13:00:00,2025,8,11,13,0,Weekday,Aug,0.5076,0.5076,46035,231,115.56,high,13:00,STD
5342,2025-08-11 14:00:00,2025,8,11,14,0,Weekday,Aug,0.4855,0.4855,46035,231,110.53,high,14:00,STD
5343,2025-08-11 15:00:00,2025,8,11,15,0,Weekday,Aug,0.4967,0.4967,46035,231,113.08,high,15:00,STD
5344,2025-08-11 16:00:00,2025,8,11,16,0,Weekday,Aug,0.5252,0.5252,46035,231,119.56,high,16:00,STD
5345,2025-08-11 17:00:00,2025,8,11,17,0,Weekday,Aug,0.2875,0.2875,46035,231,65.45,high,17:00,PK
5346,2025-08-11 18:00:00,2025,8,11,18,0,Weekday,Aug,0.0394,0.1,46035,231,22.76,high,18:00,PK
5347,2025-08-11 19:00:00,2025,8,11,19,0,Weekday,Aug,0.0369,0.1,46035,231,22.76,high,19:00,PK
5348,2025-08-11 20:00:00,2025,8,11,20,0,Weekday,Aug,0.2441,0.2441,46035,231,55.57,high,20:00,STD
5349,2025-08-11 21:00:00,2025,8,11,21,0,Weekday,Aug,0.4107,0.4107,46035,231,93.49,high,21:00,STD
5350,2025-08-11 22:00:00,2025,8,11,22,0,Weekday,Aug,0.1291,0.1291,46035,231,29.39,high,22:00,OP
5351,2025-08-11 23:00:00,2025,8,11,23,0,Weekday,Aug,0.0986,0.1,46035,231,22.76,high,23:00,OP
5352,2025-08-12 00:00:00,2025,8,12,0,1,Weekday,Aug,0.1105,0.1105,46035,231,25.16,high,00:00,OP
5353,2025-08-12 01:00:00,2025,8,12,1,1,Weekday,Aug,0.1022,0.1022,46035,231,23.27,high,01:00,OP
5354,2025-08-12 02:00:00,2025,8,12,2,1,Weekday,Aug,0.1079,0.1079,46035,231,24.56,high,02:00,OP
5355,2025-08-12 03:00:00,2025,8,12,3,1,Weekday,Aug,0.1285,0.1285,46035,231,29.25,high,03:00,OP
5356,2025-08-12 04:00:00,2025,8,12,4,1,Weekday,Aug,0.1432,0.1432,46035,231,32.6,high,04:00,OP
5357,2025-08-12 05:00:00,2025,8,12,5,1,Weekday,Aug,0.157,0.157,46035,231,35.74,high,05:00,OP
5358,2025-08-12 06:00:00,2025,8,12,6,1,Weekday,Aug,0.289,0.289,46035,231,65.8,high,06:00,PK
5359,2025-08-12 07:00:00,2025,8,12,7,1,Weekday,Aug,0.046,0.1,46035,231,22.76,high,07:00,PK
5360,2025-08-12 08:00:00,2025,8,12,8,1,Weekday,Aug,0.3365,0.3365,46035,231,76.61,high,08:00,STD
5361,2025-08-12 09:00:00,2025,8,12,9,1,Weekday,Aug,0.6077,0.6077,46035,231,138.35,high,09:00,STD
5362,2025-08-12 10:00:00,2025,8,12,10,1,Weekday,Aug,0.5644,0.5644,46035,231,128.49,high,10:00,STD
5363,2025-08-12 11:00:00,2025,8,12,11,1,Weekday,Aug,0.5577,0.5577,46035,231,126.96,high,11:00,STD
5364,2025-08-12 12:00:00,2025,8,12,12,1,Weekday,Aug,0.5319,0.5319,46035,231,121.09,high,12:00,STD
5365,2025-08-12 13:00:00,2025,8,12,13,1,Weekday,Aug,0.5076,0.5076,46035,231,115.56,high,13:00,STD
5366,2025-08-12 14:00:00,2025,8,12,14,1,Weekday,Aug,0.4855,0.4855,46035,231,110.53,high,14:00,STD
5367,2025-08-12 15:00:00,2025,8,12,15,1,Weekday,Aug,0.4967,0.4967,46035,231,113.08,high,15:00,STD
5368,2025-08-12 16:00:00,2025,8,12,16,1,Weekday,Aug,0.5252,0.5252,46035,231,119.56,high,16:00,STD
5369,2025-08-12 17:00:00,2025,8,12,17,1,Weekday,Aug,0.2875,0.2875,46035,231,65.45,high,17:00,PK
5370,2025-08-12 18:00:00,2025,8,12,18,1,Weekday,Aug,0.0394,0.1,46035,231,22.76,high,18:00,PK
5371,2025-08-12 19:00:00,2025,8,12,19,1,Weekday,Aug,0.0369,0.1,46035,231,22.76,high,19:00,PK
5372,2025-08-12 20:00:00,2025,8,12,20,1,Weekday,Aug,0.2441,0.2441,46035,231,55.57,high,20:00,STD
5373,2025-08-12 21:00:00,2025,8,12,21,1,Weekday,Aug,0.4107,0.4107,46035,231,93.49,high,21:00,STD
5374,2025-08-12 22:00:00,2025,8,12,22,1,Weekday,Aug,0.1291,0.1291,46035,231,29.39,high,22:00,OP
5375,2025-08-12 23:00:00,2025,8,12,23,1,Weekday,Aug,0.0986,0.1,46035,231,22.76,high,23:00,OP
5376,2025-08-13 00:00:00,2025,8,13,0,2,Weekday,Aug,0.1105,0.1105,46035,231,25.16,high,00:00,OP
5377,2025-08-13 01:00:00,2025,8,13,1,2,Weekday,Aug,0.1022,0.1022,46035,231,23.27,high,01:00,OP
5378,2025-08-13 02:00:00,2025,8,13,2,2,Weekday,Aug,0.1079,0.1079,46035,231,24.56,high,02:00,OP
5379,2025-08-13 03:00:00,2025,8,13,3,2,Weekday,Aug,0.1285,0.1285,46035,231,29.25,high,03:00,OP
5380,2025-08-13 04:00:00,2025,8,13,4,2,Weekday,Aug,0.1432,0.1432,46035,231,32.6,high,04:00,OP
5381,2025-08-13 05:00:00,2025,8,13,5,2,Weekday,Aug,0.157,0.157,46035,231,35.74,high,05:00,OP
5382,2025-08-13 06:00:00,2025,8,13,6,2,Weekday,Aug,0.289,0.289,46035,231,65.8,high,06:00,PK
5383,2025-08-13 07:00:00,2025,8,13,7,2,Weekday,Aug,0.046,0.1,46035,231,22.76,high,07:00,PK
5384,2025-08-13 08:00:00,2025,8,13,8,2,Weekday,Aug,0.3365,0.3365,46035,231,76.61,high,08:00,STD
5385,2025-08-13 09:00:00,2025,8,13,9,2,Weekday,Aug,0.6077,0.6077,46035,231,138.35,high,09:00,STD
5386,2025-08-13 10:00:00,2025,8,13,10,2,Weekday,Aug,0.5644,0.5644,46035,231,128.49,high,10:00,STD
5387,2025-08-13 11:00:00,2025,8,13,11,2,Weekday,Aug,0.5577,0.5577,46035,231,126.96,high,11:00,STD
5388,2025-08-13 12:00:00,2025,8,13,12,2,Weekday,Aug,0.5319,0.5319,46035,231,121.09,high,12:00,STD
5389,2025-08-13 13:00:00,2025,8,13,13,2,Weekday,Aug,0.5076,0.5076,46035,231,115.56,high,13:00,STD
5390,2025-08-13 14:00:00,2025,8,13,14,2,Weekday,Aug,0.4855,0.4855,46035,231,110.53,high,14:00,STD
5391,2025-08-13 15:00:00,2025,8,13,15,2,Weekday,Aug,0.4967,0.4967,46035,231,113.08,high,15:00,STD
5392,2025-08-13 16:00:00,2025,8,13,16,2,Weekday,Aug,0.5252,0.5252,46035,231,119.56,high,16:00,STD
5393,2025-08-13 17:00:00,2025,8,13,17,2,Weekday,Aug,0.2875,0.2875,46035,231,65.45,high,17:00,PK
5394,2025-08-13 18:00:00,2025,8,13,18,2,Weekday,Aug,0.0394,0.1,46035,231,22.76,high,18:00,PK
5395,2025-08-13 19:00:00,2025,8,13,19,2,Weekday,Aug,0.0369,0.1,46035,231,22.76,high,19:00,PK
5396,2025-08-13 20:00:00,2025,8,13,20,2,Weekday,Aug,0.2441,0.2441,46035,231,55.57,high,20:00,STD
5397,2025-08-13 21:00:00,2025,8,13,21,2,Weekday,Aug,0.4107,0.4107,46035,231,93.49,high,21:00,STD
5398,2025-08-13 22:00:00,2025,8,13,22,2,Weekday,Aug,0.1291,0.1291,46035,231,29.39,high,22:00,OP
5399,2025-08-13 23:00:00,2025,8,13,23,2,Weekday,Aug,0.0986,0.1,46035,231,22.76,high,23:00,OP
5400,2025-08-14 00:00:00,2025,8,14,0,3,Weekday,Aug,0.1105,0.1105,46035,231,25.16,high,00:00,OP
5401,2025-08-14 01:00:00,2025,8,14,1,3,Weekday,Aug,0.1022,0.1022,46035,231,23.27,high,01:00,OP
5402,2025-08-14 02:00:00,2025,8,14,2,3,Weekday,Aug,0.1079,0.1079,46035,231,24.56,high,02:00,OP
5403,2025-08-14 03:00:00,2025,8,14,3,3,Weekday,Aug,0.1285,0.1285,46035,231,29.25,high,03:00,OP
5404,2025-08-14 04:00:00,2025,8,14,4,3,Weekday,Aug,0.1432,0.1432,46035,231,32.6,high,04:00,OP
5405,2025-08-14 05:00:00,2025,8,14,5,3,Weekday,Aug,0.157,0.157,46035,231,35.74,high,05:00,OP
5406,2025-08-14 06:00:00,2025,8,14,6,3,Weekday,Aug,0.289,0.289,46035,231,65.8,high,06:00,PK
5407,2025-08-14 07:00:00,2025,8,14,7,3,Weekday,Aug,0.046,0.1,46035,231,22.76,high,07:00,PK
5408,2025-08-14 08:00:00,2025,8,14,8,3,Weekday,Aug,0.3365,0.3365,46035,231,76.61,high,08:00,STD
5409,2025-08-14 09:00:00,2025,8,14,9,3,Weekday,Aug,0.6077,0.6077,46035,231,138.35,high,09:00,STD
5410,2025-08-14 10:00:00,2025,8,14,10,3,Weekday,Aug,0.5644,0.5644,46035,231,128.49,high,10:00,STD
5411,2025-08-14 11:00:00,2025,8,14,11,3,Weekday,Aug,0.5577,0.5577,46035,231,126.96,high,11:00,STD
5412,2025-08-14 12:00:00,2025,8,14,12,3,Weekday,Aug,0.5319,0.5319,46035,231,121.09,high,12:00,STD
5413,2025-08-14 13:00:00,2025,8,14,13,3,Weekday,Aug,0.5076,0.5076,46035,231,115.56,high,13:00,STD
5414,2025-08-14 14:00:00,2025,8,14,14,3,Weekday,Aug,0.4855,0.4855,46035,231,110.53,high,14:00,STD
5415,2025-08-14 15:00:00,2025,8,14,15,3,Weekday,Aug,0.4967,0.4967,46035,231,113.08,high,15:00,STD
5416,2025-08-14 16:00:00,2025,8,14,16,3,Weekday,Aug,0.5252,0.5252,46035,231,119.56,high,16:00,STD
5417,2025-08-14 17:00:00,2025,8,14,17,3,Weekday,Aug,0.2875,0.2875,46035,231,65.45,high,17:00,PK
5418,2025-08-14 18:00:00,2025,8,14,18,3,Weekday,Aug,0.0394,0.1,46035,231,22.76,high,18:00,PK
5419,2025-08-14 19:00:00,2025,8,14,19,3,Weekday,Aug,0.0369,0.1,46035,231,22.76,high,19:00,PK
5420,2025-08-14 20:00:00,2025,8,14,20,3,Weekday,Aug,0.2441,0.2441,46035,231,55.57,high,20:00,STD
5421,2025-08-14 21:00:00,2025,8,14,21,3,Weekday,Aug,0.4107,0.4107,46035,231,93.49,high,21:00,STD
5422,2025-08-14 22:00:00,2025,8,14,22,3,Weekday,Aug,0.1291,0.1291,46035,231,29.39,high,22:00,OP
5423,2025-08-14 23:00:00,2025,8,14,23,3,Weekday,Aug,0.0986,0.1,46035,231,22.76,high,23:00,OP
5424,2025-08-15 00:00:00,2025,8,15,0,4,Weekday,Aug,0.1105,0.1105,46035,231,25.16,high,00:00,OP
5425,2025-08-15 01:00:00,2025,8,15,1,4,Weekday,Aug,0.1022,0.1022,46035,231,23.27,high,01:00,OP
5426,2025-08-15 02:00:00,2025,8,15,2,4,Weekday,Aug,0.1079,0.1079,46035,231,24.56,high,02:00,OP
5427,2025-08-15 03:00:00,2025,8,15,3,4,Weekday,Aug,0.1285,0.1285,46035,231,29.25,high,03:00,OP
5428,2025-08-15 04:00:00,2025,8,15,4,4,Weekday,Aug,0.1432,0.1432,46035,231,32.6,high,04:00,OP
5429,2025-08-15 05:00:00,2025,8,15,5,4,Weekday,Aug,0.157,0.157,46035,231,35.74,high,05:00,OP
5430,2025-08-15 06:00:00,2025,8,15,6,4,Weekday,Aug,0.289,0.289,46035,231,65.8,high,06:00,PK
5431,2025-08-15 07:00:00,2025,8,15,7,4,Weekday,Aug,0.046,0.1,46035,231,22.76,high,07:00,PK
5432,2025-08-15 08:00:00,2025,8,15,8,4,Weekday,Aug,0.3365,0.3365,46035,231,76.61,high,08:00,STD
5433,2025-08-15 09:00:00,2025,8,15,9,4,Weekday,Aug,0.6077,0.6077,46035,231,138.35,high,09:00,STD
5434,2025-08-15 10:00:00,2025,8,15,10,4,Weekday,Aug,0.5644,0.5644,46035,231,128.49,high,10:00,STD
5435,2025-08-15 11:00:00,2025,8,15,11,4,Weekday,Aug,0.5577,0.5577,46035,231,126.96,high,11:00,STD
5436,2025-08-15 12:00:00,2025,8,15,12,4,Weekday,Aug,0.5319,0.5319,46035,231,121.09,high,12:00,STD
5437,2025-08-15 13:00:00,2025,8,15,13,4,Weekday,Aug,0.5076,0.5076,46035,231,115.56,high,13:00,STD
5438,2025-08-15 14:00:00,2025,8,15,14,4,Weekday,Aug,0.4855,0.4855,46035,231,110.53,high,14:00,STD
5439,2025-08-15 15:00:00,2025,8,15,15,4,Weekday,Aug,0.4967,0.4967,46035,231,113.08,high,15:00,STD
5440,2025-08-15 16:00:00,2025,8,15,16,4,Weekday,Aug,0.5252,0.5252,46035,231,119.56,high,16:00,STD
5441,2025-08-15 17:00:00,2025,8,15,17,4,Weekday,Aug,0.2875,0.2875,46035,231,65.45,high,17:00,PK
5442,2025-08-15 18:00:00,2025,8,15,18,4,Weekday,Aug,0.0394,0.1,46035,231,22.76,high,18:00,PK
5443,2025-08-15 19:00:00,2025,8,15,19,4,Weekday,Aug,0.0369,0.1,46035,231,22.76,high,19:00,PK
5444,2025-08-15 20:00:00,2025,8,15,20,4,Weekday,Aug,0.2441,0.2441,46035,231,55.57,high,20:00,STD
5445,2025-08-15 21:00:00,2025,8,15,21,4,Weekday,Aug,0.4107,0.4107,46035,231,93.49,high,21:00,STD
5446,2025-08-15 22:00:00,2025,8,15,22,4,Weekday,Aug,0.1291,0.1291,46035,231,29.39,high,22:00,OP
5447,2025-08-15 23:00:00,2025,8,15,23,4,Weekday,Aug,0.0986,0.1,46035,231,22.76,high,23:00,OP
5448,2025-08-16 00:00:00,2025,8,16,0,5,Sat,Aug,0.11,0.11,46035,231,25.04,high,00:00,OP
5449,2025-08-16 01:00:00,2025,8,16,1,5,Sat,Aug,0.1034,0.1034,46035,231,23.54,high,01:00,OP
5450,2025-08-16 02:00:00,2025,8,16,2,5,Sat,Aug,0.1073,0.1073,46035,231,24.43,high,02:00,OP
5451,2025-08-16 03:00:00,2025,8,16,3,5,Sat,Aug,0.1261,0.1261,46035,231,28.71,high,03:00,OP
5452,2025-08-16 04:00:00,2025,8,16,4,5,Sat,Aug,0.1426,0.1426,46035,231,32.46,high,04:00,OP
5453,2025-08-16 05:00:00,2025,8,16,5,5,Sat,Aug,0.1505,0.1505,46035,231,34.27,high,05:00,OP
5454,2025-08-16 06:00:00,2025,8,16,6,5,Sat,Aug,0.1655,0.1655,46035,231,37.68,high,06:00,OP
5455,2025-08-16 07:00:00,2025,8,16,7,5,Sat,Aug,0.3932,0.3932,46035,231,89.51,high,07:00,STD
5456,2025-08-16 08:00:00,2025,8,16,8,5,Sat,Aug,0.379,0.379,46035,231,86.28,high,08:00,STD
5457,2025-08-16 09:00:00,2025,8,16,9,5,Sat,Aug,0.3775,0.3775,46035,231,85.94,high,09:00,STD
5458,2025-08-16 10:00:00,2025,8,16,10,5,Sat,Aug,0.3608,0.3608,46035,231,82.13,high,10:00,STD
5459,2025-08-16 11:00:00,2025,8,16,11,5,Sat,Aug,0.3558,0.3558,46035,231,81.0,high,11:00,STD
5460,2025-08-16 12:00:00,2025,8,16,12,5,Sat,Aug,0.1722,0.1722,46035,231,39.2,high,12:00,OP
5461,2025-08-16 13:00:00,2025,8,16,13,5,Sat,Aug,0.1653,0.1653,46035,231,37.63,high,13:00,OP
5462,2025-08-16 14:00:00,2025,8,16,14,5,Sat,Aug,0.1541,0.1541,46035,231,35.08,high,14:00,OP
5463,2025-08-16 15:00:00,2025,8,16,15,5,Sat,Aug,0.1547,0.1547,46035,231,35.22,high,15:00,OP
5464,2025-08-16 16:00:00,2025,8,16,16,5,Sat,Aug,0.1634,0.1634,46035,231,37.2,high,16:00,OP
5465,2025-08-16 17:00:00,2025,8,16,17,5,Sat,Aug,0.3292,0.3292,46035,231,74.95,high,17:00,STD
5466,2025-08-16 18:00:00,2025,8,16,18,5,Sat,Aug,0.521,0.521,46035,231,118.61,high,18:00,STD
5467,2025-08-16 19:00:00,2025,8,16,19,5,Sat,Aug,0.3252,0.3252,46035,231,74.03,high,19:00,OP
5468,2025-08-16 20:00:00,2025,8,16,20,5,Sat,Aug,0.1437,0.1437,46035,231,32.71,high,20:00,OP
5469,2025-08-16 21:00:00,2025,8,16,21,5,Sat,Aug,0.1337,0.1337,46035,231,30.43,high,21:00,OP
5470,2025-08-16 22:00:00,2025,8,16,22,5,Sat,Aug,0.1291,0.1291,46035,231,29.39,high,22:00,OP
5471,2025-08-16 23:00:00,2025,8,16,23,5,Sat,Aug,0.0971,0.1,46035,231,22.76,high,23:00,OP
5472,2025-08-17 00:00:00,2025,8,17,0,6,Sun,Aug,0.11,0.11,46035,231,25.04,high,00:00,OP
5473,2025-08-17 01:00:00,2025,8,17,1,6,Sun,Aug,0.1034,0.1034,46035,231,23.54,high,01:00,OP
5474,2025-08-17 02:00:00,2025,8,17,2,6,Sun,Aug,0.1073,0.1073,46035,231,24.43,high,02:00,OP
5475,2025-08-17 03:00:00,2025,8,17,3,6,Sun,Aug,0.1261,0.1261,46035,231,28.71,high,03:00,OP
5476,2025-08-17 04:00:00,2025,8,17,4,6,Sun,Aug,0.1426,0.1426,46035,231,32.46,high,04:00,OP
5477,2025-08-17 05:00:00,2025,8,17,5,6,Sun,Aug,0.1505,0.1505,46035,231,34.27,high,05:00,OP
5478,2025-08-17 06:00:00,2025,8,17,6,6,Sun,Aug,0.1655,0.1655,46035,231,37.68,high,06:00,OP
5479,2025-08-17 07:00:00,2025,8,17,7,6,Sun,Aug,0.3932,0.3932,46035,231,89.51,high,07:00,OP
5480,2025-08-17 08:00:00,2025,8,17,8,6,Sun,Aug,0.379,0.379,46035,231,86.28,high,08:00,OP
5481,2025-08-17 09:00:00,2025,8,17,9,6,Sun,Aug,0.3775,0.3775,46035,231,85.94,high,09:00,OP
5482,2025-08-17 10:00:00,2025,8,17,10,6,Sun,Aug,0.3608,0.3608,46035,231,82.13,high,10:00,OP
5483,2025-08-17 11:00:00,2025,8,17,11,6,Sun,Aug,0.3558,0.3558,46035,231,81.0,high,11:00,OP
5484,2025-08-17 12:00:00,2025,8,17,12,6,Sun,Aug,0.1722,0.1722,46035,231,39.2,high,12:00,OP
5485,2025-08-17 13:00:00,2025,8,17,13,6,Sun,Aug,0.1653,0.1653,46035,231,37.63,high,13:00,OP
5486,2025-08-17 14:00:00,2025,8,17,14,6,Sun,Aug,0.1541,0.1541,46035,231,35.08,high,14:00,OP
5487,2025-08-17 15:00:00,2025,8,17,15,6,Sun,Aug,0.1547,0.1547,46035,231,35.22,high,15:00,OP
5488,2025-08-17 16:00:00,2025,8,17,16,6,Sun,Aug,0.1634,0.1634,46035,231,37.2,high,16:00,OP
5489,2025-08-17 17:00:00,2025,8,17,17,6,Sun,Aug,0.3292,0.3292,46035,231,74.95,high,17:00,STD
5490,2025-08-17 18:00:00,2025,8,17,18,6,Sun,Aug,0.521,0.521,46035,231,118.61,high,18:00,STD
5491,2025-08-17 19:00:00,2025,8,17,19,6,Sun,Aug,0.3252,0.3252,46035,231,74.03,high,19:00,OP
5492,2025-08-17 20:00:00,2025,8,17,20,6,Sun,Aug,0.1437,0.1437,46035,231,32.71,high,20:00,OP
5493,2025-08-17 21:00:00,2025,8,17,21,6,Sun,Aug,0.1337,0.1337,46035,231,30.43,high,21:00,OP
5494,2025-08-17 22:00:00,2025,8,17,22,6,Sun,Aug,0.1291,0.1291,46035,231,29.39,high,22:00,OP
5495,2025-08-17 23:00:00,2025,8,17,23,6,Sun,Aug,0.0971,0.1,46035,231,22.76,high,23:00,OP
5496,2025-08-18 00:00:00,2025,8,18,0,0,Weekday,Aug,0.1105,0.1105,46035,231,25.16,high,00:00,OP
5497,2025-08-18 01:00:00,2025,8,18,1,0,Weekday,Aug,0.1022,0.1022,46035,231,23.27,high,01:00,OP
5498,2025-08-18 02:00:00,2025,8,18,2,0,Weekday,Aug,0.1079,0.1079,46035,231,24.56,high,02:00,OP
5499,2025-08-18 03:00:00,2025,8,18,3,0,Weekday,Aug,0.1285,0.1285,46035,231,29.25,high,03:00,OP
5500,2025-08-18 04:00:00,2025,8,18,4,0,Weekday,Aug,0.1432,0.1432,46035,231,32.6,high,04:00,OP
5501,2025-08-18 05:00:00,2025,8,18,5,0,Weekday,Aug,0.157,0.157,46035,231,35.74,high,05:00,OP
5502,2025-08-18 06:00:00,2025,8,18,6,0,Weekday,Aug,0.289,0.289,46035,231,65.8,high,06:00,PK
5503,2025-08-18 07:00:00,2025,8,18,7,0,Weekday,Aug,0.046,0.1,46035,231,22.76,high,07:00,PK
5504,2025-08-18 08:00:00,2025,8,18,8,0,Weekday,Aug,0.3365,0.3365,46035,231,76.61,high,08:00,STD
5505,2025-08-18 09:00:00,2025,8,18,9,0,Weekday,Aug,0.6077,0.6077,46035,231,138.35,high,09:00,STD
5506,2025-08-18 10:00:00,2025,8,18,10,0,Weekday,Aug,0.5644,0.5644,46035,231,128.49,high,10:00,STD
5507,2025-08-18 11:00:00,2025,8,18,11,0,Weekday,Aug,0.5577,0.5577,46035,231,126.96,high,11:00,STD
5508,2025-08-18 12:00:00,2025,8,18,12,0,Weekday,Aug,0.5319,0.5319,46035,231,121.09,high,12:00,STD
5509,2025-08-18 13:00:00,2025,8,18,13,0,Weekday,Aug,0.5076,0.5076,46035,231,115.56,high,13:00,STD
5510,2025-08-18 14:00:00,2025,8,18,14,0,Weekday,Aug,0.4855,0.4855,46035,231,110.53,high,14:00,STD
5511,2025-08-18 15:00:00,2025,8,18,15,0,Weekday,Aug,0.4967,0.4967,46035,231,113.08,high,15:00,STD
5512,2025-08-18 16:00:00,2025,8,18,16,0,Weekday,Aug,0.5252,0.5252,46035,231,119.56,high,16:00,STD
5513,2025-08-18 17:00:00,2025,8,18,17,0,Weekday,Aug,0.2875,0.2875,46035,231,65.45,high,17:00,PK
5514,2025-08-18 18:00:00,2025,8,18,18,0,Weekday,Aug,0.0394,0.1,46035,231,22.76,high,18:00,PK
5515,2025-08-18 19:00:00,2025,8,18,19,0,Weekday,Aug,0.0369,0.1,46035,231,22.76,high,19:00,PK
5516,2025-08-18 20:00:00,2025,8,18,20,0,Weekday,Aug,0.2441,0.2441,46035,231,55.57,high,20:00,STD
5517,2025-08-18 21:00:00,2025,8,18,21,0,Weekday,Aug,0.4107,0.4107,46035,231,93.49,high,21:00,STD
5518,2025-08-18 22:00:00,2025,8,18,22,0,Weekday,Aug,0.1291,0.1291,46035,231,29.39,high,22:00,OP
5519,2025-08-18 23:00:00,2025,8,18,23,0,Weekday,Aug,0.0986,0.1,46035,231,22.76,high,23:00,OP
5520,2025-08-19 00:00:00,2025,8,19,0,1,Weekday,Aug,0.1105,0.1105,46035,231,25.16,high,00:00,OP
5521,2025-08-19 01:00:00,2025,8,19,1,1,Weekday,Aug,0.1022,0.1022,46035,231,23.27,high,01:00,OP
5522,2025-08-19 02:00:00,2025,8,19,2,1,Weekday,Aug,0.1079,0.1079,46035,231,24.56,high,02:00,OP
5523,2025-08-19 03:00:00,2025,8,19,3,1,Weekday,Aug,0.1285,0.1285,46035,231,29.25,high,03:00,OP
5524,2025-08-19 04:00:00,2025,8,19,4,1,Weekday,Aug,0.1432,0.1432,46035,231,32.6,high,04:00,OP
5525,2025-08-19 05:00:00,2025,8,19,5,1,Weekday,Aug,0.157,0.157,46035,231,35.74,high,05:00,OP
5526,2025-08-19 06:00:00,2025,8,19,6,1,Weekday,Aug,0.289,0.289,46035,231,65.8,high,06:00,PK
5527,2025-08-19 07:00:00,2025,8,19,7,1,Weekday,Aug,0.046,0.1,46035,231,22.76,high,07:00,PK
5528,2025-08-19 08:00:00,2025,8,19,8,1,Weekday,Aug,0.3365,0.3365,46035,231,76.61,high,08:00,STD
5529,2025-08-19 09:00:00,2025,8,19,9,1,Weekday,Aug,0.6077,0.6077,46035,231,138.35,high,09:00,STD
5530,2025-08-19 10:00:00,2025,8,19,10,1,Weekday,Aug,0.5644,0.5644,46035,231,128.49,high,10:00,STD
5531,2025-08-19 11:00:00,2025,8,19,11,1,Weekday,Aug,0.5577,0.5577,46035,231,126.96,high,11:00,STD
5532,2025-08-19 12:00:00,2025,8,19,12,1,Weekday,Aug,0.5319,0.5319,46035,231,121.09,high,12:00,STD
5533,2025-08-19 13:00:00,2025,8,19,13,1,Weekday,Aug,0.5076,0.5076,46035,231,115.56,high,13:00,STD
5534,2025-08-19 14:00:00,2025,8,19,14,1,Weekday,Aug,0.4855,0.4855,46035,231,110.53,high,14:00,STD
5535,2025-08-19 15:00:00,2025,8,19,15,1,Weekday,Aug,0.4967,0.4967,46035,231,113.08,high,15:00,STD
5536,2025-08-19 16:00:00,2025,8,19,16,1,Weekday,Aug,0.5252,0.5252,46035,231,119.56,high,16:00,STD
5537,2025-08-19 17:00:00,2025,8,19,17,1,Weekday,Aug,0.2875,0.2875,46035,231,65.45,high,17:00,PK
5538,2025-08-19 18:00:00,2025,8,19,18,1,Weekday,Aug,0.0394,0.1,46035,231,22.76,high,18:00,PK
5539,2025-08-19 19:00:00,2025,8,19,19,1,Weekday,Aug,0.0369,0.1,46035,231,22.76,high,19:00,PK
5540,2025-08-19 20:00:00,2025,8,19,20,1,Weekday,Aug,0.2441,0.2441,46035,231,55.57,high,20:00,STD
5541,2025-08-19 21:00:00,2025,8,19,21,1,Weekday,Aug,0.4107,0.4107,46035,231,93.49,high,21:00,STD
5542,2025-08-19 22:00:00,2025,8,19,22,1,Weekday,Aug,0.1291,0.1291,46035,231,29.39,high,22:00,OP
5543,2025-08-19 23:00:00,2025,8,19,23,1,Weekday,Aug,0.0986,0.1,46035,231,22.76,high,23:00,OP
5544,2025-08-20 00:00:00,2025,8,20,0,2,Weekday,Aug,0.1105,0.1105,46035,231,25.16,high,00:00,OP
5545,2025-08-20 01:00:00,2025,8,20,1,2,Weekday,Aug,0.1022,0.1022,46035,231,23.27,high,01:00,OP
5546,2025-08-20 02:00:00,2025,8,20,2,2,Weekday,Aug,0.1079,0.1079,46035,231,24.56,high,02:00,OP
5547,2025-08-20 03:00:00,2025,8,20,3,2,Weekday,Aug,0.1285,0.1285,46035,231,29.25,high,03:00,OP
5548,2025-08-20 04:00:00,2025,8,20,4,2,Weekday,Aug,0.1432,0.1432,46035,231,32.6,high,04:00,OP
5549,2025-08-20 05:00:00,2025,8,20,5,2,Weekday,Aug,0.157,0.157,46035,231,35.74,high,05:00,OP
5550,2025-08-20 06:00:00,2025,8,20,6,2,Weekday,Aug,0.289,0.289,46035,231,65.8,high,06:00,PK
5551,2025-08-20 07:00:00,2025,8,20,7,2,Weekday,Aug,0.046,0.1,46035,231,22.76,high,07:00,PK
5552,2025-08-20 08:00:00,2025,8,20,8,2,Weekday,Aug,0.3365,0.3365,46035,231,76.61,high,08:00,STD
5553,2025-08-20 09:00:00,2025,8,20,9,2,Weekday,Aug,0.6077,0.6077,46035,231,138.35,high,09:00,STD
5554,2025-08-20 10:00:00,2025,8,20,10,2,Weekday,Aug,0.5644,0.5644,46035,231,128.49,high,10:00,STD
5555,2025-08-20 11:00:00,2025,8,20,11,2,Weekday,Aug,0.5577,0.5577,46035,231,126.96,high,11:00,STD
5556,2025-08-20 12:00:00,2025,8,20,12,2,Weekday,Aug,0.5319,0.5319,46035,231,121.09,high,12:00,STD
5557,2025-08-20 13:00:00,2025,8,20,13,2,Weekday,Aug,0.5076,0.5076,46035,231,115.56,high,13:00,STD
5558,2025-08-20 14:00:00,2025,8,20,14,2,Weekday,Aug,0.4855,0.4855,46035,231,110.53,high,14:00,STD
5559,2025-08-20 15:00:00,2025,8,20,15,2,Weekday,Aug,0.4967,0.4967,46035,231,113.08,high,15:00,STD
5560,2025-08-20 16:00:00,2025,8,20,16,2,Weekday,Aug,0.5252,0.5252,46035,231,119.56,high,16:00,STD
5561,2025-08-20 17:00:00,2025,8,20,17,2,Weekday,Aug,0.2875,0.2875,46035,231,65.45,high,17:00,PK
5562,2025-08-20 18:00:00,2025,8,20,18,2,Weekday,Aug,0.0394,0.1,46035,231,22.76,high,18:00,PK
5563,2025-08-20 19:00:00,2025,8,20,19,2,Weekday,Aug,0.0369,0.1,46035,231,22.76,high,19:00,PK
5564,2025-08-20 20:00:00,2025,8,20,20,2,Weekday,Aug,0.2441,0.2441,46035,231,55.57,high,20:00,STD
5565,2025-08-20 21:00:00,2025,8,20,21,2,Weekday,Aug,0.4107,0.4107,46035,231,93.49,high,21:00,STD
5566,2025-08-20 22:00:00,2025,8,20,22,2,Weekday,Aug,0.1291,0.1291,46035,231,29.39,high,22:00,OP
5567,2025-08-20 23:00:00,2025,8,20,23,2,Weekday,Aug,0.0986,0.1,46035,231,22.76,high,23:00,OP
5568,2025-08-21 00:00:00,2025,8,21,0,3,Weekday,Aug,0.1105,0.1105,46035,231,25.16,high,00:00,OP
5569,2025-08-21 01:00:00,2025,8,21,1,3,Weekday,Aug,0.1022,0.1022,46035,231,23.27,high,01:00,OP
5570,2025-08-21 02:00:00,2025,8,21,2,3,Weekday,Aug,0.1079,0.1079,46035,231,24.56,high,02:00,OP
5571,2025-08-21 03:00:00,2025,8,21,3,3,Weekday,Aug,0.1285,0.1285,46035,231,29.25,high,03:00,OP
5572,2025-08-21 04:00:00,2025,8,21,4,3,Weekday,Aug,0.1432,0.1432,46035,231,32.6,high,04:00,OP
5573,2025-08-21 05:00:00,2025,8,21,5,3,Weekday,Aug,0.157,0.157,46035,231,35.74,high,05:00,OP
5574,2025-08-21 06:00:00,2025,8,21,6,3,Weekday,Aug,0.289,0.289,46035,231,65.8,high,06:00,PK
5575,2025-08-21 07:00:00,2025,8,21,7,3,Weekday,Aug,0.046,0.1,46035,231,22.76,high,07:00,PK
5576,2025-08-21 08:00:00,2025,8,21,8,3,Weekday,Aug,0.3365,0.3365,46035,231,76.61,high,08:00,STD
5577,2025-08-21 09:00:00,2025,8,21,9,3,Weekday,Aug,0.6077,0.6077,46035,231,138.35,high,09:00,STD
5578,2025-08-21 10:00:00,2025,8,21,10,3,Weekday,Aug,0.5644,0.5644,46035,231,128.49,high,10:00,STD
5579,2025-08-21 11:00:00,2025,8,21,11,3,Weekday,Aug,0.5577,0.5577,46035,231,126.96,high,11:00,STD
5580,2025-08-21 12:00:00,2025,8,21,12,3,Weekday,Aug,0.5319,0.5319,46035,231,121.09,high,12:00,STD
5581,2025-08-21 13:00:00,2025,8,21,13,3,Weekday,Aug,0.5076,0.5076,46035,231,115.56,high,13:00,STD
5582,2025-08-21 14:00:00,2025,8,21,14,3,Weekday,Aug,0.4855,0.4855,46035,231,110.53,high,14:00,STD
5583,2025-08-21 15:00:00,2025,8,21,15,3,Weekday,Aug,0.4967,0.4967,46035,231,113.08,high,15:00,STD
5584,2025-08-21 16:00:00,2025,8,21,16,3,Weekday,Aug,0.5252,0.5252,46035,231,119.56,high,16:00,STD
5585,2025-08-21 17:00:00,2025,8,21,17,3,Weekday,Aug,0.2875,0.2875,46035,231,65.45,high,17:00,PK
5586,2025-08-21 18:00:00,2025,8,21,18,3,Weekday,Aug,0.0394,0.1,46035,231,22.76,high,18:00,PK
5587,2025-08-21 19:00:00,2025,8,21,19,3,Weekday,Aug,0.0369,0.1,46035,231,22.76,high,19:00,PK
5588,2025-08-21 20:00:00,2025,8,21,20,3,Weekday,Aug,0.2441,0.2441,46035,231,55.57,high,20:00,STD
5589,2025-08-21 21:00:00,2025,8,21,21,3,Weekday,Aug,0.4107,0.4107,46035,231,93.49,high,21:00,STD
5590,2025-08-21 22:00:00,2025,8,21,22,3,Weekday,Aug,0.1291,0.1291,46035,231,29.39,high,22:00,OP
5591,2025-08-21 23:00:00,2025,8,21,23,3,Weekday,Aug,0.0986,0.1,46035,231,22.76,high,23:00,OP
5592,2025-08-22 00:00:00,2025,8,22,0,4,Weekday,Aug,0.1105,0.1105,46035,231,25.16,high,00:00,OP
5593,2025-08-22 01:00:00,2025,8,22,1,4,Weekday,Aug,0.1022,0.1022,46035,231,23.27,high,01:00,OP
5594,2025-08-22 02:00:00,2025,8,22,2,4,Weekday,Aug,0.1079,0.1079,46035,231,24.56,high,02:00,OP
5595,2025-08-22 03:00:00,2025,8,22,3,4,Weekday,Aug,0.1285,0.1285,46035,231,29.25,high,03:00,OP
5596,2025-08-22 04:00:00,2025,8,22,4,4,Weekday,Aug,0.1432,0.1432,46035,231,32.6,high,04:00,OP
5597,2025-08-22 05:00:00,2025,8,22,5,4,Weekday,Aug,0.157,0.157,46035,231,35.74,high,05:00,OP
5598,2025-08-22 06:00:00,2025,8,22,6,4,Weekday,Aug,0.289,0.289,46035,231,65.8,high,06:00,PK
5599,2025-08-22 07:00:00,2025,8,22,7,4,Weekday,Aug,0.046,0.1,46035,231,22.76,high,07:00,PK
5600,2025-08-22 08:00:00,2025,8,22,8,4,Weekday,Aug,0.3365,0.3365,46035,231,76.61,high,08:00,STD
5601,2025-08-22 09:00:00,2025,8,22,9,4,Weekday,Aug,0.6077,0.6077,46035,231,138.35,high,09:00,STD
5602,2025-08-22 10:00:00,2025,8,22,10,4,Weekday,Aug,0.5644,0.5644,46035,231,128.49,high,10:00,STD
5603,2025-08-22 11:00:00,2025,8,22,11,4,Weekday,Aug,0.5577,0.5577,46035,231,126.96,high,11:00,STD
5604,2025-08-22 12:00:00,2025,8,22,12,4,Weekday,Aug,0.5319,0.5319,46035,231,121.09,high,12:00,STD
5605,2025-08-22 13:00:00,2025,8,22,13,4,Weekday,Aug,0.5076,0.5076,46035,231,115.56,high,13:00,STD
5606,2025-08-22 14:00:00,2025,8,22,14,4,Weekday,Aug,0.4855,0.4855,46035,231,110.53,high,14:00,STD
5607,2025-08-22 15:00:00,2025,8,22,15,4,Weekday,Aug,0.4967,0.4967,46035,231,113.08,high,15:00,STD
5608,2025-08-22 16:00:00,2025,8,22,16,4,Weekday,Aug,0.5252,0.5252,46035,231,119.56,high,16:00,STD
5609,2025-08-22 17:00:00,2025,8,22,17,4,Weekday,Aug,0.2875,0.2875,46035,231,65.45,high,17:00,PK
5610,2025-08-22 18:00:00,2025,8,22,18,4,Weekday,Aug,0.0394,0.1,46035,231,22.76,high,18:00,PK
5611,2025-08-22 19:00:00,2025,8,22,19,4,Weekday,Aug,0.0369,0.1,46035,231,22.76,high,19:00,PK
5612,2025-08-22 20:00:00,2025,8,22,20,4,Weekday,Aug,0.2441,0.2441,46035,231,55.57,high,20:00,STD
5613,2025-08-22 21:00:00,2025,8,22,21,4,Weekday,Aug,0.4107,0.4107,46035,231,93.49,high,21:00,STD
5614,2025-08-22 22:00:00,2025,8,22,22,4,Weekday,Aug,0.1291,0.1291,46035,231,29.39,high,22:00,OP
5615,2025-08-22 23:00:00,2025,8,22,23,4,Weekday,Aug,0.0986,0.1,46035,231,22.76,high,23:00,OP
5616,2025-08-23 00:00:00,2025,8,23,0,5,Sat,Aug,0.11,0.11,46035,231,25.04,high,00:00,OP
5617,2025-08-23 01:00:00,2025,8,23,1,5,Sat,Aug,0.1034,0.1034,46035,231,23.54,high,01:00,OP
5618,2025-08-23 02:00:00,2025,8,23,2,5,Sat,Aug,0.1073,0.1073,46035,231,24.43,high,02:00,OP
5619,2025-08-23 03:00:00,2025,8,23,3,5,Sat,Aug,0.1261,0.1261,46035,231,28.71,high,03:00,OP
5620,2025-08-23 04:00:00,2025,8,23,4,5,Sat,Aug,0.1426,0.1426,46035,231,32.46,high,04:00,OP
5621,2025-08-23 05:00:00,2025,8,23,5,5,Sat,Aug,0.1505,0.1505,46035,231,34.27,high,05:00,OP
5622,2025-08-23 06:00:00,2025,8,23,6,5,Sat,Aug,0.1655,0.1655,46035,231,37.68,high,06:00,OP
5623,2025-08-23 07:00:00,2025,8,23,7,5,Sat,Aug,0.3932,0.3932,46035,231,89.51,high,07:00,STD
5624,2025-08-23 08:00:00,2025,8,23,8,5,Sat,Aug,0.379,0.379,46035,231,86.28,high,08:00,STD
5625,2025-08-23 09:00:00,2025,8,23,9,5,Sat,Aug,0.3775,0.3775,46035,231,85.94,high,09:00,STD
5626,2025-08-23 10:00:00,2025,8,23,10,5,Sat,Aug,0.3608,0.3608,46035,231,82.13,high,10:00,STD
5627,2025-08-23 11:00:00,2025,8,23,11,5,Sat,Aug,0.3558,0.3558,46035,231,81.0,high,11:00,STD
5628,2025-08-23 12:00:00,2025,8,23,12,5,Sat,Aug,0.1722,0.1722,46035,231,39.2,high,12:00,OP
5629,2025-08-23 13:00:00,2025,8,23,13,5,Sat,Aug,0.1653,0.1653,46035,231,37.63,high,13:00,OP
5630,2025-08-23 14:00:00,2025,8,23,14,5,Sat,Aug,0.1541,0.1541,46035,231,35.08,high,14:00,OP
5631,2025-08-23 15:00:00,2025,8,23,15,5,Sat,Aug,0.1547,0.1547,46035,231,35.22,high,15:00,OP
5632,2025-08-23 16:00:00,2025,8,23,16,5,Sat,Aug,0.1634,0.1634,46035,231,37.2,high,16:00,OP
5633,2025-08-23 17:00:00,2025,8,23,17,5,Sat,Aug,0.3292,0.3292,46035,231,74.95,high,17:00,STD
5634,2025-08-23 18:00:00,2025,8,23,18,5,Sat,Aug,0.521,0.521,46035,231,118.61,high,18:00,STD
5635,2025-08-23 19:00:00,2025,8,23,19,5,Sat,Aug,0.3252,0.3252,46035,231,74.03,high,19:00,OP
5636,2025-08-23 20:00:00,2025,8,23,20,5,Sat,Aug,0.1437,0.1437,46035,231,32.71,high,20:00,OP
5637,2025-08-23 21:00:00,2025,8,23,21,5,Sat,Aug,0.1337,0.1337,46035,231,30.43,high,21:00,OP
5638,2025-08-23 22:00:00,2025,8,23,22,5,Sat,Aug,0.1291,0.1291,46035,231,29.39,high,22:00,OP
5639,2025-08-23 23:00:00,2025,8,23,23,5,Sat,Aug,0.0971,0.1,46035,231,22.76,high,23:00,OP
5640,2025-08-24 00:00:00,2025,8,24,0,6,Sun,Aug,0.11,0.11,46035,231,25.04,high,00:00,OP
5641,2025-08-24 01:00:00,2025,8,24,1,6,Sun,Aug,0.1034,0.1034,46035,231,23.54,high,01:00,OP
5642,2025-08-24 02:00:00,2025,8,24,2,6,Sun,Aug,0.1073,0.1073,46035,231,24.43,high,02:00,OP
5643,2025-08-24 03:00:00,2025,8,24,3,6,Sun,Aug,0.1261,0.1261,46035,231,28.71,high,03:00,OP
5644,2025-08-24 04:00:00,2025,8,24,4,6,Sun,Aug,0.1426,0.1426,46035,231,32.46,high,04:00,OP
5645,2025-08-24 05:00:00,2025,8,24,5,6,Sun,Aug,0.1505,0.1505,46035,231,34.27,high,05:00,OP
5646,2025-08-24 06:00:00,2025,8,24,6,6,Sun,Aug,0.1655,0.1655,46035,231,37.68,high,06:00,OP
5647,2025-08-24 07:00:00,2025,8,24,7,6,Sun,Aug,0.3932,0.3932,46035,231,89.51,high,07:00,OP
5648,2025-08-24 08:00:00,2025,8,24,8,6,Sun,Aug,0.379,0.379,46035,231,86.28,high,08:00,OP
5649,2025-08-24 09:00:00,2025,8,24,9,6,Sun,Aug,0.3775,0.3775,46035,231,85.94,high,09:00,OP
5650,2025-08-24 10:00:00,2025,8,24,10,6,Sun,Aug,0.3608,0.3608,46035,231,82.13,high,10:00,OP
5651,2025-08-24 11:00:00,2025,8,24,11,6,Sun,Aug,0.3558,0.3558,46035,231,81.0,high,11:00,OP
5652,2025-08-24 12:00:00,2025,8,24,12,6,Sun,Aug,0.1722,0.1722,46035,231,39.2,high,12:00,OP
5653,2025-08-24 13:00:00,2025,8,24,13,6,Sun,Aug,0.1653,0.1653,46035,231,37.63,high,13:00,OP
5654,2025-08-24 14:00:00,2025,8,24,14,6,Sun,Aug,0.1541,0.1541,46035,231,35.08,high,14:00,OP
5655,2025-08-24 15:00:00,2025,8,24,15,6,Sun,Aug,0.1547,0.1547,46035,231,35.22,high,15:00,OP
5656,2025-08-24 16:00:00,2025,8,24,16,6,Sun,Aug,0.1634,0.1634,46035,231,37.2,high,16:00,OP
5657,2025-08-24 17:00:00,2025,8,24,17,6,Sun,Aug,0.3292,0.3292,46035,231,74.95,high,17:00,STD
5658,2025-08-24 18:00:00,2025,8,24,18,6,Sun,Aug,0.521,0.521,46035,231,118.61,high,18:00,STD
5659,2025-08-24 19:00:00,2025,8,24,19,6,Sun,Aug,0.3252,0.3252,46035,231,74.03,high,19:00,OP
5660,2025-08-24 20:00:00,2025,8,24,20,6,Sun,Aug,0.1437,0.1437,46035,231,32.71,high,20:00,OP
5661,2025-08-24 21:00:00,2025,8,24,21,6,Sun,Aug,0.1337,0.1337,46035,231,30.43,high,21:00,OP
5662,2025-08-24 22:00:00,2025,8,24,22,6,Sun,Aug,0.1291,0.1291,46035,231,29.39,high,22:00,OP
5663,2025-08-24 23:00:00,2025,8,24,23,6,Sun,Aug,0.0971,0.1,46035,231,22.76,high,23:00,OP
5664,2025-08-25 00:00:00,2025,8,25,0,0,Weekday,Aug,0.1105,0.1105,46035,231,25.16,high,00:00,OP
5665,2025-08-25 01:00:00,2025,8,25,1,0,Weekday,Aug,0.1022,0.1022,46035,231,23.27,high,01:00,OP
5666,2025-08-25 02:00:00,2025,8,25,2,0,Weekday,Aug,0.1079,0.1079,46035,231,24.56,high,02:00,OP
5667,2025-08-25 03:00:00,2025,8,25,3,0,Weekday,Aug,0.1285,0.1285,46035,231,29.25,high,03:00,OP
5668,2025-08-25 04:00:00,2025,8,25,4,0,Weekday,Aug,0.1432,0.1432,46035,231,32.6,high,04:00,OP
5669,2025-08-25 05:00:00,2025,8,25,5,0,Weekday,Aug,0.157,0.157,46035,231,35.74,high,05:00,OP
5670,2025-08-25 06:00:00,2025,8,25,6,0,Weekday,Aug,0.289,0.289,46035,231,65.8,high,06:00,PK
5671,2025-08-25 07:00:00,2025,8,25,7,0,Weekday,Aug,0.046,0.1,46035,231,22.76,high,07:00,PK
5672,2025-08-25 08:00:00,2025,8,25,8,0,Weekday,Aug,0.3365,0.3365,46035,231,76.61,high,08:00,STD
5673,2025-08-25 09:00:00,2025,8,25,9,0,Weekday,Aug,0.6077,0.6077,46035,231,138.35,high,09:00,STD
5674,2025-08-25 10:00:00,2025,8,25,10,0,Weekday,Aug,0.5644,0.5644,46035,231,128.49,high,10:00,STD
5675,2025-08-25 11:00:00,2025,8,25,11,0,Weekday,Aug,0.5577,0.5577,46035,231,126.96,high,11:00,STD
5676,2025-08-25 12:00:00,2025,8,25,12,0,Weekday,Aug,0.5319,0.5319,46035,231,121.09,high,12:00,STD
5677,2025-08-25 13:00:00,2025,8,25,13,0,Weekday,Aug,0.5076,0.5076,46035,231,115.56,high,13:00,STD
5678,2025-08-25 14:00:00,2025,8,25,14,0,Weekday,Aug,0.4855,0.4855,46035,231,110.53,high,14:00,STD
5679,2025-08-25 15:00:00,2025,8,25,15,0,Weekday,Aug,0.4967,0.4967,46035,231,113.08,high,15:00,STD
5680,2025-08-25 16:00:00,2025,8,25,16,0,Weekday,Aug,0.5252,0.5252,46035,231,119.56,high,16:00,STD
5681,2025-08-25 17:00:00,2025,8,25,17,0,Weekday,Aug,0.2875,0.2875,46035,231,65.45,high,17:00,PK
5682,2025-08-25 18:00:00,2025,8,25,18,0,Weekday,Aug,0.0394,0.1,46035,231,22.76,high,18:00,PK
5683,2025-08-25 19:00:00,2025,8,25,19,0,Weekday,Aug,0.0369,0.1,46035,231,22.76,high,19:00,PK
5684,2025-08-25 20:00:00,2025,8,25,20,0,Weekday,Aug,0.2441,0.2441,46035,231,55.57,high,20:00,STD
5685,2025-08-25 21:00:00,2025,8,25,21,0,Weekday,Aug,0.4107,0.4107,46035,231,93.49,high,21:00,STD
5686,2025-08-25 22:00:00,2025,8,25,22,0,Weekday,Aug,0.1291,0.1291,46035,231,29.39,high,22:00,OP
5687,2025-08-25 23:00:00,2025,8,25,23,0,Weekday,Aug,0.0986,0.1,46035,231,22.76,high,23:00,OP
5688,2025-08-26 00:00:00,2025,8,26,0,1,Weekday,Aug,0.1105,0.1105,46035,231,25.16,high,00:00,OP
5689,2025-08-26 01:00:00,2025,8,26,1,1,Weekday,Aug,0.1022,0.1022,46035,231,23.27,high,01:00,OP
5690,2025-08-26 02:00:00,2025,8,26,2,1,Weekday,Aug,0.1079,0.1079,46035,231,24.56,high,02:00,OP
5691,2025-08-26 03:00:00,2025,8,26,3,1,Weekday,Aug,0.1285,0.1285,46035,231,29.25,high,03:00,OP
5692,2025-08-26 04:00:00,2025,8,26,4,1,Weekday,Aug,0.1432,0.1432,46035,231,32.6,high,04:00,OP
5693,2025-08-26 05:00:00,2025,8,26,5,1,Weekday,Aug,0.157,0.157,46035,231,35.74,high,05:00,OP
5694,2025-08-26 06:00:00,2025,8,26,6,1,Weekday,Aug,0.289,0.289,46035,231,65.8,high,06:00,PK
5695,2025-08-26 07:00:00,2025,8,26,7,1,Weekday,Aug,0.046,0.1,46035,231,22.76,high,07:00,PK
5696,2025-08-26 08:00:00,2025,8,26,8,1,Weekday,Aug,0.3365,0.3365,46035,231,76.61,high,08:00,STD
5697,2025-08-26 09:00:00,2025,8,26,9,1,Weekday,Aug,0.6077,0.6077,46035,231,138.35,high,09:00,STD
5698,2025-08-26 10:00:00,2025,8,26,10,1,Weekday,Aug,0.5644,0.5644,46035,231,128.49,high,10:00,STD
5699,2025-08-26 11:00:00,2025,8,26,11,1,Weekday,Aug,0.5577,0.5577,46035,231,126.96,high,11:00,STD
5700,2025-08-26 12:00:00,2025,8,26,12,1,Weekday,Aug,0.5319,0.5319,46035,231,121.09,high,12:00,STD
5701,2025-08-26 13:00:00,2025,8,26,13,1,Weekday,Aug,0.5076,0.5076,46035,231,115.56,high,13:00,STD
5702,2025-08-26 14:00:00,2025,8,26,14,1,Weekday,Aug,0.4855,0.4855,46035,231,110.53,high,14:00,STD
5703,2025-08-26 15:00:00,2025,8,26,15,1,Weekday,Aug,0.4967,0.4967,46035,231,113.08,high,15:00,STD
5704,2025-08-26 16:00:00,2025,8,26,16,1,Weekday,Aug,0.5252,0.5252,46035,231,119.56,high,16:00,STD
5705,2025-08-26 17:00:00,2025,8,26,17,1,Weekday,Aug,0.2875,0.2875,46035,231,65.45,high,17:00,PK
5706,2025-08-26 18:00:00,2025,8,26,18,1,Weekday,Aug,0.0394,0.1,46035,231,22.76,high,18:00,PK
5707,2025-08-26 19:00:00,2025,8,26,19,1,Weekday,Aug,0.0369,0.1,46035,231,22.76,high,19:00,PK
5708,2025-08-26 20:00:00,2025,8,26,20,1,Weekday,Aug,0.2441,0.2441,46035,231,55.57,high,20:00,STD
5709,2025-08-26 21:00:00,2025,8,26,21,1,Weekday,Aug,0.4107,0.4107,46035,231,93.49,high,21:00,STD
5710,2025-08-26 22:00:00,2025,8,26,22,1,Weekday,Aug,0.1291,0.1291,46035,231,29.39,high,22:00,OP
5711,2025-08-26 23:00:00,2025,8,26,23,1,Weekday,Aug,0.0986,0.1,46035,231,22.76,high,23:00,OP
5712,2025-08-27 00:00:00,2025,8,27,0,2,Weekday,Aug,0.1105,0.1105,46035,231,25.16,high,00:00,OP
5713,2025-08-27 01:00:00,2025,8,27,1,2,Weekday,Aug,0.1022,0.1022,46035,231,23.27,high,01:00,OP
5714,2025-08-27 02:00:00,2025,8,27,2,2,Weekday,Aug,0.1079,0.1079,46035,231,24.56,high,02:00,OP
5715,2025-08-27 03:00:00,2025,8,27,3,2,Weekday,Aug,0.1285,0.1285,46035,231,29.25,high,03:00,OP
5716,2025-08-27 04:00:00,2025,8,27,4,2,Weekday,Aug,0.1432,0.1432,46035,231,32.6,high,04:00,OP
5717,2025-08-27 05:00:00,2025,8,27,5,2,Weekday,Aug,0.157,0.157,46035,231,35.74,high,05:00,OP
5718,2025-08-27 06:00:00,2025,8,27,6,2,Weekday,Aug,0.289,0.289,46035,231,65.8,high,06:00,PK
5719,2025-08-27 07:00:00,2025,8,27,7,2,Weekday,Aug,0.046,0.1,46035,231,22.76,high,07:00,PK
5720,2025-08-27 08:00:00,2025,8,27,8,2,Weekday,Aug,0.3365,0.3365,46035,231,76.61,high,08:00,STD
5721,2025-08-27 09:00:00,2025,8,27,9,2,Weekday,Aug,0.6077,0.6077,46035,231,138.35,high,09:00,STD
5722,2025-08-27 10:00:00,2025,8,27,10,2,Weekday,Aug,0.5644,0.5644,46035,231,128.49,high,10:00,STD
5723,2025-08-27 11:00:00,2025,8,27,11,2,Weekday,Aug,0.5577,0.5577,46035,231,126.96,high,11:00,STD
5724,2025-08-27 12:00:00,2025,8,27,12,2,Weekday,Aug,0.5319,0.5319,46035,231,121.09,high,12:00,STD
5725,2025-08-27 13:00:00,2025,8,27,13,2,Weekday,Aug,0.5076,0.5076,46035,231,115.56,high,13:00,STD
5726,2025-08-27 14:00:00,2025,8,27,14,2,Weekday,Aug,0.4855,0.4855,46035,231,110.53,high,14:00,STD
5727,2025-08-27 15:00:00,2025,8,27,15,2,Weekday,Aug,0.4967,0.4967,46035,231,113.08,high,15:00,STD
5728,2025-08-27 16:00:00,2025,8,27,16,2,Weekday,Aug,0.5252,0.5252,46035,231,119.56,high,16:00,STD
5729,2025-08-27 17:00:00,2025,8,27,17,2,Weekday,Aug,0.2875,0.2875,46035,231,65.45,high,17:00,PK
5730,2025-08-27 18:00:00,2025,8,27,18,2,Weekday,Aug,0.0394,0.1,46035,231,22.76,high,18:00,PK
5731,2025-08-27 19:00:00,2025,8,27,19,2,Weekday,Aug,0.0369,0.1,46035,231,22.76,high,19:00,PK
5732,2025-08-27 20:00:00,2025,8,27,20,2,Weekday,Aug,0.2441,0.2441,46035,231,55.57,high,20:00,STD
5733,2025-08-27 21:00:00,2025,8,27,21,2,Weekday,Aug,0.4107,0.4107,46035,231,93.49,high,21:00,STD
5734,2025-08-27 22:00:00,2025,8,27,22,2,Weekday,Aug,0.1291,0.1291,46035,231,29.39,high,22:00,OP
5735,2025-08-27 23:00:00,2025,8,27,23,2,Weekday,Aug,0.0986,0.1,46035,231,22.76,high,23:00,OP
5736,2025-08-28 00:00:00,2025,8,28,0,3,Weekday,Aug,0.1105,0.1105,46035,231,25.16,high,00:00,OP
5737,2025-08-28 01:00:00,2025,8,28,1,3,Weekday,Aug,0.1022,0.1022,46035,231,23.27,high,01:00,OP
5738,2025-08-28 02:00:00,2025,8,28,2,3,Weekday,Aug,0.1079,0.1079,46035,231,24.56,high,02:00,OP
5739,2025-08-28 03:00:00,2025,8,28,3,3,Weekday,Aug,0.1285,0.1285,46035,231,29.25,high,03:00,OP
5740,2025-08-28 04:00:00,2025,8,28,4,3,Weekday,Aug,0.1432,0.1432,46035,231,32.6,high,04:00,OP
5741,2025-08-28 05:00:00,2025,8,28,5,3,Weekday,Aug,0.157,0.157,46035,231,35.74,high,05:00,OP
5742,2025-08-28 06:00:00,2025,8,28,6,3,Weekday,Aug,0.289,0.289,46035,231,65.8,high,06:00,PK
5743,2025-08-28 07:00:00,2025,8,28,7,3,Weekday,Aug,0.046,0.1,46035,231,22.76,high,07:00,PK
5744,2025-08-28 08:00:00,2025,8,28,8,3,Weekday,Aug,0.3365,0.3365,46035,231,76.61,high,08:00,STD
5745,2025-08-28 09:00:00,2025,8,28,9,3,Weekday,Aug,0.6077,0.6077,46035,231,138.35,high,09:00,STD
5746,2025-08-28 10:00:00,2025,8,28,10,3,Weekday,Aug,0.5644,0.5644,46035,231,128.49,high,10:00,STD
5747,2025-08-28 11:00:00,2025,8,28,11,3,Weekday,Aug,0.5577,0.5577,46035,231,126.96,high,11:00,STD
5748,2025-08-28 12:00:00,2025,8,28,12,3,Weekday,Aug,0.5319,0.5319,46035,231,121.09,high,12:00,STD
5749,2025-08-28 13:00:00,2025,8,28,13,3,Weekday,Aug,0.5076,0.5076,46035,231,115.56,high,13:00,STD
5750,2025-08-28 14:00:00,2025,8,28,14,3,Weekday,Aug,0.4855,0.4855,46035,231,110.53,high,14:00,STD
5751,2025-08-28 15:00:00,2025,8,28,15,3,Weekday,Aug,0.4967,0.4967,46035,231,113.08,high,15:00,STD
5752,2025-08-28 16:00:00,2025,8,28,16,3,Weekday,Aug,0.5252,0.5252,46035,231,119.56,high,16:00,STD
5753,2025-08-28 17:00:00,2025,8,28,17,3,Weekday,Aug,0.2875,0.2875,46035,231,65.45,high,17:00,PK
5754,2025-08-28 18:00:00,2025,8,28,18,3,Weekday,Aug,0.0394,0.1,46035,231,22.76,high,18:00,PK
5755,2025-08-28 19:00:00,2025,8,28,19,3,Weekday,Aug,0.0369,0.1,46035,231,22.76,high,19:00,PK
5756,2025-08-28 20:00:00,2025,8,28,20,3,Weekday,Aug,0.2441,0.2441,46035,231,55.57,high,20:00,STD
5757,2025-08-28 21:00:00,2025,8,28,21,3,Weekday,Aug,0.4107,0.4107,46035,231,93.49,high,21:00,STD
5758,2025-08-28 22:00:00,2025,8,28,22,3,Weekday,Aug,0.1291,0.1291,46035,231,29.39,high,22:00,OP
5759,2025-08-28 23:00:00,2025,8,28,23,3,Weekday,Aug,0.0986,0.1,46035,231,22.76,high,23:00,OP
5760,2025-08-29 00:00:00,2025,8,29,0,4,Weekday,Aug,0.1105,0.1105,46035,231,25.16,high,00:00,OP
5761,2025-08-29 01:00:00,2025,8,29,1,4,Weekday,Aug,0.1022,0.1022,46035,231,23.27,high,01:00,OP
5762,2025-08-29 02:00:00,2025,8,29,2,4,Weekday,Aug,0.1079,0.1079,46035,231,24.56,high,02:00,OP
5763,2025-08-29 03:00:00,2025,8,29,3,4,Weekday,Aug,0.1285,0.1285,46035,231,29.25,high,03:00,OP
5764,2025-08-29 04:00:00,2025,8,29,4,4,Weekday,Aug,0.1432,0.1432,46035,231,32.6,high,04:00,OP
5765,2025-08-29 05:00:00,2025,8,29,5,4,Weekday,Aug,0.157,0.157,46035,231,35.74,high,05:00,OP
5766,2025-08-29 06:00:00,2025,8,29,6,4,Weekday,Aug,0.289,0.289,46035,231,65.8,high,06:00,PK
5767,2025-08-29 07:00:00,2025,8,29,7,4,Weekday,Aug,0.046,0.1,46035,231,22.76,high,07:00,PK
5768,2025-08-29 08:00:00,2025,8,29,8,4,Weekday,Aug,0.3365,0.3365,46035,231,76.61,high,08:00,STD
5769,2025-08-29 09:00:00,2025,8,29,9,4,Weekday,Aug,0.6077,0.6077,46035,231,138.35,high,09:00,STD
5770,2025-08-29 10:00:00,2025,8,29,10,4,Weekday,Aug,0.5644,0.5644,46035,231,128.49,high,10:00,STD
5771,2025-08-29 11:00:00,2025,8,29,11,4,Weekday,Aug,0.5577,0.5577,46035,231,126.96,high,11:00,STD
5772,2025-08-29 12:00:00,2025,8,29,12,4,Weekday,Aug,0.5319,0.5319,46035,231,121.09,high,12:00,STD
5773,2025-08-29 13:00:00,2025,8,29,13,4,Weekday,Aug,0.5076,0.5076,46035,231,115.56,high,13:00,STD
5774,2025-08-29 14:00:00,2025,8,29,14,4,Weekday,Aug,0.4855,0.4855,46035,231,110.53,high,14:00,STD
5775,2025-08-29 15:00:00,2025,8,29,15,4,Weekday,Aug,0.4967,0.4967,46035,231,113.08,high,15:00,STD
5776,2025-08-29 16:00:00,2025,8,29,16,4,Weekday,Aug,0.5252,0.5252,46035,231,119.56,high,16:00,STD
5777,2025-08-29 17:00:00,2025,8,29,17,4,Weekday,Aug,0.2875,0.2875,46035,231,65.45,high,17:00,PK
5778,2025-08-29 18:00:00,2025,8,29,18,4,Weekday,Aug,0.0394,0.1,46035,231,22.76,high,18:00,PK
5779,2025-08-29 19:00:00,2025,8,29,19,4,Weekday,Aug,0.0369,0.1,46035,231,22.76,high,19:00,PK
5780,2025-08-29 20:00:00,2025,8,29,20,4,Weekday,Aug,0.2441,0.2441,46035,231,55.57,high,20:00,STD
5781,2025-08-29 21:00:00,2025,8,29,21,4,Weekday,Aug,0.4107,0.4107,46035,231,93.49,high,21:00,STD
5782,2025-08-29 22:00:00,2025,8,29,22,4,Weekday,Aug,0.1291,0.1291,46035,231,29.39,high,22:00,OP
5783,2025-08-29 23:00:00,2025,8,29,23,4,Weekday,Aug,0.0986,0.1,46035,231,22.76,high,23:00,OP
5784,2025-08-30 00:00:00,2025,8,30,0,5,Sat,Aug,0.11,0.11,46035,231,25.04,high,00:00,OP
5785,2025-08-30 01:00:00,2025,8,30,1,5,Sat,Aug,0.1034,0.1034,46035,231,23.54,high,01:00,OP
5786,2025-08-30 02:00:00,2025,8,30,2,5,Sat,Aug,0.1073,0.1073,46035,231,24.43,high,02:00,OP
5787,2025-08-30 03:00:00,2025,8,30,3,5,Sat,Aug,0.1261,0.1261,46035,231,28.71,high,03:00,OP
5788,2025-08-30 04:00:00,2025,8,30,4,5,Sat,Aug,0.1426,0.1426,46035,231,32.46,high,04:00,OP
5789,2025-08-30 05:00:00,2025,8,30,5,5,Sat,Aug,0.1505,0.1505,46035,231,34.27,high,05:00,OP
5790,2025-08-30 06:00:00,2025,8,30,6,5,Sat,Aug,0.1655,0.1655,46035,231,37.68,high,06:00,OP
5791,2025-08-30 07:00:00,2025,8,30,7,5,Sat,Aug,0.3932,0.3932,46035,231,89.51,high,07:00,STD
5792,2025-08-30 08:00:00,2025,8,30,8,5,Sat,Aug,0.379,0.379,46035,231,86.28,high,08:00,STD
5793,2025-08-30 09:00:00,2025,8,30,9,5,Sat,Aug,0.3775,0.3775,46035,231,85.94,high,09:00,STD
5794,2025-08-30 10:00:00,2025,8,30,10,5,Sat,Aug,0.3608,0.3608,46035,231,82.13,high,10:00,STD
5795,2025-08-30 11:00:00,2025,8,30,11,5,Sat,Aug,0.3558,0.3558,46035,231,81.0,high,11:00,STD
5796,2025-08-30 12:00:00,2025,8,30,12,5,Sat,Aug,0.1722,0.1722,46035,231,39.2,high,12:00,OP
5797,2025-08-30 13:00:00,2025,8,30,13,5,Sat,Aug,0.1653,0.1653,46035,231,37.63,high,13:00,OP
5798,2025-08-30 14:00:00,2025,8,30,14,5,Sat,Aug,0.1541,0.1541,46035,231,35.08,high,14:00,OP
5799,2025-08-30 15:00:00,2025,8,30,15,5,Sat,Aug,0.1547,0.1547,46035,231,35.22,high,15:00,OP
5800,2025-08-30 16:00:00,2025,8,30,16,5,Sat,Aug,0.1634,0.1634,46035,231,37.2,high,16:00,OP
5801,2025-08-30 17:00:00,2025,8,30,17,5,Sat,Aug,0.3292,0.3292,46035,231,74.95,high,17:00,STD
5802,2025-08-30 18:00:00,2025,8,30,18,5,Sat,Aug,0.521,0.521,46035,231,118.61,high,18:00,STD
5803,2025-08-30 19:00:00,2025,8,30,19,5,Sat,Aug,0.3252,0.3252,46035,231,74.03,high,19:00,OP
5804,2025-08-30 20:00:00,2025,8,30,20,5,Sat,Aug,0.1437,0.1437,46035,231,32.71,high,20:00,OP
5805,2025-08-30 21:00:00,2025,8,30,21,5,Sat,Aug,0.1337,0.1337,46035,231,30.43,high,21:00,OP
5806,2025-08-30 22:00:00,2025,8,30,22,5,Sat,Aug,0.1291,0.1291,46035,231,29.39,high,22:00,OP
5807,2025-08-30 23:00:00,2025,8,30,23,5,Sat,Aug,0.0971,0.1,46035,231,22.76,high,23:00,OP
5808,2025-08-31 00:00:00,2025,8,31,0,6,Sun,Aug,0.11,0.11,46035,231,25.04,high,00:00,OP
5809,2025-08-31 01:00:00,2025,8,31,1,6,Sun,Aug,0.1034,0.1034,46035,231,23.54,high,01:00,OP
5810,2025-08-31 02:00:00,2025,8,31,2,6,Sun,Aug,0.1073,0.1073,46035,231,24.43,high,02:00,OP
5811,2025-08-31 03:00:00,2025,8,31,3,6,Sun,Aug,0.1261,0.1261,46035,231,28.71,high,03:00,OP
5812,2025-08-31 04:00:00,2025,8,31,4,6,Sun,Aug,0.1426,0.1426,46035,231,32.46,high,04:00,OP
5813,2025-08-31 05:00:00,2025,8,31,5,6,Sun,Aug,0.1505,0.1505,46035,231,34.27,high,05:00,OP
5814,2025-08-31 06:00:00,2025,8,31,6,6,Sun,Aug,0.1655,0.1655,46035,231,37.68,high,06:00,OP
5815,2025-08-31 07:00:00,2025,8,31,7,6,Sun,Aug,0.3932,0.3932,46035,231,89.51,high,07:00,OP
5816,2025-08-31 08:00:00,2025,8,31,8,6,Sun,Aug,0.379,0.379,46035,231,86.28,high,08:00,OP
5817,2025-08-31 09:00:00,2025,8,31,9,6,Sun,Aug,0.3775,0.3775,46035,231,85.94,high,09:00,OP
5818,2025-08-31 10:00:00,2025,8,31,10,6,Sun,Aug,0.3608,0.3608,46035,231,82.13,high,10:00,OP
5819,2025-08-31 11:00:00,2025,8,31,11,6,Sun,Aug,0.3558,0.3558,46035,231,81.0,high,11:00,OP
5820,2025-08-31 12:00:00,2025,8,31,12,6,Sun,Aug,0.1722,0.1722,46035,231,39.2,high,12:00,OP
5821,2025-08-31 13:00:00,2025,8,31,13,6,Sun,Aug,0.1653,0.1653,46035,231,37.63,high,13:00,OP
5822,2025-08-31 14:00:00,2025,8,31,14,6,Sun,Aug,0.1541,0.1541,46035,231,35.08,high,14:00,OP
5823,2025-08-31 15:00:00,2025,8,31,15,6,Sun,Aug,0.1547,0.1547,46035,231,35.22,high,15:00,OP
5824,2025-08-31 16:00:00,2025,8,31,16,6,Sun,Aug,0.1634,0.1634,46035,231,37.2,high,16:00,OP
5825,2025-08-31 17:00:00,2025,8,31,17,6,Sun,Aug,0.3292,0.3292,46035,231,74.95,high,17:00,STD
5826,2025-08-31 18:00:00,2025,8,31,18,6,Sun,Aug,0.521,0.521,46035,231,118.61,high,18:00,STD
5827,2025-08-31 19:00:00,2025,8,31,19,6,Sun,Aug,0.3252,0.3252,46035,231,74.03,high,19:00,OP
5828,2025-08-31 20:00:00,2025,8,31,20,6,Sun,Aug,0.1437,0.1437,46035,231,32.71,high,20:00,OP
5829,2025-08-31 21:00:00,2025,8,31,21,6,Sun,Aug,0.1337,0.1337,46035,231,30.43,high,21:00,OP
5830,2025-08-31 22:00:00,2025,8,31,22,6,Sun,Aug,0.1291,0.1291,46035,231,29.39,high,22:00,OP
5831,2025-08-31 23:00:00,2025,8,31,23,6,Sun,Aug,0.0971,0.1,46035,231,22.76,high,23:00,OP
5832,2025-09-01 00:00:00,2025,9,1,0,0,Weekday,Sep,0.1105,0.1105,46035,231,25.59,low,00:00,OP
5833,2025-09-01 01:00:00,2025,9,1,1,0,Weekday,Sep,0.1022,0.1022,46035,231,23.67,low,01:00,OP
5834,2025-09-01 02:00:00,2025,9,1,2,0,Weekday,Sep,0.1079,0.1079,46035,231,24.98,low,02:00,OP
5835,2025-09-01 03:00:00,2025,9,1,3,0,Weekday,Sep,0.1285,0.1285,46035,231,29.75,low,03:00,OP
5836,2025-09-01 04:00:00,2025,9,1,4,0,Weekday,Sep,0.1432,0.1432,46035,231,33.16,low,04:00,OP
5837,2025-09-01 05:00:00,2025,9,1,5,0,Weekday,Sep,0.157,0.157,46035,231,36.35,low,05:00,OP
5838,2025-09-01 06:00:00,2025,9,1,6,0,Weekday,Sep,0.289,0.289,46035,231,66.92,low,06:00,STD
5839,2025-09-01 07:00:00,2025,9,1,7,0,Weekday,Sep,0.046,0.1,46035,231,23.15,low,07:00,PK
5840,2025-09-01 08:00:00,2025,9,1,8,0,Weekday,Sep,0.3365,0.3365,46035,231,77.92,low,08:00,PK
5841,2025-09-01 09:00:00,2025,9,1,9,0,Weekday,Sep,0.6077,0.6077,46035,231,140.72,low,09:00,STD
5842,2025-09-01 10:00:00,2025,9,1,10,0,Weekday,Sep,0.5644,0.5644,46035,231,130.69,low,10:00,STD
5843,2025-09-01 11:00:00,2025,9,1,11,0,Weekday,Sep,0.5577,0.5577,46035,231,129.14,low,11:00,STD
5844,2025-09-01 12:00:00,2025,9,1,12,0,Weekday,Sep,0.5319,0.5319,46035,231,123.17,low,12:00,STD
5845,2025-09-01 13:00:00,2025,9,1,13,0,Weekday,Sep,0.5076,0.5076,46035,231,117.54,low,13:00,STD
5846,2025-09-01 14:00:00,2025,9,1,14,0,Weekday,Sep,0.4855,0.4855,46035,231,112.42,low,14:00,STD
5847,2025-09-01 15:00:00,2025,9,1,15,0,Weekday,Sep,0.4967,0.4967,46035,231,115.01,low,15:00,STD
5848,2025-09-01 16:00:00,2025,9,1,16,0,Weekday,Sep,0.5252,0.5252,46035,231,121.61,low,16:00,STD
5849,2025-09-01 17:00:00,2025,9,1,17,0,Weekday,Sep,0.2875,0.2875,46035,231,66.57,low,17:00,STD
5850,2025-09-01 18:00:00,2025,9,1,18,0,Weekday,Sep,0.0394,0.1,46035,231,23.15,low,18:00,PK
5851,2025-09-01 19:00:00,2025,9,1,19,0,Weekday,Sep,0.0369,0.1,46035,231,23.15,low,19:00,PK
5852,2025-09-01 20:00:00,2025,9,1,20,0,Weekday,Sep,0.2441,0.2441,46035,231,56.52,low,20:00,PK
5853,2025-09-01 21:00:00,2025,9,1,21,0,Weekday,Sep,0.4107,0.4107,46035,231,95.1,low,21:00,STD
5854,2025-09-01 22:00:00,2025,9,1,22,0,Weekday,Sep,0.1291,0.1291,46035,231,29.89,low,22:00,OP
5855,2025-09-01 23:00:00,2025,9,1,23,0,Weekday,Sep,0.0986,0.1,46035,231,23.15,low,23:00,OP
5856,2025-09-02 00:00:00,2025,9,2,0,1,Weekday,Sep,0.1105,0.1105,46035,231,25.59,low,00:00,OP
5857,2025-09-02 01:00:00,2025,9,2,1,1,Weekday,Sep,0.1022,0.1022,46035,231,23.67,low,01:00,OP
5858,2025-09-02 02:00:00,2025,9,2,2,1,Weekday,Sep,0.1079,0.1079,46035,231,24.98,low,02:00,OP
5859,2025-09-02 03:00:00,2025,9,2,3,1,Weekday,Sep,0.1285,0.1285,46035,231,29.75,low,03:00,OP
5860,2025-09-02 04:00:00,2025,9,2,4,1,Weekday,Sep,0.1432,0.1432,46035,231,33.16,low,04:00,OP
5861,2025-09-02 05:00:00,2025,9,2,5,1,Weekday,Sep,0.157,0.157,46035,231,36.35,low,05:00,OP
5862,2025-09-02 06:00:00,2025,9,2,6,1,Weekday,Sep,0.289,0.289,46035,231,66.92,low,06:00,STD
5863,2025-09-02 07:00:00,2025,9,2,7,1,Weekday,Sep,0.046,0.1,46035,231,23.15,low,07:00,PK
5864,2025-09-02 08:00:00,2025,9,2,8,1,Weekday,Sep,0.3365,0.3365,46035,231,77.92,low,08:00,PK
5865,2025-09-02 09:00:00,2025,9,2,9,1,Weekday,Sep,0.6077,0.6077,46035,231,140.72,low,09:00,STD
5866,2025-09-02 10:00:00,2025,9,2,10,1,Weekday,Sep,0.5644,0.5644,46035,231,130.69,low,10:00,STD
5867,2025-09-02 11:00:00,2025,9,2,11,1,Weekday,Sep,0.5577,0.5577,46035,231,129.14,low,11:00,STD
5868,2025-09-02 12:00:00,2025,9,2,12,1,Weekday,Sep,0.5319,0.5319,46035,231,123.17,low,12:00,STD
5869,2025-09-02 13:00:00,2025,9,2,13,1,Weekday,Sep,0.5076,0.5076,46035,231,117.54,low,13:00,STD
5870,2025-09-02 14:00:00,2025,9,2,14,1,Weekday,Sep,0.4855,0.4855,46035,231,112.42,low,14:00,STD
5871,2025-09-02 15:00:00,2025,9,2,15,1,Weekday,Sep,0.4967,0.4967,46035,231,115.01,low,15:00,STD
5872,2025-09-02 16:00:00,2025,9,2,16,1,Weekday,Sep,0.5252,0.5252,46035,231,121.61,low,16:00,STD
5873,2025-09-02 17:00:00,2025,9,2,17,1,Weekday,Sep,0.2875,0.2875,46035,231,66.57,low,17:00,STD
5874,2025-09-02 18:00:00,2025,9,2,18,1,Weekday,Sep,0.0394,0.1,46035,231,23.15,low,18:00,PK
5875,2025-09-02 19:00:00,2025,9,2,19,1,Weekday,Sep,0.0369,0.1,46035,231,23.15,low,19:00,PK
5876,2025-09-02 20:00:00,2025,9,2,20,1,Weekday,Sep,0.2441,0.2441,46035,231,56.52,low,20:00,PK
5877,2025-09-02 21:00:00,2025,9,2,21,1,Weekday,Sep,0.4107,0.4107,46035,231,95.1,low,21:00,STD
5878,2025-09-02 22:00:00,2025,9,2,22,1,Weekday,Sep,0.1291,0.1291,46035,231,29.89,low,22:00,OP
5879,2025-09-02 23:00:00,2025,9,2,23,1,Weekday,Sep,0.0986,0.1,46035,231,23.15,low,23:00,OP
5880,2025-09-03 00:00:00,2025,9,3,0,2,Weekday,Sep,0.1105,0.1105,46035,231,25.59,low,00:00,OP
5881,2025-09-03 01:00:00,2025,9,3,1,2,Weekday,Sep,0.1022,0.1022,46035,231,23.67,low,01:00,OP
5882,2025-09-03 02:00:00,2025,9,3,2,2,Weekday,Sep,0.1079,0.1079,46035,231,24.98,low,02:00,OP
5883,2025-09-03 03:00:00,2025,9,3,3,2,Weekday,Sep,0.1285,0.1285,46035,231,29.75,low,03:00,OP
5884,2025-09-03 04:00:00,2025,9,3,4,2,Weekday,Sep,0.1432,0.1432,46035,231,33.16,low,04:00,OP
5885,2025-09-03 05:00:00,2025,9,3,5,2,Weekday,Sep,0.157,0.157,46035,231,36.35,low,05:00,OP
5886,2025-09-03 06:00:00,2025,9,3,6,2,Weekday,Sep,0.289,0.289,46035,231,66.92,low,06:00,STD
5887,2025-09-03 07:00:00,2025,9,3,7,2,Weekday,Sep,0.046,0.1,46035,231,23.15,low,07:00,PK
5888,2025-09-03 08:00:00,2025,9,3,8,2,Weekday,Sep,0.3365,0.3365,46035,231,77.92,low,08:00,PK
5889,2025-09-03 09:00:00,2025,9,3,9,2,Weekday,Sep,0.6077,0.6077,46035,231,140.72,low,09:00,STD
5890,2025-09-03 10:00:00,2025,9,3,10,2,Weekday,Sep,0.5644,0.5644,46035,231,130.69,low,10:00,STD
5891,2025-09-03 11:00:00,2025,9,3,11,2,Weekday,Sep,0.5577,0.5577,46035,231,129.14,low,11:00,STD
5892,2025-09-03 12:00:00,2025,9,3,12,2,Weekday,Sep,0.5319,0.5319,46035,231,123.17,low,12:00,STD
5893,2025-09-03 13:00:00,2025,9,3,13,2,Weekday,Sep,0.5076,0.5076,46035,231,117.54,low,13:00,STD
5894,2025-09-03 14:00:00,2025,9,3,14,2,Weekday,Sep,0.4855,0.4855,46035,231,112.42,low,14:00,STD
5895,2025-09-03 15:00:00,2025,9,3,15,2,Weekday,Sep,0.4967,0.4967,46035,231,115.01,low,15:00,STD
5896,2025-09-03 16:00:00,2025,9,3,16,2,Weekday,Sep,0.5252,0.5252,46035,231,121.61,low,16:00,STD
5897,2025-09-03 17:00:00,2025,9,3,17,2,Weekday,Sep,0.2875,0.2875,46035,231,66.57,low,17:00,STD
5898,2025-09-03 18:00:00,2025,9,3,18,2,Weekday,Sep,0.0394,0.1,46035,231,23.15,low,18:00,PK
5899,2025-09-03 19:00:00,2025,9,3,19,2,Weekday,Sep,0.0369,0.1,46035,231,23.15,low,19:00,PK
5900,2025-09-03 20:00:00,2025,9,3,20,2,Weekday,Sep,0.2441,0.2441,46035,231,56.52,low,20:00,PK
5901,2025-09-03 21:00:00,2025,9,3,21,2,Weekday,Sep,0.4107,0.4107,46035,231,95.1,low,21:00,STD
5902,2025-09-03 22:00:00,2025,9,3,22,2,Weekday,Sep,0.1291,0.1291,46035,231,29.89,low,22:00,OP
5903,2025-09-03 23:00:00,2025,9,3,23,2,Weekday,Sep,0.0986,0.1,46035,231,23.15,low,23:00,OP
5904,2025-09-04 00:00:00,2025,9,4,0,3,Weekday,Sep,0.1105,0.1105,46035,231,25.59,low,00:00,OP
5905,2025-09-04 01:00:00,2025,9,4,1,3,Weekday,Sep,0.1022,0.1022,46035,231,23.67,low,01:00,OP
5906,2025-09-04 02:00:00,2025,9,4,2,3,Weekday,Sep,0.1079,0.1079,46035,231,24.98,low,02:00,OP
5907,2025-09-04 03:00:00,2025,9,4,3,3,Weekday,Sep,0.1285,0.1285,46035,231,29.75,low,03:00,OP
5908,2025-09-04 04:00:00,2025,9,4,4,3,Weekday,Sep,0.1432,0.1432,46035,231,33.16,low,04:00,OP
5909,2025-09-04 05:00:00,2025,9,4,5,3,Weekday,Sep,0.157,0.157,46035,231,36.35,low,05:00,OP
5910,2025-09-04 06:00:00,2025,9,4,6,3,Weekday,Sep,0.289,0.289,46035,231,66.92,low,06:00,STD
5911,2025-09-04 07:00:00,2025,9,4,7,3,Weekday,Sep,0.046,0.1,46035,231,23.15,low,07:00,PK
5912,2025-09-04 08:00:00,2025,9,4,8,3,Weekday,Sep,0.3365,0.3365,46035,231,77.92,low,08:00,PK
5913,2025-09-04 09:00:00,2025,9,4,9,3,Weekday,Sep,0.6077,0.6077,46035,231,140.72,low,09:00,STD
5914,2025-09-04 10:00:00,2025,9,4,10,3,Weekday,Sep,0.5644,0.5644,46035,231,130.69,low,10:00,STD
5915,2025-09-04 11:00:00,2025,9,4,11,3,Weekday,Sep,0.5577,0.5577,46035,231,129.14,low,11:00,STD
5916,2025-09-04 12:00:00,2025,9,4,12,3,Weekday,Sep,0.5319,0.5319,46035,231,123.17,low,12:00,STD
5917,2025-09-04 13:00:00,2025,9,4,13,3,Weekday,Sep,0.5076,0.5076,46035,231,117.54,low,13:00,STD
5918,2025-09-04 14:00:00,2025,9,4,14,3,Weekday,Sep,0.4855,0.4855,46035,231,112.42,low,14:00,STD
5919,2025-09-04 15:00:00,2025,9,4,15,3,Weekday,Sep,0.4967,0.4967,46035,231,115.01,low,15:00,STD
5920,2025-09-04 16:00:00,2025,9,4,16,3,Weekday,Sep,0.5252,0.5252,46035,231,121.61,low,16:00,STD
5921,2025-09-04 17:00:00,2025,9,4,17,3,Weekday,Sep,0.2875,0.2875,46035,231,66.57,low,17:00,STD
5922,2025-09-04 18:00:00,2025,9,4,18,3,Weekday,Sep,0.0394,0.1,46035,231,23.15,low,18:00,PK
5923,2025-09-04 19:00:00,2025,9,4,19,3,Weekday,Sep,0.0369,0.1,46035,231,23.15,low,19:00,PK
5924,2025-09-04 20:00:00,2025,9,4,20,3,Weekday,Sep,0.2441,0.2441,46035,231,56.52,low,20:00,PK
5925,2025-09-04 21:00:00,2025,9,4,21,3,Weekday,Sep,0.4107,0.4107,46035,231,95.1,low,21:00,STD
5926,2025-09-04 22:00:00,2025,9,4,22,3,Weekday,Sep,0.1291,0.1291,46035,231,29.89,low,22:00,OP
5927,2025-09-04 23:00:00,2025,9,4,23,3,Weekday,Sep,0.0986,0.1,46035,231,23.15,low,23:00,OP
5928,2025-09-05 00:00:00,2025,9,5,0,4,Weekday,Sep,0.1105,0.1105,46035,231,25.59,low,00:00,OP
5929,2025-09-05 01:00:00,2025,9,5,1,4,Weekday,Sep,0.1022,0.1022,46035,231,23.67,low,01:00,OP
5930,2025-09-05 02:00:00,2025,9,5,2,4,Weekday,Sep,0.1079,0.1079,46035,231,24.98,low,02:00,OP
5931,2025-09-05 03:00:00,2025,9,5,3,4,Weekday,Sep,0.1285,0.1285,46035,231,29.75,low,03:00,OP
5932,2025-09-05 04:00:00,2025,9,5,4,4,Weekday,Sep,0.1432,0.1432,46035,231,33.16,low,04:00,OP
5933,2025-09-05 05:00:00,2025,9,5,5,4,Weekday,Sep,0.157,0.157,46035,231,36.35,low,05:00,OP
5934,2025-09-05 06:00:00,2025,9,5,6,4,Weekday,Sep,0.289,0.289,46035,231,66.92,low,06:00,STD
5935,2025-09-05 07:00:00,2025,9,5,7,4,Weekday,Sep,0.046,0.1,46035,231,23.15,low,07:00,PK
5936,2025-09-05 08:00:00,2025,9,5,8,4,Weekday,Sep,0.3365,0.3365,46035,231,77.92,low,08:00,PK
5937,2025-09-05 09:00:00,2025,9,5,9,4,Weekday,Sep,0.6077,0.6077,46035,231,140.72,low,09:00,STD
5938,2025-09-05 10:00:00,2025,9,5,10,4,Weekday,Sep,0.5644,0.5644,46035,231,130.69,low,10:00,STD
5939,2025-09-05 11:00:00,2025,9,5,11,4,Weekday,Sep,0.5577,0.5577,46035,231,129.14,low,11:00,STD
5940,2025-09-05 12:00:00,2025,9,5,12,4,Weekday,Sep,0.5319,0.5319,46035,231,123.17,low,12:00,STD
5941,2025-09-05 13:00:00,2025,9,5,13,4,Weekday,Sep,0.5076,0.5076,46035,231,117.54,low,13:00,STD
5942,2025-09-05 14:00:00,2025,9,5,14,4,Weekday,Sep,0.4855,0.4855,46035,231,112.42,low,14:00,STD
5943,2025-09-05 15:00:00,2025,9,5,15,4,Weekday,Sep,0.4967,0.4967,46035,231,115.01,low,15:00,STD
5944,2025-09-05 16:00:00,2025,9,5,16,4,Weekday,Sep,0.5252,0.5252,46035,231,121.61,low,16:00,STD
5945,2025-09-05 17:00:00,2025,9,5,17,4,Weekday,Sep,0.2875,0.2875,46035,231,66.57,low,17:00,STD
5946,2025-09-05 18:00:00,2025,9,5,18,4,Weekday,Sep,0.0394,0.1,46035,231,23.15,low,18:00,PK
5947,2025-09-05 19:00:00,2025,9,5,19,4,Weekday,Sep,0.0369,0.1,46035,231,23.15,low,19:00,PK
5948,2025-09-05 20:00:00,2025,9,5,20,4,Weekday,Sep,0.2441,0.2441,46035,231,56.52,low,20:00,PK
5949,2025-09-05 21:00:00,2025,9,5,21,4,Weekday,Sep,0.4107,0.4107,46035,231,95.1,low,21:00,STD
5950,2025-09-05 22:00:00,2025,9,5,22,4,Weekday,Sep,0.1291,0.1291,46035,231,29.89,low,22:00,OP
5951,2025-09-05 23:00:00,2025,9,5,23,4,Weekday,Sep,0.0986,0.1,46035,231,23.15,low,23:00,OP
5952,2025-09-06 00:00:00,2025,9,6,0,5,Sat,Sep,0.11,0.11,46035,231,25.47,low,00:00,OP
5953,2025-09-06 01:00:00,2025,9,6,1,5,Sat,Sep,0.1034,0.1034,46035,231,23.95,low,01:00,OP
5954,2025-09-06 02:00:00,2025,9,6,2,5,Sat,Sep,0.1073,0.1073,46035,231,24.85,low,02:00,OP
5955,2025-09-06 03:00:00,2025,9,6,3,5,Sat,Sep,0.1261,0.1261,46035,231,29.2,low,03:00,OP
5956,2025-09-06 04:00:00,2025,9,6,4,5,Sat,Sep,0.1426,0.1426,46035,231,33.02,low,04:00,OP
5957,2025-09-06 05:00:00,2025,9,6,5,5,Sat,Sep,0.1505,0.1505,46035,231,34.86,low,05:00,OP
5958,2025-09-06 06:00:00,2025,9,6,6,5,Sat,Sep,0.1655,0.1655,46035,231,38.32,low,06:00,OP
5959,2025-09-06 07:00:00,2025,9,6,7,5,Sat,Sep,0.3932,0.3932,46035,231,91.04,low,07:00,STD
5960,2025-09-06 08:00:00,2025,9,6,8,5,Sat,Sep,0.379,0.379,46035,231,87.76,low,08:00,STD
5961,2025-09-06 09:00:00,2025,9,6,9,5,Sat,Sep,0.3775,0.3775,46035,231,87.41,low,09:00,STD
5962,2025-09-06 10:00:00,2025,9,6,10,5,Sat,Sep,0.3608,0.3608,46035,231,83.54,low,10:00,STD
5963,2025-09-06 11:00:00,2025,9,6,11,5,Sat,Sep,0.3558,0.3558,46035,231,82.39,low,11:00,STD
5964,2025-09-06 12:00:00,2025,9,6,12,5,Sat,Sep,0.1722,0.1722,46035,231,39.88,low,12:00,OP
5965,2025-09-06 13:00:00,2025,9,6,13,5,Sat,Sep,0.1653,0.1653,46035,231,38.27,low,13:00,OP
5966,2025-09-06 14:00:00,2025,9,6,14,5,Sat,Sep,0.1541,0.1541,46035,231,35.68,low,14:00,OP
5967,2025-09-06 15:00:00,2025,9,6,15,5,Sat,Sep,0.1547,0.1547,46035,231,35.82,low,15:00,OP
5968,2025-09-06 16:00:00,2025,9,6,16,5,Sat,Sep,0.1634,0.1634,46035,231,37.84,low,16:00,OP
5969,2025-09-06 17:00:00,2025,9,6,17,5,Sat,Sep,0.3292,0.3292,46035,231,76.23,low,17:00,OP
5970,2025-09-06 18:00:00,2025,9,6,18,5,Sat,Sep,0.521,0.521,46035,231,120.64,low,18:00,STD
5971,2025-09-06 19:00:00,2025,9,6,19,5,Sat,Sep,0.3252,0.3252,46035,231,75.3,low,19:00,STD
5972,2025-09-06 20:00:00,2025,9,6,20,5,Sat,Sep,0.1437,0.1437,46035,231,33.27,low,20:00,OP
5973,2025-09-06 21:00:00,2025,9,6,21,5,Sat,Sep,0.1337,0.1337,46035,231,30.95,low,21:00,OP
5974,2025-09-06 22:00:00,2025,9,6,22,5,Sat,Sep,0.1291,0.1291,46035,231,29.89,low,22:00,OP
5975,2025-09-06 23:00:00,2025,9,6,23,5,Sat,Sep,0.0971,0.1,46035,231,23.15,low,23:00,OP
5976,2025-09-07 00:00:00,2025,9,7,0,6,Sun,Sep,0.11,0.11,46035,231,25.47,low,00:00,OP
5977,2025-09-07 01:00:00,2025,9,7,1,6,Sun,Sep,0.1034,0.1034,46035,231,23.95,low,01:00,OP
5978,2025-09-07 02:00:00,2025,9,7,2,6,Sun,Sep,0.1073,0.1073,46035,231,24.85,low,02:00,OP
5979,2025-09-07 03:00:00,2025,9,7,3,6,Sun,Sep,0.1261,0.1261,46035,231,29.2,low,03:00,OP
5980,2025-09-07 04:00:00,2025,9,7,4,6,Sun,Sep,0.1426,0.1426,46035,231,33.02,low,04:00,OP
5981,2025-09-07 05:00:00,2025,9,7,5,6,Sun,Sep,0.1505,0.1505,46035,231,34.86,low,05:00,OP
5982,2025-09-07 06:00:00,2025,9,7,6,6,Sun,Sep,0.1655,0.1655,46035,231,38.32,low,06:00,OP
5983,2025-09-07 07:00:00,2025,9,7,7,6,Sun,Sep,0.3932,0.3932,46035,231,91.04,low,07:00,OP
5984,2025-09-07 08:00:00,2025,9,7,8,6,Sun,Sep,0.379,0.379,46035,231,87.76,low,08:00,OP
5985,2025-09-07 09:00:00,2025,9,7,9,6,Sun,Sep,0.3775,0.3775,46035,231,87.41,low,09:00,OP
5986,2025-09-07 10:00:00,2025,9,7,10,6,Sun,Sep,0.3608,0.3608,46035,231,83.54,low,10:00,OP
5987,2025-09-07 11:00:00,2025,9,7,11,6,Sun,Sep,0.3558,0.3558,46035,231,82.39,low,11:00,OP
5988,2025-09-07 12:00:00,2025,9,7,12,6,Sun,Sep,0.1722,0.1722,46035,231,39.88,low,12:00,OP
5989,2025-09-07 13:00:00,2025,9,7,13,6,Sun,Sep,0.1653,0.1653,46035,231,38.27,low,13:00,OP
5990,2025-09-07 14:00:00,2025,9,7,14,6,Sun,Sep,0.1541,0.1541,46035,231,35.68,low,14:00,OP
5991,2025-09-07 15:00:00,2025,9,7,15,6,Sun,Sep,0.1547,0.1547,46035,231,35.82,low,15:00,OP
5992,2025-09-07 16:00:00,2025,9,7,16,6,Sun,Sep,0.1634,0.1634,46035,231,37.84,low,16:00,OP
5993,2025-09-07 17:00:00,2025,9,7,17,6,Sun,Sep,0.3292,0.3292,46035,231,76.23,low,17:00,OP
5994,2025-09-07 18:00:00,2025,9,7,18,6,Sun,Sep,0.521,0.521,46035,231,120.64,low,18:00,STD
5995,2025-09-07 19:00:00,2025,9,7,19,6,Sun,Sep,0.3252,0.3252,46035,231,75.3,low,19:00,STD
5996,2025-09-07 20:00:00,2025,9,7,20,6,Sun,Sep,0.1437,0.1437,46035,231,33.27,low,20:00,OP
5997,2025-09-07 21:00:00,2025,9,7,21,6,Sun,Sep,0.1337,0.1337,46035,231,30.95,low,21:00,OP
5998,2025-09-07 22:00:00,2025,9,7,22,6,Sun,Sep,0.1291,0.1291,46035,231,29.89,low,22:00,OP
5999,2025-09-07 23:00:00,2025,9,7,23,6,Sun,Sep,0.0971,0.1,46035,231,23.15,low,23:00,OP
6000,2025-09-08 00:00:00,2025,9,8,0,0,Weekday,Sep,0.1105,0.1105,46035,231,25.59,low,00:00,OP
6001,2025-09-08 01:00:00,2025,9,8,1,0,Weekday,Sep,0.1022,0.1022,46035,231,23.67,low,01:00,OP
6002,2025-09-08 02:00:00,2025,9,8,2,0,Weekday,Sep,0.1079,0.1079,46035,231,24.98,low,02:00,OP
6003,2025-09-08 03:00:00,2025,9,8,3,0,Weekday,Sep,0.1285,0.1285,46035,231,29.75,low,03:00,OP
6004,2025-09-08 04:00:00,2025,9,8,4,0,Weekday,Sep,0.1432,0.1432,46035,231,33.16,low,04:00,OP
6005,2025-09-08 05:00:00,2025,9,8,5,0,Weekday,Sep,0.157,0.157,46035,231,36.35,low,05:00,OP
6006,2025-09-08 06:00:00,2025,9,8,6,0,Weekday,Sep,0.289,0.289,46035,231,66.92,low,06:00,STD
6007,2025-09-08 07:00:00,2025,9,8,7,0,Weekday,Sep,0.046,0.1,46035,231,23.15,low,07:00,PK
6008,2025-09-08 08:00:00,2025,9,8,8,0,Weekday,Sep,0.3365,0.3365,46035,231,77.92,low,08:00,PK
6009,2025-09-08 09:00:00,2025,9,8,9,0,Weekday,Sep,0.6077,0.6077,46035,231,140.72,low,09:00,STD
6010,2025-09-08 10:00:00,2025,9,8,10,0,Weekday,Sep,0.5644,0.5644,46035,231,130.69,low,10:00,STD
6011,2025-09-08 11:00:00,2025,9,8,11,0,Weekday,Sep,0.5577,0.5577,46035,231,129.14,low,11:00,STD
6012,2025-09-08 12:00:00,2025,9,8,12,0,Weekday,Sep,0.5319,0.5319,46035,231,123.17,low,12:00,STD
6013,2025-09-08 13:00:00,2025,9,8,13,0,Weekday,Sep,0.5076,0.5076,46035,231,117.54,low,13:00,STD
6014,2025-09-08 14:00:00,2025,9,8,14,0,Weekday,Sep,0.4855,0.4855,46035,231,112.42,low,14:00,STD
6015,2025-09-08 15:00:00,2025,9,8,15,0,Weekday,Sep,0.4967,0.4967,46035,231,115.01,low,15:00,STD
6016,2025-09-08 16:00:00,2025,9,8,16,0,Weekday,Sep,0.5252,0.5252,46035,231,121.61,low,16:00,STD
6017,2025-09-08 17:00:00,2025,9,8,17,0,Weekday,Sep,0.2875,0.2875,46035,231,66.57,low,17:00,STD
6018,2025-09-08 18:00:00,2025,9,8,18,0,Weekday,Sep,0.0394,0.1,46035,231,23.15,low,18:00,PK
6019,2025-09-08 19:00:00,2025,9,8,19,0,Weekday,Sep,0.0369,0.1,46035,231,23.15,low,19:00,PK
6020,2025-09-08 20:00:00,2025,9,8,20,0,Weekday,Sep,0.2441,0.2441,46035,231,56.52,low,20:00,PK
6021,2025-09-08 21:00:00,2025,9,8,21,0,Weekday,Sep,0.4107,0.4107,46035,231,95.1,low,21:00,STD
6022,2025-09-08 22:00:00,2025,9,8,22,0,Weekday,Sep,0.1291,0.1291,46035,231,29.89,low,22:00,OP
6023,2025-09-08 23:00:00,2025,9,8,23,0,Weekday,Sep,0.0986,0.1,46035,231,23.15,low,23:00,OP
6024,2025-09-09 00:00:00,2025,9,9,0,1,Weekday,Sep,0.1105,0.1105,46035,231,25.59,low,00:00,OP
6025,2025-09-09 01:00:00,2025,9,9,1,1,Weekday,Sep,0.1022,0.1022,46035,231,23.67,low,01:00,OP
6026,2025-09-09 02:00:00,2025,9,9,2,1,Weekday,Sep,0.1079,0.1079,46035,231,24.98,low,02:00,OP
6027,2025-09-09 03:00:00,2025,9,9,3,1,Weekday,Sep,0.1285,0.1285,46035,231,29.75,low,03:00,OP
6028,2025-09-09 04:00:00,2025,9,9,4,1,Weekday,Sep,0.1432,0.1432,46035,231,33.16,low,04:00,OP
6029,2025-09-09 05:00:00,2025,9,9,5,1,Weekday,Sep,0.157,0.157,46035,231,36.35,low,05:00,OP
6030,2025-09-09 06:00:00,2025,9,9,6,1,Weekday,Sep,0.289,0.289,46035,231,66.92,low,06:00,STD
6031,2025-09-09 07:00:00,2025,9,9,7,1,Weekday,Sep,0.046,0.1,46035,231,23.15,low,07:00,PK
6032,2025-09-09 08:00:00,2025,9,9,8,1,Weekday,Sep,0.3365,0.3365,46035,231,77.92,low,08:00,PK
6033,2025-09-09 09:00:00,2025,9,9,9,1,Weekday,Sep,0.6077,0.6077,46035,231,140.72,low,09:00,STD
6034,2025-09-09 10:00:00,2025,9,9,10,1,Weekday,Sep,0.5644,0.5644,46035,231,130.69,low,10:00,STD
6035,2025-09-09 11:00:00,2025,9,9,11,1,Weekday,Sep,0.5577,0.5577,46035,231,129.14,low,11:00,STD
6036,2025-09-09 12:00:00,2025,9,9,12,1,Weekday,Sep,0.5319,0.5319,46035,231,123.17,low,12:00,STD
6037,2025-09-09 13:00:00,2025,9,9,13,1,Weekday,Sep,0.5076,0.5076,46035,231,117.54,low,13:00,STD
6038,2025-09-09 14:00:00,2025,9,9,14,1,Weekday,Sep,0.4855,0.4855,46035,231,112.42,low,14:00,STD
6039,2025-09-09 15:00:00,2025,9,9,15,1,Weekday,Sep,0.4967,0.4967,46035,231,115.01,low,15:00,STD
6040,2025-09-09 16:00:00,2025,9,9,16,1,Weekday,Sep,0.5252,0.5252,46035,231,121.61,low,16:00,STD
6041,2025-09-09 17:00:00,2025,9,9,17,1,Weekday,Sep,0.2875,0.2875,46035,231,66.57,low,17:00,STD
6042,2025-09-09 18:00:00,2025,9,9,18,1,Weekday,Sep,0.0394,0.1,46035,231,23.15,low,18:00,PK
6043,2025-09-09 19:00:00,2025,9,9,19,1,Weekday,Sep,0.0369,0.1,46035,231,23.15,low,19:00,PK
6044,2025-09-09 20:00:00,2025,9,9,20,1,Weekday,Sep,0.2441,0.2441,46035,231,56.52,low,20:00,PK
6045,2025-09-09 21:00:00,2025,9,9,21,1,Weekday,Sep,0.4107,0.4107,46035,231,95.1,low,21:00,STD
6046,2025-09-09 22:00:00,2025,9,9,22,1,Weekday,Sep,0.1291,0.1291,46035,231,29.89,low,22:00,OP
6047,2025-09-09 23:00:00,2025,9,9,23,1,Weekday,Sep,0.0986,0.1,46035,231,23.15,low,23:00,OP
6048,2025-09-10 00:00:00,2025,9,10,0,2,Weekday,Sep,0.1105,0.1105,46035,231,25.59,low,00:00,OP
6049,2025-09-10 01:00:00,2025,9,10,1,2,Weekday,Sep,0.1022,0.1022,46035,231,23.67,low,01:00,OP
6050,2025-09-10 02:00:00,2025,9,10,2,2,Weekday,Sep,0.1079,0.1079,46035,231,24.98,low,02:00,OP
6051,2025-09-10 03:00:00,2025,9,10,3,2,Weekday,Sep,0.1285,0.1285,46035,231,29.75,low,03:00,OP
6052,2025-09-10 04:00:00,2025,9,10,4,2,Weekday,Sep,0.1432,0.1432,46035,231,33.16,low,04:00,OP
6053,2025-09-10 05:00:00,2025,9,10,5,2,Weekday,Sep,0.157,0.157,46035,231,36.35,low,05:00,OP
6054,2025-09-10 06:00:00,2025,9,10,6,2,Weekday,Sep,0.289,0.289,46035,231,66.92,low,06:00,STD
6055,2025-09-10 07:00:00,2025,9,10,7,2,Weekday,Sep,0.046,0.1,46035,231,23.15,low,07:00,PK
6056,2025-09-10 08:00:00,2025,9,10,8,2,Weekday,Sep,0.3365,0.3365,46035,231,77.92,low,08:00,PK
6057,2025-09-10 09:00:00,2025,9,10,9,2,Weekday,Sep,0.6077,0.6077,46035,231,140.72,low,09:00,STD
6058,2025-09-10 10:00:00,2025,9,10,10,2,Weekday,Sep,0.5644,0.5644,46035,231,130.69,low,10:00,STD
6059,2025-09-10 11:00:00,2025,9,10,11,2,Weekday,Sep,0.5577,0.5577,46035,231,129.14,low,11:00,STD
6060,2025-09-10 12:00:00,2025,9,10,12,2,Weekday,Sep,0.5319,0.5319,46035,231,123.17,low,12:00,STD
6061,2025-09-10 13:00:00,2025,9,10,13,2,Weekday,Sep,0.5076,0.5076,46035,231,117.54,low,13:00,STD
6062,2025-09-10 14:00:00,2025,9,10,14,2,Weekday,Sep,0.4855,0.4855,46035,231,112.42,low,14:00,STD
6063,2025-09-10 15:00:00,2025,9,10,15,2,Weekday,Sep,0.4967,0.4967,46035,231,115.01,low,15:00,STD
6064,2025-09-10 16:00:00,2025,9,10,16,2,Weekday,Sep,0.5252,0.5252,46035,231,121.61,low,16:00,STD
6065,2025-09-10 17:00:00,2025,9,10,17,2,Weekday,Sep,0.2875,0.2875,46035,231,66.57,low,17:00,STD
6066,2025-09-10 18:00:00,2025,9,10,18,2,Weekday,Sep,0.0394,0.1,46035,231,23.15,low,18:00,PK
6067,2025-09-10 19:00:00,2025,9,10,19,2,Weekday,Sep,0.0369,0.1,46035,231,23.15,low,19:00,PK
6068,2025-09-10 20:00:00,2025,9,10,20,2,Weekday,Sep,0.2441,0.2441,46035,231,56.52,low,20:00,PK
6069,2025-09-10 21:00:00,2025,9,10,21,2,Weekday,Sep,0.4107,0.4107,46035,231,95.1,low,21:00,STD
6070,2025-09-10 22:00:00,2025,9,10,22,2,Weekday,Sep,0.1291,0.1291,46035,231,29.89,low,22:00,OP
6071,2025-09-10 23:00:00,2025,9,10,23,2,Weekday,Sep,0.0986,0.1,46035,231,23.15,low,23:00,OP
6072,2025-09-11 00:00:00,2025,9,11,0,3,Weekday,Sep,0.1105,0.1105,46035,231,25.59,low,00:00,OP
6073,2025-09-11 01:00:00,2025,9,11,1,3,Weekday,Sep,0.1022,0.1022,46035,231,23.67,low,01:00,OP
6074,2025-09-11 02:00:00,2025,9,11,2,3,Weekday,Sep,0.1079,0.1079,46035,231,24.98,low,02:00,OP
6075,2025-09-11 03:00:00,2025,9,11,3,3,Weekday,Sep,0.1285,0.1285,46035,231,29.75,low,03:00,OP
6076,2025-09-11 04:00:00,2025,9,11,4,3,Weekday,Sep,0.1432,0.1432,46035,231,33.16,low,04:00,OP
6077,2025-09-11 05:00:00,2025,9,11,5,3,Weekday,Sep,0.157,0.157,46035,231,36.35,low,05:00,OP
6078,2025-09-11 06:00:00,2025,9,11,6,3,Weekday,Sep,0.289,0.289,46035,231,66.92,low,06:00,STD
6079,2025-09-11 07:00:00,2025,9,11,7,3,Weekday,Sep,0.046,0.1,46035,231,23.15,low,07:00,PK
6080,2025-09-11 08:00:00,2025,9,11,8,3,Weekday,Sep,0.3365,0.3365,46035,231,77.92,low,08:00,PK
6081,2025-09-11 09:00:00,2025,9,11,9,3,Weekday,Sep,0.6077,0.6077,46035,231,140.72,low,09:00,STD
6082,2025-09-11 10:00:00,2025,9,11,10,3,Weekday,Sep,0.5644,0.5644,46035,231,130.69,low,10:00,STD
6083,2025-09-11 11:00:00,2025,9,11,11,3,Weekday,Sep,0.5577,0.5577,46035,231,129.14,low,11:00,STD
6084,2025-09-11 12:00:00,2025,9,11,12,3,Weekday,Sep,0.5319,0.5319,46035,231,123.17,low,12:00,STD
6085,2025-09-11 13:00:00,2025,9,11,13,3,Weekday,Sep,0.5076,0.5076,46035,231,117.54,low,13:00,STD
6086,2025-09-11 14:00:00,2025,9,11,14,3,Weekday,Sep,0.4855,0.4855,46035,231,112.42,low,14:00,STD
6087,2025-09-11 15:00:00,2025,9,11,15,3,Weekday,Sep,0.4967,0.4967,46035,231,115.01,low,15:00,STD
6088,2025-09-11 16:00:00,2025,9,11,16,3,Weekday,Sep,0.5252,0.5252,46035,231,121.61,low,16:00,STD
6089,2025-09-11 17:00:00,2025,9,11,17,3,Weekday,Sep,0.2875,0.2875,46035,231,66.57,low,17:00,STD
6090,2025-09-11 18:00:00,2025,9,11,18,3,Weekday,Sep,0.0394,0.1,46035,231,23.15,low,18:00,PK
6091,2025-09-11 19:00:00,2025,9,11,19,3,Weekday,Sep,0.0369,0.1,46035,231,23.15,low,19:00,PK
6092,2025-09-11 20:00:00,2025,9,11,20,3,Weekday,Sep,0.2441,0.2441,46035,231,56.52,low,20:00,PK
6093,2025-09-11 21:00:00,2025,9,11,21,3,Weekday,Sep,0.4107,0.4107,46035,231,95.1,low,21:00,STD
6094,2025-09-11 22:00:00,2025,9,11,22,3,Weekday,Sep,0.1291,0.1291,46035,231,29.89,low,22:00,OP
6095,2025-09-11 23:00:00,2025,9,11,23,3,Weekday,Sep,0.0986,0.1,46035,231,23.15,low,23:00,OP
6096,2025-09-12 00:00:00,2025,9,12,0,4,Weekday,Sep,0.1105,0.1105,46035,231,25.59,low,00:00,OP
6097,2025-09-12 01:00:00,2025,9,12,1,4,Weekday,Sep,0.1022,0.1022,46035,231,23.67,low,01:00,OP
6098,2025-09-12 02:00:00,2025,9,12,2,4,Weekday,Sep,0.1079,0.1079,46035,231,24.98,low,02:00,OP
6099,2025-09-12 03:00:00,2025,9,12,3,4,Weekday,Sep,0.1285,0.1285,46035,231,29.75,low,03:00,OP
6100,2025-09-12 04:00:00,2025,9,12,4,4,Weekday,Sep,0.1432,0.1432,46035,231,33.16,low,04:00,OP
6101,2025-09-12 05:00:00,2025,9,12,5,4,Weekday,Sep,0.157,0.157,46035,231,36.35,low,05:00,OP
6102,2025-09-12 06:00:00,2025,9,12,6,4,Weekday,Sep,0.289,0.289,46035,231,66.92,low,06:00,STD
6103,2025-09-12 07:00:00,2025,9,12,7,4,Weekday,Sep,0.046,0.1,46035,231,23.15,low,07:00,PK
6104,2025-09-12 08:00:00,2025,9,12,8,4,Weekday,Sep,0.3365,0.3365,46035,231,77.92,low,08:00,PK
6105,2025-09-12 09:00:00,2025,9,12,9,4,Weekday,Sep,0.6077,0.6077,46035,231,140.72,low,09:00,STD
6106,2025-09-12 10:00:00,2025,9,12,10,4,Weekday,Sep,0.5644,0.5644,46035,231,130.69,low,10:00,STD
6107,2025-09-12 11:00:00,2025,9,12,11,4,Weekday,Sep,0.5577,0.5577,46035,231,129.14,low,11:00,STD
6108,2025-09-12 12:00:00,2025,9,12,12,4,Weekday,Sep,0.5319,0.5319,46035,231,123.17,low,12:00,STD
6109,2025-09-12 13:00:00,2025,9,12,13,4,Weekday,Sep,0.5076,0.5076,46035,231,117.54,low,13:00,STD
6110,2025-09-12 14:00:00,2025,9,12,14,4,Weekday,Sep,0.4855,0.4855,46035,231,112.42,low,14:00,STD
6111,2025-09-12 15:00:00,2025,9,12,15,4,Weekday,Sep,0.4967,0.4967,46035,231,115.01,low,15:00,STD
6112,2025-09-12 16:00:00,2025,9,12,16,4,Weekday,Sep,0.5252,0.5252,46035,231,121.61,low,16:00,STD
6113,2025-09-12 17:00:00,2025,9,12,17,4,Weekday,Sep,0.2875,0.2875,46035,231,66.57,low,17:00,STD
6114,2025-09-12 18:00:00,2025,9,12,18,4,Weekday,Sep,0.0394,0.1,46035,231,23.15,low,18:00,PK
6115,2025-09-12 19:00:00,2025,9,12,19,4,Weekday,Sep,0.0369,0.1,46035,231,23.15,low,19:00,PK
6116,2025-09-12 20:00:00,2025,9,12,20,4,Weekday,Sep,0.2441,0.2441,46035,231,56.52,low,20:00,PK
6117,2025-09-12 21:00:00,2025,9,12,21,4,Weekday,Sep,0.4107,0.4107,46035,231,95.1,low,21:00,STD
6118,2025-09-12 22:00:00,2025,9,12,22,4,Weekday,Sep,0.1291,0.1291,46035,231,29.89,low,22:00,OP
6119,2025-09-12 23:00:00,2025,9,12,23,4,Weekday,Sep,0.0986,0.1,46035,231,23.15,low,23:00,OP
6120,2025-09-13 00:00:00,2025,9,13,0,5,Sat,Sep,0.11,0.11,46035,231,25.47,low,00:00,OP
6121,2025-09-13 01:00:00,2025,9,13,1,5,Sat,Sep,0.1034,0.1034,46035,231,23.95,low,01:00,OP
6122,2025-09-13 02:00:00,2025,9,13,2,5,Sat,Sep,0.1073,0.1073,46035,231,24.85,low,02:00,OP
6123,2025-09-13 03:00:00,2025,9,13,3,5,Sat,Sep,0.1261,0.1261,46035,231,29.2,low,03:00,OP
6124,2025-09-13 04:00:00,2025,9,13,4,5,Sat,Sep,0.1426,0.1426,46035,231,33.02,low,04:00,OP
6125,2025-09-13 05:00:00,2025,9,13,5,5,Sat,Sep,0.1505,0.1505,46035,231,34.86,low,05:00,OP
6126,2025-09-13 06:00:00,2025,9,13,6,5,Sat,Sep,0.1655,0.1655,46035,231,38.32,low,06:00,OP
6127,2025-09-13 07:00:00,2025,9,13,7,5,Sat,Sep,0.3932,0.3932,46035,231,91.04,low,07:00,STD
6128,2025-09-13 08:00:00,2025,9,13,8,5,Sat,Sep,0.379,0.379,46035,231,87.76,low,08:00,STD
6129,2025-09-13 09:00:00,2025,9,13,9,5,Sat,Sep,0.3775,0.3775,46035,231,87.41,low,09:00,STD
6130,2025-09-13 10:00:00,2025,9,13,10,5,Sat,Sep,0.3608,0.3608,46035,231,83.54,low,10:00,STD
6131,2025-09-13 11:00:00,2025,9,13,11,5,Sat,Sep,0.3558,0.3558,46035,231,82.39,low,11:00,STD
6132,2025-09-13 12:00:00,2025,9,13,12,5,Sat,Sep,0.1722,0.1722,46035,231,39.88,low,12:00,OP
6133,2025-09-13 13:00:00,2025,9,13,13,5,Sat,Sep,0.1653,0.1653,46035,231,38.27,low,13:00,OP
6134,2025-09-13 14:00:00,2025,9,13,14,5,Sat,Sep,0.1541,0.1541,46035,231,35.68,low,14:00,OP
6135,2025-09-13 15:00:00,2025,9,13,15,5,Sat,Sep,0.1547,0.1547,46035,231,35.82,low,15:00,OP
6136,2025-09-13 16:00:00,2025,9,13,16,5,Sat,Sep,0.1634,0.1634,46035,231,37.84,low,16:00,OP
6137,2025-09-13 17:00:00,2025,9,13,17,5,Sat,Sep,0.3292,0.3292,46035,231,76.23,low,17:00,OP
6138,2025-09-13 18:00:00,2025,9,13,18,5,Sat,Sep,0.521,0.521,46035,231,120.64,low,18:00,STD
6139,2025-09-13 19:00:00,2025,9,13,19,5,Sat,Sep,0.3252,0.3252,46035,231,75.3,low,19:00,STD
6140,2025-09-13 20:00:00,2025,9,13,20,5,Sat,Sep,0.1437,0.1437,46035,231,33.27,low,20:00,OP
6141,2025-09-13 21:00:00,2025,9,13,21,5,Sat,Sep,0.1337,0.1337,46035,231,30.95,low,21:00,OP
6142,2025-09-13 22:00:00,2025,9,13,22,5,Sat,Sep,0.1291,0.1291,46035,231,29.89,low,22:00,OP
6143,2025-09-13 23:00:00,2025,9,13,23,5,Sat,Sep,0.0971,0.1,46035,231,23.15,low,23:00,OP
6144,2025-09-14 00:00:00,2025,9,14,0,6,Sun,Sep,0.11,0.11,46035,231,25.47,low,00:00,OP
6145,2025-09-14 01:00:00,2025,9,14,1,6,Sun,Sep,0.1034,0.1034,46035,231,23.95,low,01:00,OP
6146,2025-09-14 02:00:00,2025,9,14,2,6,Sun,Sep,0.1073,0.1073,46035,231,24.85,low,02:00,OP
6147,2025-09-14 03:00:00,2025,9,14,3,6,Sun,Sep,0.1261,0.1261,46035,231,29.2,low,03:00,OP
6148,2025-09-14 04:00:00,2025,9,14,4,6,Sun,Sep,0.1426,0.1426,46035,231,33.02,low,04:00,OP
6149,2025-09-14 05:00:00,2025,9,14,5,6,Sun,Sep,0.1505,0.1505,46035,231,34.86,low,05:00,OP
6150,2025-09-14 06:00:00,2025,9,14,6,6,Sun,Sep,0.1655,0.1655,46035,231,38.32,low,06:00,OP
6151,2025-09-14 07:00:00,2025,9,14,7,6,Sun,Sep,0.3932,0.3932,46035,231,91.04,low,07:00,OP
6152,2025-09-14 08:00:00,2025,9,14,8,6,Sun,Sep,0.379,0.379,46035,231,87.76,low,08:00,OP
6153,2025-09-14 09:00:00,2025,9,14,9,6,Sun,Sep,0.3775,0.3775,46035,231,87.41,low,09:00,OP
6154,2025-09-14 10:00:00,2025,9,14,10,6,Sun,Sep,0.3608,0.3608,46035,231,83.54,low,10:00,OP
6155,2025-09-14 11:00:00,2025,9,14,11,6,Sun,Sep,0.3558,0.3558,46035,231,82.39,low,11:00,OP
6156,2025-09-14 12:00:00,2025,9,14,12,6,Sun,Sep,0.1722,0.1722,46035,231,39.88,low,12:00,OP
6157,2025-09-14 13:00:00,2025,9,14,13,6,Sun,Sep,0.1653,0.1653,46035,231,38.27,low,13:00,OP
6158,2025-09-14 14:00:00,2025,9,14,14,6,Sun,Sep,0.1541,0.1541,46035,231,35.68,low,14:00,OP
6159,2025-09-14 15:00:00,2025,9,14,15,6,Sun,Sep,0.1547,0.1547,46035,231,35.82,low,15:00,OP
6160,2025-09-14 16:00:00,2025,9,14,16,6,Sun,Sep,0.1634,0.1634,46035,231,37.84,low,16:00,OP
6161,2025-09-14 17:00:00,2025,9,14,17,6,Sun,Sep,0.3292,0.3292,46035,231,76.23,low,17:00,OP
6162,2025-09-14 18:00:00,2025,9,14,18,6,Sun,Sep,0.521,0.521,46035,231,120.64,low,18:00,STD
6163,2025-09-14 19:00:00,2025,9,14,19,6,Sun,Sep,0.3252,0.3252,46035,231,75.3,low,19:00,STD
6164,2025-09-14 20:00:00,2025,9,14,20,6,Sun,Sep,0.1437,0.1437,46035,231,33.27,low,20:00,OP
6165,2025-09-14 21:00:00,2025,9,14,21,6,Sun,Sep,0.1337,0.1337,46035,231,30.95,low,21:00,OP
6166,2025-09-14 22:00:00,2025,9,14,22,6,Sun,Sep,0.1291,0.1291,46035,231,29.89,low,22:00,OP
6167,2025-09-14 23:00:00,2025,9,14,23,6,Sun,Sep,0.0971,0.1,46035,231,23.15,low,23:00,OP
6168,2025-09-15 00:00:00,2025,9,15,0,0,Weekday,Sep,0.1105,0.1105,46035,231,25.59,low,00:00,OP
6169,2025-09-15 01:00:00,2025,9,15,1,0,Weekday,Sep,0.1022,0.1022,46035,231,23.67,low,01:00,OP
6170,2025-09-15 02:00:00,2025,9,15,2,0,Weekday,Sep,0.1079,0.1079,46035,231,24.98,low,02:00,OP
6171,2025-09-15 03:00:00,2025,9,15,3,0,Weekday,Sep,0.1285,0.1285,46035,231,29.75,low,03:00,OP
6172,2025-09-15 04:00:00,2025,9,15,4,0,Weekday,Sep,0.1432,0.1432,46035,231,33.16,low,04:00,OP
6173,2025-09-15 05:00:00,2025,9,15,5,0,Weekday,Sep,0.157,0.157,46035,231,36.35,low,05:00,OP
6174,2025-09-15 06:00:00,2025,9,15,6,0,Weekday,Sep,0.289,0.289,46035,231,66.92,low,06:00,STD
6175,2025-09-15 07:00:00,2025,9,15,7,0,Weekday,Sep,0.046,0.1,46035,231,23.15,low,07:00,PK
6176,2025-09-15 08:00:00,2025,9,15,8,0,Weekday,Sep,0.3365,0.3365,46035,231,77.92,low,08:00,PK
6177,2025-09-15 09:00:00,2025,9,15,9,0,Weekday,Sep,0.6077,0.6077,46035,231,140.72,low,09:00,STD
6178,2025-09-15 10:00:00,2025,9,15,10,0,Weekday,Sep,0.5644,0.5644,46035,231,130.69,low,10:00,STD
6179,2025-09-15 11:00:00,2025,9,15,11,0,Weekday,Sep,0.5577,0.5577,46035,231,129.14,low,11:00,STD
6180,2025-09-15 12:00:00,2025,9,15,12,0,Weekday,Sep,0.5319,0.5319,46035,231,123.17,low,12:00,STD
6181,2025-09-15 13:00:00,2025,9,15,13,0,Weekday,Sep,0.5076,0.5076,46035,231,117.54,low,13:00,STD
6182,2025-09-15 14:00:00,2025,9,15,14,0,Weekday,Sep,0.4855,0.4855,46035,231,112.42,low,14:00,STD
6183,2025-09-15 15:00:00,2025,9,15,15,0,Weekday,Sep,0.4967,0.4967,46035,231,115.01,low,15:00,STD
6184,2025-09-15 16:00:00,2025,9,15,16,0,Weekday,Sep,0.5252,0.5252,46035,231,121.61,low,16:00,STD
6185,2025-09-15 17:00:00,2025,9,15,17,0,Weekday,Sep,0.2875,0.2875,46035,231,66.57,low,17:00,STD
6186,2025-09-15 18:00:00,2025,9,15,18,0,Weekday,Sep,0.0394,0.1,46035,231,23.15,low,18:00,PK
6187,2025-09-15 19:00:00,2025,9,15,19,0,Weekday,Sep,0.0369,0.1,46035,231,23.15,low,19:00,PK
6188,2025-09-15 20:00:00,2025,9,15,20,0,Weekday,Sep,0.2441,0.2441,46035,231,56.52,low,20:00,PK
6189,2025-09-15 21:00:00,2025,9,15,21,0,Weekday,Sep,0.4107,0.4107,46035,231,95.1,low,21:00,STD
6190,2025-09-15 22:00:00,2025,9,15,22,0,Weekday,Sep,0.1291,0.1291,46035,231,29.89,low,22:00,OP
6191,2025-09-15 23:00:00,2025,9,15,23,0,Weekday,Sep,0.0986,0.1,46035,231,23.15,low,23:00,OP
6192,2025-09-16 00:00:00,2025,9,16,0,1,Weekday,Sep,0.1105,0.1105,46035,231,25.59,low,00:00,OP
6193,2025-09-16 01:00:00,2025,9,16,1,1,Weekday,Sep,0.1022,0.1022,46035,231,23.67,low,01:00,OP
6194,2025-09-16 02:00:00,2025,9,16,2,1,Weekday,Sep,0.1079,0.1079,46035,231,24.98,low,02:00,OP
6195,2025-09-16 03:00:00,2025,9,16,3,1,Weekday,Sep,0.1285,0.1285,46035,231,29.75,low,03:00,OP
6196,2025-09-16 04:00:00,2025,9,16,4,1,Weekday,Sep,0.1432,0.1432,46035,231,33.16,low,04:00,OP
6197,2025-09-16 05:00:00,2025,9,16,5,1,Weekday,Sep,0.157,0.157,46035,231,36.35,low,05:00,OP
6198,2025-09-16 06:00:00,2025,9,16,6,1,Weekday,Sep,0.289,0.289,46035,231,66.92,low,06:00,STD
6199,2025-09-16 07:00:00,2025,9,16,7,1,Weekday,Sep,0.046,0.1,46035,231,23.15,low,07:00,PK
6200,2025-09-16 08:00:00,2025,9,16,8,1,Weekday,Sep,0.3365,0.3365,46035,231,77.92,low,08:00,PK
6201,2025-09-16 09:00:00,2025,9,16,9,1,Weekday,Sep,0.6077,0.6077,46035,231,140.72,low,09:00,STD
6202,2025-09-16 10:00:00,2025,9,16,10,1,Weekday,Sep,0.5644,0.5644,46035,231,130.69,low,10:00,STD
6203,2025-09-16 11:00:00,2025,9,16,11,1,Weekday,Sep,0.5577,0.5577,46035,231,129.14,low,11:00,STD
6204,2025-09-16 12:00:00,2025,9,16,12,1,Weekday,Sep,0.5319,0.5319,46035,231,123.17,low,12:00,STD
6205,2025-09-16 13:00:00,2025,9,16,13,1,Weekday,Sep,0.5076,0.5076,46035,231,117.54,low,13:00,STD
6206,2025-09-16 14:00:00,2025,9,16,14,1,Weekday,Sep,0.4855,0.4855,46035,231,112.42,low,14:00,STD
6207,2025-09-16 15:00:00,2025,9,16,15,1,Weekday,Sep,0.4967,0.4967,46035,231,115.01,low,15:00,STD
6208,2025-09-16 16:00:00,2025,9,16,16,1,Weekday,Sep,0.5252,0.5252,46035,231,121.61,low,16:00,STD
6209,2025-09-16 17:00:00,2025,9,16,17,1,Weekday,Sep,0.2875,0.2875,46035,231,66.57,low,17:00,STD
6210,2025-09-16 18:00:00,2025,9,16,18,1,Weekday,Sep,0.0394,0.1,46035,231,23.15,low,18:00,PK
6211,2025-09-16 19:00:00,2025,9,16,19,1,Weekday,Sep,0.0369,0.1,46035,231,23.15,low,19:00,PK
6212,2025-09-16 20:00:00,2025,9,16,20,1,Weekday,Sep,0.2441,0.2441,46035,231,56.52,low,20:00,PK
6213,2025-09-16 21:00:00,2025,9,16,21,1,Weekday,Sep,0.4107,0.4107,46035,231,95.1,low,21:00,STD
6214,2025-09-16 22:00:00,2025,9,16,22,1,Weekday,Sep,0.1291,0.1291,46035,231,29.89,low,22:00,OP
6215,2025-09-16 23:00:00,2025,9,16,23,1,Weekday,Sep,0.0986,0.1,46035,231,23.15,low,23:00,OP
6216,2025-09-17 00:00:00,2025,9,17,0,2,Weekday,Sep,0.1105,0.1105,46035,231,25.59,low,00:00,OP
6217,2025-09-17 01:00:00,2025,9,17,1,2,Weekday,Sep,0.1022,0.1022,46035,231,23.67,low,01:00,OP
6218,2025-09-17 02:00:00,2025,9,17,2,2,Weekday,Sep,0.1079,0.1079,46035,231,24.98,low,02:00,OP
6219,2025-09-17 03:00:00,2025,9,17,3,2,Weekday,Sep,0.1285,0.1285,46035,231,29.75,low,03:00,OP
6220,2025-09-17 04:00:00,2025,9,17,4,2,Weekday,Sep,0.1432,0.1432,46035,231,33.16,low,04:00,OP
6221,2025-09-17 05:00:00,2025,9,17,5,2,Weekday,Sep,0.157,0.157,46035,231,36.35,low,05:00,OP
6222,2025-09-17 06:00:00,2025,9,17,6,2,Weekday,Sep,0.289,0.289,46035,231,66.92,low,06:00,STD
6223,2025-09-17 07:00:00,2025,9,17,7,2,Weekday,Sep,0.046,0.1,46035,231,23.15,low,07:00,PK
6224,2025-09-17 08:00:00,2025,9,17,8,2,Weekday,Sep,0.3365,0.3365,46035,231,77.92,low,08:00,PK
6225,2025-09-17 09:00:00,2025,9,17,9,2,Weekday,Sep,0.6077,0.6077,46035,231,140.72,low,09:00,STD
6226,2025-09-17 10:00:00,2025,9,17,10,2,Weekday,Sep,0.5644,0.5644,46035,231,130.69,low,10:00,STD
6227,2025-09-17 11:00:00,2025,9,17,11,2,Weekday,Sep,0.5577,0.5577,46035,231,129.14,low,11:00,STD
6228,2025-09-17 12:00:00,2025,9,17,12,2,Weekday,Sep,0.5319,0.5319,46035,231,123.17,low,12:00,STD
6229,2025-09-17 13:00:00,2025,9,17,13,2,Weekday,Sep,0.5076,0.5076,46035,231,117.54,low,13:00,STD
6230,2025-09-17 14:00:00,2025,9,17,14,2,Weekday,Sep,0.4855,0.4855,46035,231,112.42,low,14:00,STD
6231,2025-09-17 15:00:00,2025,9,17,15,2,Weekday,Sep,0.4967,0.4967,46035,231,115.01,low,15:00,STD
6232,2025-09-17 16:00:00,2025,9,17,16,2,Weekday,Sep,0.5252,0.5252,46035,231,121.61,low,16:00,STD
6233,2025-09-17 17:00:00,2025,9,17,17,2,Weekday,Sep,0.2875,0.2875,46035,231,66.57,low,17:00,STD
6234,2025-09-17 18:00:00,2025,9,17,18,2,Weekday,Sep,0.0394,0.1,46035,231,23.15,low,18:00,PK
6235,2025-09-17 19:00:00,2025,9,17,19,2,Weekday,Sep,0.0369,0.1,46035,231,23.15,low,19:00,PK
6236,2025-09-17 20:00:00,2025,9,17,20,2,Weekday,Sep,0.2441,0.2441,46035,231,56.52,low,20:00,PK
6237,2025-09-17 21:00:00,2025,9,17,21,2,Weekday,Sep,0.4107,0.4107,46035,231,95.1,low,21:00,STD
6238,2025-09-17 22:00:00,2025,9,17,22,2,Weekday,Sep,0.1291,0.1291,46035,231,29.89,low,22:00,OP
6239,2025-09-17 23:00:00,2025,9,17,23,2,Weekday,Sep,0.0986,0.1,46035,231,23.15,low,23:00,OP
6240,2025-09-18 00:00:00,2025,9,18,0,3,Weekday,Sep,0.1105,0.1105,46035,231,25.59,low,00:00,OP
6241,2025-09-18 01:00:00,2025,9,18,1,3,Weekday,Sep,0.1022,0.1022,46035,231,23.67,low,01:00,OP
6242,2025-09-18 02:00:00,2025,9,18,2,3,Weekday,Sep,0.1079,0.1079,46035,231,24.98,low,02:00,OP
6243,2025-09-18 03:00:00,2025,9,18,3,3,Weekday,Sep,0.1285,0.1285,46035,231,29.75,low,03:00,OP
6244,2025-09-18 04:00:00,2025,9,18,4,3,Weekday,Sep,0.1432,0.1432,46035,231,33.16,low,04:00,OP
6245,2025-09-18 05:00:00,2025,9,18,5,3,Weekday,Sep,0.157,0.157,46035,231,36.35,low,05:00,OP
6246,2025-09-18 06:00:00,2025,9,18,6,3,Weekday,Sep,0.289,0.289,46035,231,66.92,low,06:00,STD
6247,2025-09-18 07:00:00,2025,9,18,7,3,Weekday,Sep,0.046,0.1,46035,231,23.15,low,07:00,PK
6248,2025-09-18 08:00:00,2025,9,18,8,3,Weekday,Sep,0.3365,0.3365,46035,231,77.92,low,08:00,PK
6249,2025-09-18 09:00:00,2025,9,18,9,3,Weekday,Sep,0.6077,0.6077,46035,231,140.72,low,09:00,STD
6250,2025-09-18 10:00:00,2025,9,18,10,3,Weekday,Sep,0.5644,0.5644,46035,231,130.69,low,10:00,STD
6251,2025-09-18 11:00:00,2025,9,18,11,3,Weekday,Sep,0.5577,0.5577,46035,231,129.14,low,11:00,STD
6252,2025-09-18 12:00:00,2025,9,18,12,3,Weekday,Sep,0.5319,0.5319,46035,231,123.17,low,12:00,STD
6253,2025-09-18 13:00:00,2025,9,18,13,3,Weekday,Sep,0.5076,0.5076,46035,231,117.54,low,13:00,STD
6254,2025-09-18 14:00:00,2025,9,18,14,3,Weekday,Sep,0.4855,0.4855,46035,231,112.42,low,14:00,STD
6255,2025-09-18 15:00:00,2025,9,18,15,3,Weekday,Sep,0.4967,0.4967,46035,231,115.01,low,15:00,STD
6256,2025-09-18 16:00:00,2025,9,18,16,3,Weekday,Sep,0.5252,0.5252,46035,231,121.61,low,16:00,STD
6257,2025-09-18 17:00:00,2025,9,18,17,3,Weekday,Sep,0.2875,0.2875,46035,231,66.57,low,17:00,STD
6258,2025-09-18 18:00:00,2025,9,18,18,3,Weekday,Sep,0.0394,0.1,46035,231,23.15,low,18:00,PK
6259,2025-09-18 19:00:00,2025,9,18,19,3,Weekday,Sep,0.0369,0.1,46035,231,23.15,low,19:00,PK
6260,2025-09-18 20:00:00,2025,9,18,20,3,Weekday,Sep,0.2441,0.2441,46035,231,56.52,low,20:00,PK
6261,2025-09-18 21:00:00,2025,9,18,21,3,Weekday,Sep,0.4107,0.4107,46035,231,95.1,low,21:00,STD
6262,2025-09-18 22:00:00,2025,9,18,22,3,Weekday,Sep,0.1291,0.1291,46035,231,29.89,low,22:00,OP
6263,2025-09-18 23:00:00,2025,9,18,23,3,Weekday,Sep,0.0986,0.1,46035,231,23.15,low,23:00,OP
6264,2025-09-19 00:00:00,2025,9,19,0,4,Weekday,Sep,0.1105,0.1105,46035,231,25.59,low,00:00,OP
6265,2025-09-19 01:00:00,2025,9,19,1,4,Weekday,Sep,0.1022,0.1022,46035,231,23.67,low,01:00,OP
6266,2025-09-19 02:00:00,2025,9,19,2,4,Weekday,Sep,0.1079,0.1079,46035,231,24.98,low,02:00,OP
6267,2025-09-19 03:00:00,2025,9,19,3,4,Weekday,Sep,0.1285,0.1285,46035,231,29.75,low,03:00,OP
6268,2025-09-19 04:00:00,2025,9,19,4,4,Weekday,Sep,0.1432,0.1432,46035,231,33.16,low,04:00,OP
6269,2025-09-19 05:00:00,2025,9,19,5,4,Weekday,Sep,0.157,0.157,46035,231,36.35,low,05:00,OP
6270,2025-09-19 06:00:00,2025,9,19,6,4,Weekday,Sep,0.289,0.289,46035,231,66.92,low,06:00,STD
6271,2025-09-19 07:00:00,2025,9,19,7,4,Weekday,Sep,0.046,0.1,46035,231,23.15,low,07:00,PK
6272,2025-09-19 08:00:00,2025,9,19,8,4,Weekday,Sep,0.3365,0.3365,46035,231,77.92,low,08:00,PK
6273,2025-09-19 09:00:00,2025,9,19,9,4,Weekday,Sep,0.6077,0.6077,46035,231,140.72,low,09:00,STD
6274,2025-09-19 10:00:00,2025,9,19,10,4,Weekday,Sep,0.5644,0.5644,46035,231,130.69,low,10:00,STD
6275,2025-09-19 11:00:00,2025,9,19,11,4,Weekday,Sep,0.5577,0.5577,46035,231,129.14,low,11:00,STD
6276,2025-09-19 12:00:00,2025,9,19,12,4,Weekday,Sep,0.5319,0.5319,46035,231,123.17,low,12:00,STD
6277,2025-09-19 13:00:00,2025,9,19,13,4,Weekday,Sep,0.5076,0.5076,46035,231,117.54,low,13:00,STD
6278,2025-09-19 14:00:00,2025,9,19,14,4,Weekday,Sep,0.4855,0.4855,46035,231,112.42,low,14:00,STD
6279,2025-09-19 15:00:00,2025,9,19,15,4,Weekday,Sep,0.4967,0.4967,46035,231,115.01,low,15:00,STD
6280,2025-09-19 16:00:00,2025,9,19,16,4,Weekday,Sep,0.5252,0.5252,46035,231,121.61,low,16:00,STD
6281,2025-09-19 17:00:00,2025,9,19,17,4,Weekday,Sep,0.2875,0.2875,46035,231,66.57,low,17:00,STD
6282,2025-09-19 18:00:00,2025,9,19,18,4,Weekday,Sep,0.0394,0.1,46035,231,23.15,low,18:00,PK
6283,2025-09-19 19:00:00,2025,9,19,19,4,Weekday,Sep,0.0369,0.1,46035,231,23.15,low,19:00,PK
6284,2025-09-19 20:00:00,2025,9,19,20,4,Weekday,Sep,0.2441,0.2441,46035,231,56.52,low,20:00,PK
6285,2025-09-19 21:00:00,2025,9,19,21,4,Weekday,Sep,0.4107,0.4107,46035,231,95.1,low,21:00,STD
6286,2025-09-19 22:00:00,2025,9,19,22,4,Weekday,Sep,0.1291,0.1291,46035,231,29.89,low,22:00,OP
6287,2025-09-19 23:00:00,2025,9,19,23,4,Weekday,Sep,0.0986,0.1,46035,231,23.15,low,23:00,OP
6288,2025-09-20 00:00:00,2025,9,20,0,5,Sat,Sep,0.11,0.11,46035,231,25.47,low,00:00,OP
6289,2025-09-20 01:00:00,2025,9,20,1,5,Sat,Sep,0.1034,0.1034,46035,231,23.95,low,01:00,OP
6290,2025-09-20 02:00:00,2025,9,20,2,5,Sat,Sep,0.1073,0.1073,46035,231,24.85,low,02:00,OP
6291,2025-09-20 03:00:00,2025,9,20,3,5,Sat,Sep,0.1261,0.1261,46035,231,29.2,low,03:00,OP
6292,2025-09-20 04:00:00,2025,9,20,4,5,Sat,Sep,0.1426,0.1426,46035,231,33.02,low,04:00,OP
6293,2025-09-20 05:00:00,2025,9,20,5,5,Sat,Sep,0.1505,0.1505,46035,231,34.86,low,05:00,OP
6294,2025-09-20 06:00:00,2025,9,20,6,5,Sat,Sep,0.1655,0.1655,46035,231,38.32,low,06:00,OP
6295,2025-09-20 07:00:00,2025,9,20,7,5,Sat,Sep,0.3932,0.3932,46035,231,91.04,low,07:00,STD
6296,2025-09-20 08:00:00,2025,9,20,8,5,Sat,Sep,0.379,0.379,46035,231,87.76,low,08:00,STD
6297,2025-09-20 09:00:00,2025,9,20,9,5,Sat,Sep,0.3775,0.3775,46035,231,87.41,low,09:00,STD
6298,2025-09-20 10:00:00,2025,9,20,10,5,Sat,Sep,0.3608,0.3608,46035,231,83.54,low,10:00,STD
6299,2025-09-20 11:00:00,2025,9,20,11,5,Sat,Sep,0.3558,0.3558,46035,231,82.39,low,11:00,STD
6300,2025-09-20 12:00:00,2025,9,20,12,5,Sat,Sep,0.1722,0.1722,46035,231,39.88,low,12:00,OP
6301,2025-09-20 13:00:00,2025,9,20,13,5,Sat,Sep,0.1653,0.1653,46035,231,38.27,low,13:00,OP
6302,2025-09-20 14:00:00,2025,9,20,14,5,Sat,Sep,0.1541,0.1541,46035,231,35.68,low,14:00,OP
6303,2025-09-20 15:00:00,2025,9,20,15,5,Sat,Sep,0.1547,0.1547,46035,231,35.82,low,15:00,OP
6304,2025-09-20 16:00:00,2025,9,20,16,5,Sat,Sep,0.1634,0.1634,46035,231,37.84,low,16:00,OP
6305,2025-09-20 17:00:00,2025,9,20,17,5,Sat,Sep,0.3292,0.3292,46035,231,76.23,low,17:00,OP
6306,2025-09-20 18:00:00,2025,9,20,18,5,Sat,Sep,0.521,0.521,46035,231,120.64,low,18:00,STD
6307,2025-09-20 19:00:00,2025,9,20,19,5,Sat,Sep,0.3252,0.3252,46035,231,75.3,low,19:00,STD
6308,2025-09-20 20:00:00,2025,9,20,20,5,Sat,Sep,0.1437,0.1437,46035,231,33.27,low,20:00,OP
6309,2025-09-20 21:00:00,2025,9,20,21,5,Sat,Sep,0.1337,0.1337,46035,231,30.95,low,21:00,OP
6310,2025-09-20 22:00:00,2025,9,20,22,5,Sat,Sep,0.1291,0.1291,46035,231,29.89,low,22:00,OP
6311,2025-09-20 23:00:00,2025,9,20,23,5,Sat,Sep,0.0971,0.1,46035,231,23.15,low,23:00,OP
6312,2025-09-21 00:00:00,2025,9,21,0,6,Sun,Sep,0.11,0.11,46035,231,25.47,low,00:00,OP
6313,2025-09-21 01:00:00,2025,9,21,1,6,Sun,Sep,0.1034,0.1034,46035,231,23.95,low,01:00,OP
6314,2025-09-21 02:00:00,2025,9,21,2,6,Sun,Sep,0.1073,0.1073,46035,231,24.85,low,02:00,OP
6315,2025-09-21 03:00:00,2025,9,21,3,6,Sun,Sep,0.1261,0.1261,46035,231,29.2,low,03:00,OP
6316,2025-09-21 04:00:00,2025,9,21,4,6,Sun,Sep,0.1426,0.1426,46035,231,33.02,low,04:00,OP
6317,2025-09-21 05:00:00,2025,9,21,5,6,Sun,Sep,0.1505,0.1505,46035,231,34.86,low,05:00,OP
6318,2025-09-21 06:00:00,2025,9,21,6,6,Sun,Sep,0.1655,0.1655,46035,231,38.32,low,06:00,OP
6319,2025-09-21 07:00:00,2025,9,21,7,6,Sun,Sep,0.3932,0.3932,46035,231,91.04,low,07:00,OP
6320,2025-09-21 08:00:00,2025,9,21,8,6,Sun,Sep,0.379,0.379,46035,231,87.76,low,08:00,OP
6321,2025-09-21 09:00:00,2025,9,21,9,6,Sun,Sep,0.3775,0.3775,46035,231,87.41,low,09:00,OP
6322,2025-09-21 10:00:00,2025,9,21,10,6,Sun,Sep,0.3608,0.3608,46035,231,83.54,low,10:00,OP
6323,2025-09-21 11:00:00,2025,9,21,11,6,Sun,Sep,0.3558,0.3558,46035,231,82.39,low,11:00,OP
6324,2025-09-21 12:00:00,2025,9,21,12,6,Sun,Sep,0.1722,0.1722,46035,231,39.88,low,12:00,OP
6325,2025-09-21 13:00:00,2025,9,21,13,6,Sun,Sep,0.1653,0.1653,46035,231,38.27,low,13:00,OP
6326,2025-09-21 14:00:00,2025,9,21,14,6,Sun,Sep,0.1541,0.1541,46035,231,35.68,low,14:00,OP
6327,2025-09-21 15:00:00,2025,9,21,15,6,Sun,Sep,0.1547,0.1547,46035,231,35.82,low,15:00,OP
6328,2025-09-21 16:00:00,2025,9,21,16,6,Sun,Sep,0.1634,0.1634,46035,231,37.84,low,16:00,OP
6329,2025-09-21 17:00:00,2025,9,21,17,6,Sun,Sep,0.3292,0.3292,46035,231,76.23,low,17:00,OP
6330,2025-09-21 18:00:00,2025,9,21,18,6,Sun,Sep,0.521,0.521,46035,231,120.64,low,18:00,STD
6331,2025-09-21 19:00:00,2025,9,21,19,6,Sun,Sep,0.3252,0.3252,46035,231,75.3,low,19:00,STD
6332,2025-09-21 20:00:00,2025,9,21,20,6,Sun,Sep,0.1437,0.1437,46035,231,33.27,low,20:00,OP
6333,2025-09-21 21:00:00,2025,9,21,21,6,Sun,Sep,0.1337,0.1337,46035,231,30.95,low,21:00,OP
6334,2025-09-21 22:00:00,2025,9,21,22,6,Sun,Sep,0.1291,0.1291,46035,231,29.89,low,22:00,OP
6335,2025-09-21 23:00:00,2025,9,21,23,6,Sun,Sep,0.0971,0.1,46035,231,23.15,low,23:00,OP
6336,2025-09-22 00:00:00,2025,9,22,0,0,Weekday,Sep,0.1105,0.1105,46035,231,25.59,low,00:00,OP
6337,2025-09-22 01:00:00,2025,9,22,1,0,Weekday,Sep,0.1022,0.1022,46035,231,23.67,low,01:00,OP
6338,2025-09-22 02:00:00,2025,9,22,2,0,Weekday,Sep,0.1079,0.1079,46035,231,24.98,low,02:00,OP
6339,2025-09-22 03:00:00,2025,9,22,3,0,Weekday,Sep,0.1285,0.1285,46035,231,29.75,low,03:00,OP
6340,2025-09-22 04:00:00,2025,9,22,4,0,Weekday,Sep,0.1432,0.1432,46035,231,33.16,low,04:00,OP
6341,2025-09-22 05:00:00,2025,9,22,5,0,Weekday,Sep,0.157,0.157,46035,231,36.35,low,05:00,OP
6342,2025-09-22 06:00:00,2025,9,22,6,0,Weekday,Sep,0.289,0.289,46035,231,66.92,low,06:00,STD
6343,2025-09-22 07:00:00,2025,9,22,7,0,Weekday,Sep,0.046,0.1,46035,231,23.15,low,07:00,PK
6344,2025-09-22 08:00:00,2025,9,22,8,0,Weekday,Sep,0.3365,0.3365,46035,231,77.92,low,08:00,PK
6345,2025-09-22 09:00:00,2025,9,22,9,0,Weekday,Sep,0.6077,0.6077,46035,231,140.72,low,09:00,STD
6346,2025-09-22 10:00:00,2025,9,22,10,0,Weekday,Sep,0.5644,0.5644,46035,231,130.69,low,10:00,STD
6347,2025-09-22 11:00:00,2025,9,22,11,0,Weekday,Sep,0.5577,0.5577,46035,231,129.14,low,11:00,STD
6348,2025-09-22 12:00:00,2025,9,22,12,0,Weekday,Sep,0.5319,0.5319,46035,231,123.17,low,12:00,STD
6349,2025-09-22 13:00:00,2025,9,22,13,0,Weekday,Sep,0.5076,0.5076,46035,231,117.54,low,13:00,STD
6350,2025-09-22 14:00:00,2025,9,22,14,0,Weekday,Sep,0.4855,0.4855,46035,231,112.42,low,14:00,STD
6351,2025-09-22 15:00:00,2025,9,22,15,0,Weekday,Sep,0.4967,0.4967,46035,231,115.01,low,15:00,STD
6352,2025-09-22 16:00:00,2025,9,22,16,0,Weekday,Sep,0.5252,0.5252,46035,231,121.61,low,16:00,STD
6353,2025-09-22 17:00:00,2025,9,22,17,0,Weekday,Sep,0.2875,0.2875,46035,231,66.57,low,17:00,STD
6354,2025-09-22 18:00:00,2025,9,22,18,0,Weekday,Sep,0.0394,0.1,46035,231,23.15,low,18:00,PK
6355,2025-09-22 19:00:00,2025,9,22,19,0,Weekday,Sep,0.0369,0.1,46035,231,23.15,low,19:00,PK
6356,2025-09-22 20:00:00,2025,9,22,20,0,Weekday,Sep,0.2441,0.2441,46035,231,56.52,low,20:00,PK
6357,2025-09-22 21:00:00,2025,9,22,21,0,Weekday,Sep,0.4107,0.4107,46035,231,95.1,low,21:00,STD
6358,2025-09-22 22:00:00,2025,9,22,22,0,Weekday,Sep,0.1291,0.1291,46035,231,29.89,low,22:00,OP
6359,2025-09-22 23:00:00,2025,9,22,23,0,Weekday,Sep,0.0986,0.1,46035,231,23.15,low,23:00,OP
6360,2025-09-23 00:00:00,2025,9,23,0,1,Weekday,Sep,0.1105,0.1105,46035,231,25.59,low,00:00,OP
6361,2025-09-23 01:00:00,2025,9,23,1,1,Weekday,Sep,0.1022,0.1022,46035,231,23.67,low,01:00,OP
6362,2025-09-23 02:00:00,2025,9,23,2,1,Weekday,Sep,0.1079,0.1079,46035,231,24.98,low,02:00,OP
6363,2025-09-23 03:00:00,2025,9,23,3,1,Weekday,Sep,0.1285,0.1285,46035,231,29.75,low,03:00,OP
6364,2025-09-23 04:00:00,2025,9,23,4,1,Weekday,Sep,0.1432,0.1432,46035,231,33.16,low,04:00,OP
6365,2025-09-23 05:00:00,2025,9,23,5,1,Weekday,Sep,0.157,0.157,46035,231,36.35,low,05:00,OP
6366,2025-09-23 06:00:00,2025,9,23,6,1,Weekday,Sep,0.289,0.289,46035,231,66.92,low,06:00,STD
6367,2025-09-23 07:00:00,2025,9,23,7,1,Weekday,Sep,0.046,0.1,46035,231,23.15,low,07:00,PK
6368,2025-09-23 08:00:00,2025,9,23,8,1,Weekday,Sep,0.3365,0.3365,46035,231,77.92,low,08:00,PK
6369,2025-09-23 09:00:00,2025,9,23,9,1,Weekday,Sep,0.6077,0.6077,46035,231,140.72,low,09:00,STD
6370,2025-09-23 10:00:00,2025,9,23,10,1,Weekday,Sep,0.5644,0.5644,46035,231,130.69,low,10:00,STD
6371,2025-09-23 11:00:00,2025,9,23,11,1,Weekday,Sep,0.5577,0.5577,46035,231,129.14,low,11:00,STD
6372,2025-09-23 12:00:00,2025,9,23,12,1,Weekday,Sep,0.5319,0.5319,46035,231,123.17,low,12:00,STD
6373,2025-09-23 13:00:00,2025,9,23,13,1,Weekday,Sep,0.5076,0.5076,46035,231,117.54,low,13:00,STD
6374,2025-09-23 14:00:00,2025,9,23,14,1,Weekday,Sep,0.4855,0.4855,46035,231,112.42,low,14:00,STD
6375,2025-09-23 15:00:00,2025,9,23,15,1,Weekday,Sep,0.4967,0.4967,46035,231,115.01,low,15:00,STD
6376,2025-09-23 16:00:00,2025,9,23,16,1,Weekday,Sep,0.5252,0.5252,46035,231,121.61,low,16:00,STD
6377,2025-09-23 17:00:00,2025,9,23,17,1,Weekday,Sep,0.2875,0.2875,46035,231,66.57,low,17:00,STD
6378,2025-09-23 18:00:00,2025,9,23,18,1,Weekday,Sep,0.0394,0.1,46035,231,23.15,low,18:00,PK
6379,2025-09-23 19:00:00,2025,9,23,19,1,Weekday,Sep,0.0369,0.1,46035,231,23.15,low,19:00,PK
6380,2025-09-23 20:00:00,2025,9,23,20,1,Weekday,Sep,0.2441,0.2441,46035,231,56.52,low,20:00,PK
6381,2025-09-23 21:00:00,2025,9,23,21,1,Weekday,Sep,0.4107,0.4107,46035,231,95.1,low,21:00,STD
6382,2025-09-23 22:00:00,2025,9,23,22,1,Weekday,Sep,0.1291,0.1291,46035,231,29.89,low,22:00,OP
6383,2025-09-23 23:00:00,2025,9,23,23,1,Weekday,Sep,0.0986,0.1,46035,231,23.15,low,23:00,OP
6384,2025-09-24 00:00:00,2025,9,24,0,2,Weekday,Sep,0.1105,0.1105,46035,231,25.59,low,00:00,OP
6385,2025-09-24 01:00:00,2025,9,24,1,2,Weekday,Sep,0.1022,0.1022,46035,231,23.67,low,01:00,OP
6386,2025-09-24 02:00:00,2025,9,24,2,2,Weekday,Sep,0.1079,0.1079,46035,231,24.98,low,02:00,OP
6387,2025-09-24 03:00:00,2025,9,24,3,2,Weekday,Sep,0.1285,0.1285,46035,231,29.75,low,03:00,OP
6388,2025-09-24 04:00:00,2025,9,24,4,2,Weekday,Sep,0.1432,0.1432,46035,231,33.16,low,04:00,OP
6389,2025-09-24 05:00:00,2025,9,24,5,2,Weekday,Sep,0.157,0.157,46035,231,36.35,low,05:00,OP
6390,2025-09-24 06:00:00,2025,9,24,6,2,Weekday,Sep,0.289,0.289,46035,231,66.92,low,06:00,STD
6391,2025-09-24 07:00:00,2025,9,24,7,2,Weekday,Sep,0.046,0.1,46035,231,23.15,low,07:00,PK
6392,2025-09-24 08:00:00,2025,9,24,8,2,Weekday,Sep,0.3365,0.3365,46035,231,77.92,low,08:00,PK
6393,2025-09-24 09:00:00,2025,9,24,9,2,Weekday,Sep,0.6077,0.6077,46035,231,140.72,low,09:00,STD
6394,2025-09-24 10:00:00,2025,9,24,10,2,Weekday,Sep,0.5644,0.5644,46035,231,130.69,low,10:00,STD
6395,2025-09-24 11:00:00,2025,9,24,11,2,Weekday,Sep,0.5577,0.5577,46035,231,129.14,low,11:00,STD
6396,2025-09-24 12:00:00,2025,9,24,12,2,Weekday,Sep,0.5319,0.5319,46035,231,123.17,low,12:00,STD
6397,2025-09-24 13:00:00,2025,9,24,13,2,Weekday,Sep,0.5076,0.5076,46035,231,117.54,low,13:00,STD
6398,2025-09-24 14:00:00,2025,9,24,14,2,Weekday,Sep,0.4855,0.4855,46035,231,112.42,low,14:00,STD
6399,2025-09-24 15:00:00,2025,9,24,15,2,Weekday,Sep,0.4967,0.4967,46035,231,115.01,low,15:00,STD
6400,2025-09-24 16:00:00,2025,9,24,16,2,Weekday,Sep,0.5252,0.5252,46035,231,121.61,low,16:00,STD
6401,2025-09-24 17:00:00,2025,9,24,17,2,Weekday,Sep,0.2875,0.2875,46035,231,66.57,low,17:00,STD
6402,2025-09-24 18:00:00,2025,9,24,18,2,Weekday,Sep,0.0394,0.1,46035,231,23.15,low,18:00,PK
6403,2025-09-24 19:00:00,2025,9,24,19,2,Weekday,Sep,0.0369,0.1,46035,231,23.15,low,19:00,PK
6404,2025-09-24 20:00:00,2025,9,24,20,2,Weekday,Sep,0.2441,0.2441,46035,231,56.52,low,20:00,PK
6405,2025-09-24 21:00:00,2025,9,24,21,2,Weekday,Sep,0.4107,0.4107,46035,231,95.1,low,21:00,STD
6406,2025-09-24 22:00:00,2025,9,24,22,2,Weekday,Sep,0.1291,0.1291,46035,231,29.89,low,22:00,OP
6407,2025-09-24 23:00:00,2025,9,24,23,2,Weekday,Sep,0.0986,0.1,46035,231,23.15,low,23:00,OP
6408,2025-09-25 00:00:00,2025,9,25,0,3,Weekday,Sep,0.1105,0.1105,46035,231,25.59,low,00:00,OP
6409,2025-09-25 01:00:00,2025,9,25,1,3,Weekday,Sep,0.1022,0.1022,46035,231,23.67,low,01:00,OP
6410,2025-09-25 02:00:00,2025,9,25,2,3,Weekday,Sep,0.1079,0.1079,46035,231,24.98,low,02:00,OP
6411,2025-09-25 03:00:00,2025,9,25,3,3,Weekday,Sep,0.1285,0.1285,46035,231,29.75,low,03:00,OP
6412,2025-09-25 04:00:00,2025,9,25,4,3,Weekday,Sep,0.1432,0.1432,46035,231,33.16,low,04:00,OP
6413,2025-09-25 05:00:00,2025,9,25,5,3,Weekday,Sep,0.157,0.157,46035,231,36.35,low,05:00,OP
6414,2025-09-25 06:00:00,2025,9,25,6,3,Weekday,Sep,0.289,0.289,46035,231,66.92,low,06:00,STD
6415,2025-09-25 07:00:00,2025,9,25,7,3,Weekday,Sep,0.046,0.1,46035,231,23.15,low,07:00,PK
6416,2025-09-25 08:00:00,2025,9,25,8,3,Weekday,Sep,0.3365,0.3365,46035,231,77.92,low,08:00,PK
6417,2025-09-25 09:00:00,2025,9,25,9,3,Weekday,Sep,0.6077,0.6077,46035,231,140.72,low,09:00,STD
6418,2025-09-25 10:00:00,2025,9,25,10,3,Weekday,Sep,0.5644,0.5644,46035,231,130.69,low,10:00,STD
6419,2025-09-25 11:00:00,2025,9,25,11,3,Weekday,Sep,0.5577,0.5577,46035,231,129.14,low,11:00,STD
6420,2025-09-25 12:00:00,2025,9,25,12,3,Weekday,Sep,0.5319,0.5319,46035,231,123.17,low,12:00,STD
6421,2025-09-25 13:00:00,2025,9,25,13,3,Weekday,Sep,0.5076,0.5076,46035,231,117.54,low,13:00,STD
6422,2025-09-25 14:00:00,2025,9,25,14,3,Weekday,Sep,0.4855,0.4855,46035,231,112.42,low,14:00,STD
6423,2025-09-25 15:00:00,2025,9,25,15,3,Weekday,Sep,0.4967,0.4967,46035,231,115.01,low,15:00,STD
6424,2025-09-25 16:00:00,2025,9,25,16,3,Weekday,Sep,0.5252,0.5252,46035,231,121.61,low,16:00,STD
6425,2025-09-25 17:00:00,2025,9,25,17,3,Weekday,Sep,0.2875,0.2875,46035,231,66.57,low,17:00,STD
6426,2025-09-25 18:00:00,2025,9,25,18,3,Weekday,Sep,0.0394,0.1,46035,231,23.15,low,18:00,PK
6427,2025-09-25 19:00:00,2025,9,25,19,3,Weekday,Sep,0.0369,0.1,46035,231,23.15,low,19:00,PK
6428,2025-09-25 20:00:00,2025,9,25,20,3,Weekday,Sep,0.2441,0.2441,46035,231,56.52,low,20:00,PK
6429,2025-09-25 21:00:00,2025,9,25,21,3,Weekday,Sep,0.4107,0.4107,46035,231,95.1,low,21:00,STD
6430,2025-09-25 22:00:00,2025,9,25,22,3,Weekday,Sep,0.1291,0.1291,46035,231,29.89,low,22:00,OP
6431,2025-09-25 23:00:00,2025,9,25,23,3,Weekday,Sep,0.0986,0.1,46035,231,23.15,low,23:00,OP
6432,2025-09-26 00:00:00,2025,9,26,0,4,Weekday,Sep,0.1105,0.1105,46035,231,25.59,low,00:00,OP
6433,2025-09-26 01:00:00,2025,9,26,1,4,Weekday,Sep,0.1022,0.1022,46035,231,23.67,low,01:00,OP
6434,2025-09-26 02:00:00,2025,9,26,2,4,Weekday,Sep,0.1079,0.1079,46035,231,24.98,low,02:00,OP
6435,2025-09-26 03:00:00,2025,9,26,3,4,Weekday,Sep,0.1285,0.1285,46035,231,29.75,low,03:00,OP
6436,2025-09-26 04:00:00,2025,9,26,4,4,Weekday,Sep,0.1432,0.1432,46035,231,33.16,low,04:00,OP
6437,2025-09-26 05:00:00,2025,9,26,5,4,Weekday,Sep,0.157,0.157,46035,231,36.35,low,05:00,OP
6438,2025-09-26 06:00:00,2025,9,26,6,4,Weekday,Sep,0.289,0.289,46035,231,66.92,low,06:00,STD
6439,2025-09-26 07:00:00,2025,9,26,7,4,Weekday,Sep,0.046,0.1,46035,231,23.15,low,07:00,PK
6440,2025-09-26 08:00:00,2025,9,26,8,4,Weekday,Sep,0.3365,0.3365,46035,231,77.92,low,08:00,PK
6441,2025-09-26 09:00:00,2025,9,26,9,4,Weekday,Sep,0.6077,0.6077,46035,231,140.72,low,09:00,STD
6442,2025-09-26 10:00:00,2025,9,26,10,4,Weekday,Sep,0.5644,0.5644,46035,231,130.69,low,10:00,STD
6443,2025-09-26 11:00:00,2025,9,26,11,4,Weekday,Sep,0.5577,0.5577,46035,231,129.14,low,11:00,STD
6444,2025-09-26 12:00:00,2025,9,26,12,4,Weekday,Sep,0.5319,0.5319,46035,231,123.17,low,12:00,STD
6445,2025-09-26 13:00:00,2025,9,26,13,4,Weekday,Sep,0.5076,0.5076,46035,231,117.54,low,13:00,STD
6446,2025-09-26 14:00:00,2025,9,26,14,4,Weekday,Sep,0.4855,0.4855,46035,231,112.42,low,14:00,STD
6447,2025-09-26 15:00:00,2025,9,26,15,4,Weekday,Sep,0.4967,0.4967,46035,231,115.01,low,15:00,STD
6448,2025-09-26 16:00:00,2025,9,26,16,4,Weekday,Sep,0.5252,0.5252,46035,231,121.61,low,16:00,STD
6449,2025-09-26 17:00:00,2025,9,26,17,4,Weekday,Sep,0.2875,0.2875,46035,231,66.57,low,17:00,STD
6450,2025-09-26 18:00:00,2025,9,26,18,4,Weekday,Sep,0.0394,0.1,46035,231,23.15,low,18:00,PK
6451,2025-09-26 19:00:00,2025,9,26,19,4,Weekday,Sep,0.0369,0.1,46035,231,23.15,low,19:00,PK
6452,2025-09-26 20:00:00,2025,9,26,20,4,Weekday,Sep,0.2441,0.2441,46035,231,56.52,low,20:00,PK
6453,2025-09-26 21:00:00,2025,9,26,21,4,Weekday,Sep,0.4107,0.4107,46035,231,95.1,low,21:00,STD
6454,2025-09-26 22:00:00,2025,9,26,22,4,Weekday,Sep,0.1291,0.1291,46035,231,29.89,low,22:00,OP
6455,2025-09-26 23:00:00,2025,9,26,23,4,Weekday,Sep,0.0986,0.1,46035,231,23.15,low,23:00,OP
6456,2025-09-27 00:00:00,2025,9,27,0,5,Sat,Sep,0.11,0.11,46035,231,25.47,low,00:00,OP
6457,2025-09-27 01:00:00,2025,9,27,1,5,Sat,Sep,0.1034,0.1034,46035,231,23.95,low,01:00,OP
6458,2025-09-27 02:00:00,2025,9,27,2,5,Sat,Sep,0.1073,0.1073,46035,231,24.85,low,02:00,OP
6459,2025-09-27 03:00:00,2025,9,27,3,5,Sat,Sep,0.1261,0.1261,46035,231,29.2,low,03:00,OP
6460,2025-09-27 04:00:00,2025,9,27,4,5,Sat,Sep,0.1426,0.1426,46035,231,33.02,low,04:00,OP
6461,2025-09-27 05:00:00,2025,9,27,5,5,Sat,Sep,0.1505,0.1505,46035,231,34.86,low,05:00,OP
6462,2025-09-27 06:00:00,2025,9,27,6,5,Sat,Sep,0.1655,0.1655,46035,231,38.32,low,06:00,OP
6463,2025-09-27 07:00:00,2025,9,27,7,5,Sat,Sep,0.3932,0.3932,46035,231,91.04,low,07:00,STD
6464,2025-09-27 08:00:00,2025,9,27,8,5,Sat,Sep,0.379,0.379,46035,231,87.76,low,08:00,STD
6465,2025-09-27 09:00:00,2025,9,27,9,5,Sat,Sep,0.3775,0.3775,46035,231,87.41,low,09:00,STD
6466,2025-09-27 10:00:00,2025,9,27,10,5,Sat,Sep,0.3608,0.3608,46035,231,83.54,low,10:00,STD
6467,2025-09-27 11:00:00,2025,9,27,11,5,Sat,Sep,0.3558,0.3558,46035,231,82.39,low,11:00,STD
6468,2025-09-27 12:00:00,2025,9,27,12,5,Sat,Sep,0.1722,0.1722,46035,231,39.88,low,12:00,OP
6469,2025-09-27 13:00:00,2025,9,27,13,5,Sat,Sep,0.1653,0.1653,46035,231,38.27,low,13:00,OP
6470,2025-09-27 14:00:00,2025,9,27,14,5,Sat,Sep,0.1541,0.1541,46035,231,35.68,low,14:00,OP
6471,2025-09-27 15:00:00,2025,9,27,15,5,Sat,Sep,0.1547,0.1547,46035,231,35.82,low,15:00,OP
6472,2025-09-27 16:00:00,2025,9,27,16,5,Sat,Sep,0.1634,0.1634,46035,231,37.84,low,16:00,OP
6473,2025-09-27 17:00:00,2025,9,27,17,5,Sat,Sep,0.3292,0.3292,46035,231,76.23,low,17:00,OP
6474,2025-09-27 18:00:00,2025,9,27,18,5,Sat,Sep,0.521,0.521,46035,231,120.64,low,18:00,STD
6475,2025-09-27 19:00:00,2025,9,27,19,5,Sat,Sep,0.3252,0.3252,46035,231,75.3,low,19:00,STD
6476,2025-09-27 20:00:00,2025,9,27,20,5,Sat,Sep,0.1437,0.1437,46035,231,33.27,low,20:00,OP
6477,2025-09-27 21:00:00,2025,9,27,21,5,Sat,Sep,0.1337,0.1337,46035,231,30.95,low,21:00,OP
6478,2025-09-27 22:00:00,2025,9,27,22,5,Sat,Sep,0.1291,0.1291,46035,231,29.89,low,22:00,OP
6479,2025-09-27 23:00:00,2025,9,27,23,5,Sat,Sep,0.0971,0.1,46035,231,23.15,low,23:00,OP
6480,2025-09-28 00:00:00,2025,9,28,0,6,Sun,Sep,0.11,0.11,46035,231,25.47,low,00:00,OP
6481,2025-09-28 01:00:00,2025,9,28,1,6,Sun,Sep,0.1034,0.1034,46035,231,23.95,low,01:00,OP
6482,2025-09-28 02:00:00,2025,9,28,2,6,Sun,Sep,0.1073,0.1073,46035,231,24.85,low,02:00,OP
6483,2025-09-28 03:00:00,2025,9,28,3,6,Sun,Sep,0.1261,0.1261,46035,231,29.2,low,03:00,OP
6484,2025-09-28 04:00:00,2025,9,28,4,6,Sun,Sep,0.1426,0.1426,46035,231,33.02,low,04:00,OP
6485,2025-09-28 05:00:00,2025,9,28,5,6,Sun,Sep,0.1505,0.1505,46035,231,34.86,low,05:00,OP
6486,2025-09-28 06:00:00,2025,9,28,6,6,Sun,Sep,0.1655,0.1655,46035,231,38.32,low,06:00,OP
6487,2025-09-28 07:00:00,2025,9,28,7,6,Sun,Sep,0.3932,0.3932,46035,231,91.04,low,07:00,OP
6488,2025-09-28 08:00:00,2025,9,28,8,6,Sun,Sep,0.379,0.379,46035,231,87.76,low,08:00,OP
6489,2025-09-28 09:00:00,2025,9,28,9,6,Sun,Sep,0.3775,0.3775,46035,231,87.41,low,09:00,OP
6490,2025-09-28 10:00:00,2025,9,28,10,6,Sun,Sep,0.3608,0.3608,46035,231,83.54,low,10:00,OP
6491,2025-09-28 11:00:00,2025,9,28,11,6,Sun,Sep,0.3558,0.3558,46035,231,82.39,low,11:00,OP
6492,2025-09-28 12:00:00,2025,9,28,12,6,Sun,Sep,0.1722,0.1722,46035,231,39.88,low,12:00,OP
6493,2025-09-28 13:00:00,2025,9,28,13,6,Sun,Sep,0.1653,0.1653,46035,231,38.27,low,13:00,OP
6494,2025-09-28 14:00:00,2025,9,28,14,6,Sun,Sep,0.1541,0.1541,46035,231,35.68,low,14:00,OP
6495,2025-09-28 15:00:00,2025,9,28,15,6,Sun,Sep,0.1547,0.1547,46035,231,35.82,low,15:00,OP
6496,2025-09-28 16:00:00,2025,9,28,16,6,Sun,Sep,0.1634,0.1634,46035,231,37.84,low,16:00,OP
6497,2025-09-28 17:00:00,2025,9,28,17,6,Sun,Sep,0.3292,0.3292,46035,231,76.23,low,17:00,OP
6498,2025-09-28 18:00:00,2025,9,28,18,6,Sun,Sep,0.521,0.521,46035,231,120.64,low,18:00,STD
6499,2025-09-28 19:00:00,2025,9,28,19,6,Sun,Sep,0.3252,0.3252,46035,231,75.3,low,19:00,STD
6500,2025-09-28 20:00:00,2025,9,28,20,6,Sun,Sep,0.1437,0.1437,46035,231,33.27,low,20:00,OP
6501,2025-09-28 21:00:00,2025,9,28,21,6,Sun,Sep,0.1337,0.1337,46035,231,30.95,low,21:00,OP
6502,2025-09-28 22:00:00,2025,9,28,22,6,Sun,Sep,0.1291,0.1291,46035,231,29.89,low,22:00,OP
6503,2025-09-28 23:00:00,2025,9,28,23,6,Sun,Sep,0.0971,0.1,46035,231,23.15,low,23:00,OP
6504,2025-09-29 00:00:00,2025,9,29,0,0,Weekday,Sep,0.1105,0.1105,46035,231,25.59,low,00:00,OP
6505,2025-09-29 01:00:00,2025,9,29,1,0,Weekday,Sep,0.1022,0.1022,46035,231,23.67,low,01:00,OP
6506,2025-09-29 02:00:00,2025,9,29,2,0,Weekday,Sep,0.1079,0.1079,46035,231,24.98,low,02:00,OP
6507,2025-09-29 03:00:00,2025,9,29,3,0,Weekday,Sep,0.1285,0.1285,46035,231,29.75,low,03:00,OP
6508,2025-09-29 04:00:00,2025,9,29,4,0,Weekday,Sep,0.1432,0.1432,46035,231,33.16,low,04:00,OP
6509,2025-09-29 05:00:00,2025,9,29,5,0,Weekday,Sep,0.157,0.157,46035,231,36.35,low,05:00,OP
6510,2025-09-29 06:00:00,2025,9,29,6,0,Weekday,Sep,0.289,0.289,46035,231,66.92,low,06:00,STD
6511,2025-09-29 07:00:00,2025,9,29,7,0,Weekday,Sep,0.046,0.1,46035,231,23.15,low,07:00,PK
6512,2025-09-29 08:00:00,2025,9,29,8,0,Weekday,Sep,0.3365,0.3365,46035,231,77.92,low,08:00,PK
6513,2025-09-29 09:00:00,2025,9,29,9,0,Weekday,Sep,0.6077,0.6077,46035,231,140.72,low,09:00,STD
6514,2025-09-29 10:00:00,2025,9,29,10,0,Weekday,Sep,0.5644,0.5644,46035,231,130.69,low,10:00,STD
6515,2025-09-29 11:00:00,2025,9,29,11,0,Weekday,Sep,0.5577,0.5577,46035,231,129.14,low,11:00,STD
6516,2025-09-29 12:00:00,2025,9,29,12,0,Weekday,Sep,0.5319,0.5319,46035,231,123.17,low,12:00,STD
6517,2025-09-29 13:00:00,2025,9,29,13,0,Weekday,Sep,0.5076,0.5076,46035,231,117.54,low,13:00,STD
6518,2025-09-29 14:00:00,2025,9,29,14,0,Weekday,Sep,0.4855,0.4855,46035,231,112.42,low,14:00,STD
6519,2025-09-29 15:00:00,2025,9,29,15,0,Weekday,Sep,0.4967,0.4967,46035,231,115.01,low,15:00,STD
6520,2025-09-29 16:00:00,2025,9,29,16,0,Weekday,Sep,0.5252,0.5252,46035,231,121.61,low,16:00,STD
6521,2025-09-29 17:00:00,2025,9,29,17,0,Weekday,Sep,0.2875,0.2875,46035,231,66.57,low,17:00,STD
6522,2025-09-29 18:00:00,2025,9,29,18,0,Weekday,Sep,0.0394,0.1,46035,231,23.15,low,18:00,PK
6523,2025-09-29 19:00:00,2025,9,29,19,0,Weekday,Sep,0.0369,0.1,46035,231,23.15,low,19:00,PK
6524,2025-09-29 20:00:00,2025,9,29,20,0,Weekday,Sep,0.2441,0.2441,46035,231,56.52,low,20:00,PK
6525,2025-09-29 21:00:00,2025,9,29,21,0,Weekday,Sep,0.4107,0.4107,46035,231,95.1,low,21:00,STD
6526,2025-09-29 22:00:00,2025,9,29,22,0,Weekday,Sep,0.1291,0.1291,46035,231,29.89,low,22:00,OP
6527,2025-09-29 23:00:00,2025,9,29,23,0,Weekday,Sep,0.0986,0.1,46035,231,23.15,low,23:00,OP
6528,2025-09-30 00:00:00,2025,9,30,0,1,Weekday,Sep,0.1105,0.1105,46035,231,25.59,low,00:00,OP
6529,2025-09-30 01:00:00,2025,9,30,1,1,Weekday,Sep,0.1022,0.1022,46035,231,23.67,low,01:00,OP
6530,2025-09-30 02:00:00,2025,9,30,2,1,Weekday,Sep,0.1079,0.1079,46035,231,24.98,low,02:00,OP
6531,2025-09-30 03:00:00,2025,9,30,3,1,Weekday,Sep,0.1285,0.1285,46035,231,29.75,low,03:00,OP
6532,2025-09-30 04:00:00,2025,9,30,4,1,Weekday,Sep,0.1432,0.1432,46035,231,33.16,low,04:00,OP
6533,2025-09-30 05:00:00,2025,9,30,5,1,Weekday,Sep,0.157,0.157,46035,231,36.35,low,05:00,OP
6534,2025-09-30 06:00:00,2025,9,30,6,1,Weekday,Sep,0.289,0.289,46035,231,66.92,low,06:00,STD
6535,2025-09-30 07:00:00,2025,9,30,7,1,Weekday,Sep,0.046,0.1,46035,231,23.15,low,07:00,PK
6536,2025-09-30 08:00:00,2025,9,30,8,1,Weekday,Sep,0.3365,0.3365,46035,231,77.92,low,08:00,PK
6537,2025-09-30 09:00:00,2025,9,30,9,1,Weekday,Sep,0.6077,0.6077,46035,231,140.72,low,09:00,STD
6538,2025-09-30 10:00:00,2025,9,30,10,1,Weekday,Sep,0.5644,0.5644,46035,231,130.69,low,10:00,STD
6539,2025-09-30 11:00:00,2025,9,30,11,1,Weekday,Sep,0.5577,0.5577,46035,231,129.14,low,11:00,STD
6540,2025-09-30 12:00:00,2025,9,30,12,1,Weekday,Sep,0.5319,0.5319,46035,231,123.17,low,12:00,STD
6541,2025-09-30 13:00:00,2025,9,30,13,1,Weekday,Sep,0.5076,0.5076,46035,231,117.54,low,13:00,STD
6542,2025-09-30 14:00:00,2025,9,30,14,1,Weekday,Sep,0.4855,0.4855,46035,231,112.42,low,14:00,STD
6543,2025-09-30 15:00:00,2025,9,30,15,1,Weekday,Sep,0.4967,0.4967,46035,231,115.01,low,15:00,STD
6544,2025-09-30 16:00:00,2025,9,30,16,1,Weekday,Sep,0.5252,0.5252,46035,231,121.61,low,16:00,STD
6545,2025-09-30 17:00:00,2025,9,30,17,1,Weekday,Sep,0.2875,0.2875,46035,231,66.57,low,17:00,STD
6546,2025-09-30 18:00:00,2025,9,30,18,1,Weekday,Sep,0.0394,0.1,46035,231,23.15,low,18:00,PK
6547,2025-09-30 19:00:00,2025,9,30,19,1,Weekday,Sep,0.0369,0.1,46035,231,23.15,low,19:00,PK
6548,2025-09-30 20:00:00,2025,9,30,20,1,Weekday,Sep,0.2441,0.2441,46035,231,56.52,low,20:00,PK
6549,2025-09-30 21:00:00,2025,9,30,21,1,Weekday,Sep,0.4107,0.4107,46035,231,95.1,low,21:00,STD
6550,2025-09-30 22:00:00,2025,9,30,22,1,Weekday,Sep,0.1291,0.1291,46035,231,29.89,low,22:00,OP
6551,2025-09-30 23:00:00,2025,9,30,23,1,Weekday,Sep,0.0986,0.1,46035,231,23.15,low,23:00,OP
6552,2025-10-01 00:00:00,2025,10,1,0,2,Weekday,Oct,0.1105,0.1105,46035,231,24.71,low,00:00,OP
6553,2025-10-01 01:00:00,2025,10,1,1,2,Weekday,Oct,0.1022,0.1022,46035,231,22.85,low,01:00,OP
6554,2025-10-01 02:00:00,2025,10,1,2,2,Weekday,Oct,0.1079,0.1079,46035,231,24.12,low,02:00,OP
6555,2025-10-01 03:00:00,2025,10,1,3,2,Weekday,Oct,0.1285,0.1285,46035,231,28.72,low,03:00,OP
6556,2025-10-01 04:00:00,2025,10,1,4,2,Weekday,Oct,0.1432,0.1432,46035,231,32.01,low,04:00,OP
6557,2025-10-01 05:00:00,2025,10,1,5,2,Weekday,Oct,0.157,0.157,46035,231,35.1,low,05:00,OP
6558,2025-10-01 06:00:00,2025,10,1,6,2,Weekday,Oct,0.289,0.289,46035,231,64.61,low,06:00,STD
6559,2025-10-01 07:00:00,2025,10,1,7,2,Weekday,Oct,0.046,0.1,46035,231,22.35,low,07:00,PK
6560,2025-10-01 08:00:00,2025,10,1,8,2,Weekday,Oct,0.3365,0.3365,46035,231,75.22,low,08:00,PK
6561,2025-10-01 09:00:00,2025,10,1,9,2,Weekday,Oct,0.6077,0.6077,46035,231,135.85,low,09:00,STD
6562,2025-10-01 10:00:00,2025,10,1,10,2,Weekday,Oct,0.5644,0.5644,46035,231,126.17,low,10:00,STD
6563,2025-10-01 11:00:00,2025,10,1,11,2,Weekday,Oct,0.5577,0.5577,46035,231,124.67,low,11:00,STD
6564,2025-10-01 12:00:00,2025,10,1,12,2,Weekday,Oct,0.5319,0.5319,46035,231,118.91,low,12:00,STD
6565,2025-10-01 13:00:00,2025,10,1,13,2,Weekday,Oct,0.5076,0.5076,46035,231,113.48,low,13:00,STD
6566,2025-10-01 14:00:00,2025,10,1,14,2,Weekday,Oct,0.4855,0.4855,46035,231,108.53,low,14:00,STD
6567,2025-10-01 15:00:00,2025,10,1,15,2,Weekday,Oct,0.4967,0.4967,46035,231,111.04,low,15:00,STD
6568,2025-10-01 16:00:00,2025,10,1,16,2,Weekday,Oct,0.5252,0.5252,46035,231,117.41,low,16:00,STD
6569,2025-10-01 17:00:00,2025,10,1,17,2,Weekday,Oct,0.2875,0.2875,46035,231,64.27,low,17:00,STD
6570,2025-10-01 18:00:00,2025,10,1,18,2,Weekday,Oct,0.0394,0.1,46035,231,22.35,low,18:00,PK
6571,2025-10-01 19:00:00,2025,10,1,19,2,Weekday,Oct,0.0369,0.1,46035,231,22.35,low,19:00,PK
6572,2025-10-01 20:00:00,2025,10,1,20,2,Weekday,Oct,0.2441,0.2441,46035,231,54.57,low,20:00,PK
6573,2025-10-01 21:00:00,2025,10,1,21,2,Weekday,Oct,0.4107,0.4107,46035,231,91.81,low,21:00,STD
6574,2025-10-01 22:00:00,2025,10,1,22,2,Weekday,Oct,0.1291,0.1291,46035,231,28.86,low,22:00,OP
6575,2025-10-01 23:00:00,2025,10,1,23,2,Weekday,Oct,0.0986,0.1,46035,231,22.35,low,23:00,OP
6576,2025-10-02 00:00:00,2025,10,2,0,3,Weekday,Oct,0.1105,0.1105,46035,231,24.71,low,00:00,OP
6577,2025-10-02 01:00:00,2025,10,2,1,3,Weekday,Oct,0.1022,0.1022,46035,231,22.85,low,01:00,OP
6578,2025-10-02 02:00:00,2025,10,2,2,3,Weekday,Oct,0.1079,0.1079,46035,231,24.12,low,02:00,OP
6579,2025-10-02 03:00:00,2025,10,2,3,3,Weekday,Oct,0.1285,0.1285,46035,231,28.72,low,03:00,OP
6580,2025-10-02 04:00:00,2025,10,2,4,3,Weekday,Oct,0.1432,0.1432,46035,231,32.01,low,04:00,OP
6581,2025-10-02 05:00:00,2025,10,2,5,3,Weekday,Oct,0.157,0.157,46035,231,35.1,low,05:00,OP
6582,2025-10-02 06:00:00,2025,10,2,6,3,Weekday,Oct,0.289,0.289,46035,231,64.61,low,06:00,STD
6583,2025-10-02 07:00:00,2025,10,2,7,3,Weekday,Oct,0.046,0.1,46035,231,22.35,low,07:00,PK
6584,2025-10-02 08:00:00,2025,10,2,8,3,Weekday,Oct,0.3365,0.3365,46035,231,75.22,low,08:00,PK
6585,2025-10-02 09:00:00,2025,10,2,9,3,Weekday,Oct,0.6077,0.6077,46035,231,135.85,low,09:00,STD
6586,2025-10-02 10:00:00,2025,10,2,10,3,Weekday,Oct,0.5644,0.5644,46035,231,126.17,low,10:00,STD
6587,2025-10-02 11:00:00,2025,10,2,11,3,Weekday,Oct,0.5577,0.5577,46035,231,124.67,low,11:00,STD
6588,2025-10-02 12:00:00,2025,10,2,12,3,Weekday,Oct,0.5319,0.5319,46035,231,118.91,low,12:00,STD
6589,2025-10-02 13:00:00,2025,10,2,13,3,Weekday,Oct,0.5076,0.5076,46035,231,113.48,low,13:00,STD
6590,2025-10-02 14:00:00,2025,10,2,14,3,Weekday,Oct,0.4855,0.4855,46035,231,108.53,low,14:00,STD
6591,2025-10-02 15:00:00,2025,10,2,15,3,Weekday,Oct,0.4967,0.4967,46035,231,111.04,low,15:00,STD
6592,2025-10-02 16:00:00,2025,10,2,16,3,Weekday,Oct,0.5252,0.5252,46035,231,117.41,low,16:00,STD
6593,2025-10-02 17:00:00,2025,10,2,17,3,Weekday,Oct,0.2875,0.2875,46035,231,64.27,low,17:00,STD
6594,2025-10-02 18:00:00,2025,10,2,18,3,Weekday,Oct,0.0394,0.1,46035,231,22.35,low,18:00,PK
6595,2025-10-02 19:00:00,2025,10,2,19,3,Weekday,Oct,0.0369,0.1,46035,231,22.35,low,19:00,PK
6596,2025-10-02 20:00:00,2025,10,2,20,3,Weekday,Oct,0.2441,0.2441,46035,231,54.57,low,20:00,PK
6597,2025-10-02 21:00:00,2025,10,2,21,3,Weekday,Oct,0.4107,0.4107,46035,231,91.81,low,21:00,STD
6598,2025-10-02 22:00:00,2025,10,2,22,3,Weekday,Oct,0.1291,0.1291,46035,231,28.86,low,22:00,OP
6599,2025-10-02 23:00:00,2025,10,2,23,3,Weekday,Oct,0.0986,0.1,46035,231,22.35,low,23:00,OP
6600,2025-10-03 00:00:00,2025,10,3,0,4,Weekday,Oct,0.1105,0.1105,46035,231,24.71,low,00:00,OP
6601,2025-10-03 01:00:00,2025,10,3,1,4,Weekday,Oct,0.1022,0.1022,46035,231,22.85,low,01:00,OP
6602,2025-10-03 02:00:00,2025,10,3,2,4,Weekday,Oct,0.1079,0.1079,46035,231,24.12,low,02:00,OP
6603,2025-10-03 03:00:00,2025,10,3,3,4,Weekday,Oct,0.1285,0.1285,46035,231,28.72,low,03:00,OP
6604,2025-10-03 04:00:00,2025,10,3,4,4,Weekday,Oct,0.1432,0.1432,46035,231,32.01,low,04:00,OP
6605,2025-10-03 05:00:00,2025,10,3,5,4,Weekday,Oct,0.157,0.157,46035,231,35.1,low,05:00,OP
6606,2025-10-03 06:00:00,2025,10,3,6,4,Weekday,Oct,0.289,0.289,46035,231,64.61,low,06:00,STD
6607,2025-10-03 07:00:00,2025,10,3,7,4,Weekday,Oct,0.046,0.1,46035,231,22.35,low,07:00,PK
6608,2025-10-03 08:00:00,2025,10,3,8,4,Weekday,Oct,0.3365,0.3365,46035,231,75.22,low,08:00,PK
6609,2025-10-03 09:00:00,2025,10,3,9,4,Weekday,Oct,0.6077,0.6077,46035,231,135.85,low,09:00,STD
6610,2025-10-03 10:00:00,2025,10,3,10,4,Weekday,Oct,0.5644,0.5644,46035,231,126.17,low,10:00,STD
6611,2025-10-03 11:00:00,2025,10,3,11,4,Weekday,Oct,0.5577,0.5577,46035,231,124.67,low,11:00,STD
6612,2025-10-03 12:00:00,2025,10,3,12,4,Weekday,Oct,0.5319,0.5319,46035,231,118.91,low,12:00,STD
6613,2025-10-03 13:00:00,2025,10,3,13,4,Weekday,Oct,0.5076,0.5076,46035,231,113.48,low,13:00,STD
6614,2025-10-03 14:00:00,2025,10,3,14,4,Weekday,Oct,0.4855,0.4855,46035,231,108.53,low,14:00,STD
6615,2025-10-03 15:00:00,2025,10,3,15,4,Weekday,Oct,0.4967,0.4967,46035,231,111.04,low,15:00,STD
6616,2025-10-03 16:00:00,2025,10,3,16,4,Weekday,Oct,0.5252,0.5252,46035,231,117.41,low,16:00,STD
6617,2025-10-03 17:00:00,2025,10,3,17,4,Weekday,Oct,0.2875,0.2875,46035,231,64.27,low,17:00,STD
6618,2025-10-03 18:00:00,2025,10,3,18,4,Weekday,Oct,0.0394,0.1,46035,231,22.35,low,18:00,PK
6619,2025-10-03 19:00:00,2025,10,3,19,4,Weekday,Oct,0.0369,0.1,46035,231,22.35,low,19:00,PK
6620,2025-10-03 20:00:00,2025,10,3,20,4,Weekday,Oct,0.2441,0.2441,46035,231,54.57,low,20:00,PK
6621,2025-10-03 21:00:00,2025,10,3,21,4,Weekday,Oct,0.4107,0.4107,46035,231,91.81,low,21:00,STD
6622,2025-10-03 22:00:00,2025,10,3,22,4,Weekday,Oct,0.1291,0.1291,46035,231,28.86,low,22:00,OP
6623,2025-10-03 23:00:00,2025,10,3,23,4,Weekday,Oct,0.0986,0.1,46035,231,22.35,low,23:00,OP
6624,2025-10-04 00:00:00,2025,10,4,0,5,Sat,Oct,0.11,0.11,46035,231,24.59,low,00:00,OP
6625,2025-10-04 01:00:00,2025,10,4,1,5,Sat,Oct,0.1034,0.1034,46035,231,23.12,low,01:00,OP
6626,2025-10-04 02:00:00,2025,10,4,2,5,Sat,Oct,0.1073,0.1073,46035,231,23.99,low,02:00,OP
6627,2025-10-04 03:00:00,2025,10,4,3,5,Sat,Oct,0.1261,0.1261,46035,231,28.19,low,03:00,OP
6628,2025-10-04 04:00:00,2025,10,4,4,5,Sat,Oct,0.1426,0.1426,46035,231,31.87,low,04:00,OP
6629,2025-10-04 05:00:00,2025,10,4,5,5,Sat,Oct,0.1505,0.1505,46035,231,33.65,low,05:00,OP
6630,2025-10-04 06:00:00,2025,10,4,6,5,Sat,Oct,0.1655,0.1655,46035,231,37.0,low,06:00,OP
6631,2025-10-04 07:00:00,2025,10,4,7,5,Sat,Oct,0.3932,0.3932,46035,231,87.9,low,07:00,STD
6632,2025-10-04 08:00:00,2025,10,4,8,5,Sat,Oct,0.379,0.379,46035,231,84.73,low,08:00,STD
6633,2025-10-04 09:00:00,2025,10,4,9,5,Sat,Oct,0.3775,0.3775,46035,231,84.38,low,09:00,STD
6634,2025-10-04 10:00:00,2025,10,4,10,5,Sat,Oct,0.3608,0.3608,46035,231,80.65,low,10:00,STD
6635,2025-10-04 11:00:00,2025,10,4,11,5,Sat,Oct,0.3558,0.3558,46035,231,79.54,low,11:00,STD
6636,2025-10-04 12:00:00,2025,10,4,12,5,Sat,Oct,0.1722,0.1722,46035,231,38.5,low,12:00,OP
6637,2025-10-04 13:00:00,2025,10,4,13,5,Sat,Oct,0.1653,0.1653,46035,231,36.95,low,13:00,OP
6638,2025-10-04 14:00:00,2025,10,4,14,5,Sat,Oct,0.1541,0.1541,46035,231,34.45,low,14:00,OP
6639,2025-10-04 15:00:00,2025,10,4,15,5,Sat,Oct,0.1547,0.1547,46035,231,34.59,low,15:00,OP
6640,2025-10-04 16:00:00,2025,10,4,16,5,Sat,Oct,0.1634,0.1634,46035,231,36.53,low,16:00,OP
6641,2025-10-04 17:00:00,2025,10,4,17,5,Sat,Oct,0.3292,0.3292,46035,231,73.59,low,17:00,OP
6642,2025-10-04 18:00:00,2025,10,4,18,5,Sat,Oct,0.521,0.521,46035,231,116.46,low,18:00,STD
6643,2025-10-04 19:00:00,2025,10,4,19,5,Sat,Oct,0.3252,0.3252,46035,231,72.69,low,19:00,STD
6644,2025-10-04 20:00:00,2025,10,4,20,5,Sat,Oct,0.1437,0.1437,46035,231,32.12,low,20:00,OP
6645,2025-10-04 21:00:00,2025,10,4,21,5,Sat,Oct,0.1337,0.1337,46035,231,29.88,low,21:00,OP
6646,2025-10-04 22:00:00,2025,10,4,22,5,Sat,Oct,0.1291,0.1291,46035,231,28.86,low,22:00,OP
6647,2025-10-04 23:00:00,2025,10,4,23,5,Sat,Oct,0.0971,0.1,46035,231,22.35,low,23:00,OP
6648,2025-10-05 00:00:00,2025,10,5,0,6,Sun,Oct,0.11,0.11,46035,231,24.59,low,00:00,OP
6649,2025-10-05 01:00:00,2025,10,5,1,6,Sun,Oct,0.1034,0.1034,46035,231,23.12,low,01:00,OP
6650,2025-10-05 02:00:00,2025,10,5,2,6,Sun,Oct,0.1073,0.1073,46035,231,23.99,low,02:00,OP
6651,2025-10-05 03:00:00,2025,10,5,3,6,Sun,Oct,0.1261,0.1261,46035,231,28.19,low,03:00,OP
6652,2025-10-05 04:00:00,2025,10,5,4,6,Sun,Oct,0.1426,0.1426,46035,231,31.87,low,04:00,OP
6653,2025-10-05 05:00:00,2025,10,5,5,6,Sun,Oct,0.1505,0.1505,46035,231,33.65,low,05:00,OP
6654,2025-10-05 06:00:00,2025,10,5,6,6,Sun,Oct,0.1655,0.1655,46035,231,37.0,low,06:00,OP
6655,2025-10-05 07:00:00,2025,10,5,7,6,Sun,Oct,0.3932,0.3932,46035,231,87.9,low,07:00,OP
6656,2025-10-05 08:00:00,2025,10,5,8,6,Sun,Oct,0.379,0.379,46035,231,84.73,low,08:00,OP
6657,2025-10-05 09:00:00,2025,10,5,9,6,Sun,Oct,0.3775,0.3775,46035,231,84.38,low,09:00,OP
6658,2025-10-05 10:00:00,2025,10,5,10,6,Sun,Oct,0.3608,0.3608,46035,231,80.65,low,10:00,OP
6659,2025-10-05 11:00:00,2025,10,5,11,6,Sun,Oct,0.3558,0.3558,46035,231,79.54,low,11:00,OP
6660,2025-10-05 12:00:00,2025,10,5,12,6,Sun,Oct,0.1722,0.1722,46035,231,38.5,low,12:00,OP
6661,2025-10-05 13:00:00,2025,10,5,13,6,Sun,Oct,0.1653,0.1653,46035,231,36.95,low,13:00,OP
6662,2025-10-05 14:00:00,2025,10,5,14,6,Sun,Oct,0.1541,0.1541,46035,231,34.45,low,14:00,OP
6663,2025-10-05 15:00:00,2025,10,5,15,6,Sun,Oct,0.1547,0.1547,46035,231,34.59,low,15:00,OP
6664,2025-10-05 16:00:00,2025,10,5,16,6,Sun,Oct,0.1634,0.1634,46035,231,36.53,low,16:00,OP
6665,2025-10-05 17:00:00,2025,10,5,17,6,Sun,Oct,0.3292,0.3292,46035,231,73.59,low,17:00,OP
6666,2025-10-05 18:00:00,2025,10,5,18,6,Sun,Oct,0.521,0.521,46035,231,116.46,low,18:00,STD
6667,2025-10-05 19:00:00,2025,10,5,19,6,Sun,Oct,0.3252,0.3252,46035,231,72.69,low,19:00,STD
6668,2025-10-05 20:00:00,2025,10,5,20,6,Sun,Oct,0.1437,0.1437,46035,231,32.12,low,20:00,OP
6669,2025-10-05 21:00:00,2025,10,5,21,6,Sun,Oct,0.1337,0.1337,46035,231,29.88,low,21:00,OP
6670,2025-10-05 22:00:00,2025,10,5,22,6,Sun,Oct,0.1291,0.1291,46035,231,28.86,low,22:00,OP
6671,2025-10-05 23:00:00,2025,10,5,23,6,Sun,Oct,0.0971,0.1,46035,231,22.35,low,23:00,OP
6672,2025-10-06 00:00:00,2025,10,6,0,0,Weekday,Oct,0.1105,0.1105,46035,231,24.71,low,00:00,OP
6673,2025-10-06 01:00:00,2025,10,6,1,0,Weekday,Oct,0.1022,0.1022,46035,231,22.85,low,01:00,OP
6674,2025-10-06 02:00:00,2025,10,6,2,0,Weekday,Oct,0.1079,0.1079,46035,231,24.12,low,02:00,OP
6675,2025-10-06 03:00:00,2025,10,6,3,0,Weekday,Oct,0.1285,0.1285,46035,231,28.72,low,03:00,OP
6676,2025-10-06 04:00:00,2025,10,6,4,0,Weekday,Oct,0.1432,0.1432,46035,231,32.01,low,04:00,OP
6677,2025-10-06 05:00:00,2025,10,6,5,0,Weekday,Oct,0.157,0.157,46035,231,35.1,low,05:00,OP
6678,2025-10-06 06:00:00,2025,10,6,6,0,Weekday,Oct,0.289,0.289,46035,231,64.61,low,06:00,STD
6679,2025-10-06 07:00:00,2025,10,6,7,0,Weekday,Oct,0.046,0.1,46035,231,22.35,low,07:00,PK
6680,2025-10-06 08:00:00,2025,10,6,8,0,Weekday,Oct,0.3365,0.3365,46035,231,75.22,low,08:00,PK
6681,2025-10-06 09:00:00,2025,10,6,9,0,Weekday,Oct,0.6077,0.6077,46035,231,135.85,low,09:00,STD
6682,2025-10-06 10:00:00,2025,10,6,10,0,Weekday,Oct,0.5644,0.5644,46035,231,126.17,low,10:00,STD
6683,2025-10-06 11:00:00,2025,10,6,11,0,Weekday,Oct,0.5577,0.5577,46035,231,124.67,low,11:00,STD
6684,2025-10-06 12:00:00,2025,10,6,12,0,Weekday,Oct,0.5319,0.5319,46035,231,118.91,low,12:00,STD
6685,2025-10-06 13:00:00,2025,10,6,13,0,Weekday,Oct,0.5076,0.5076,46035,231,113.48,low,13:00,STD
6686,2025-10-06 14:00:00,2025,10,6,14,0,Weekday,Oct,0.4855,0.4855,46035,231,108.53,low,14:00,STD
6687,2025-10-06 15:00:00,2025,10,6,15,0,Weekday,Oct,0.4967,0.4967,46035,231,111.04,low,15:00,STD
6688,2025-10-06 16:00:00,2025,10,6,16,0,Weekday,Oct,0.5252,0.5252,46035,231,117.41,low,16:00,STD
6689,2025-10-06 17:00:00,2025,10,6,17,0,Weekday,Oct,0.2875,0.2875,46035,231,64.27,low,17:00,STD
6690,2025-10-06 18:00:00,2025,10,6,18,0,Weekday,Oct,0.0394,0.1,46035,231,22.35,low,18:00,PK
6691,2025-10-06 19:00:00,2025,10,6,19,0,Weekday,Oct,0.0369,0.1,46035,231,22.35,low,19:00,PK
6692,2025-10-06 20:00:00,2025,10,6,20,0,Weekday,Oct,0.2441,0.2441,46035,231,54.57,low,20:00,PK
6693,2025-10-06 21:00:00,2025,10,6,21,0,Weekday,Oct,0.4107,0.4107,46035,231,91.81,low,21:00,STD
6694,2025-10-06 22:00:00,2025,10,6,22,0,Weekday,Oct,0.1291,0.1291,46035,231,28.86,low,22:00,OP
6695,2025-10-06 23:00:00,2025,10,6,23,0,Weekday,Oct,0.0986,0.1,46035,231,22.35,low,23:00,OP
6696,2025-10-07 00:00:00,2025,10,7,0,1,Weekday,Oct,0.1105,0.1105,46035,231,24.71,low,00:00,OP
6697,2025-10-07 01:00:00,2025,10,7,1,1,Weekday,Oct,0.1022,0.1022,46035,231,22.85,low,01:00,OP
6698,2025-10-07 02:00:00,2025,10,7,2,1,Weekday,Oct,0.1079,0.1079,46035,231,24.12,low,02:00,OP
6699,2025-10-07 03:00:00,2025,10,7,3,1,Weekday,Oct,0.1285,0.1285,46035,231,28.72,low,03:00,OP
6700,2025-10-07 04:00:00,2025,10,7,4,1,Weekday,Oct,0.1432,0.1432,46035,231,32.01,low,04:00,OP
6701,2025-10-07 05:00:00,2025,10,7,5,1,Weekday,Oct,0.157,0.157,46035,231,35.1,low,05:00,OP
6702,2025-10-07 06:00:00,2025,10,7,6,1,Weekday,Oct,0.289,0.289,46035,231,64.61,low,06:00,STD
6703,2025-10-07 07:00:00,2025,10,7,7,1,Weekday,Oct,0.046,0.1,46035,231,22.35,low,07:00,PK
6704,2025-10-07 08:00:00,2025,10,7,8,1,Weekday,Oct,0.3365,0.3365,46035,231,75.22,low,08:00,PK
6705,2025-10-07 09:00:00,2025,10,7,9,1,Weekday,Oct,0.6077,0.6077,46035,231,135.85,low,09:00,STD
6706,2025-10-07 10:00:00,2025,10,7,10,1,Weekday,Oct,0.5644,0.5644,46035,231,126.17,low,10:00,STD
6707,2025-10-07 11:00:00,2025,10,7,11,1,Weekday,Oct,0.5577,0.5577,46035,231,124.67,low,11:00,STD
6708,2025-10-07 12:00:00,2025,10,7,12,1,Weekday,Oct,0.5319,0.5319,46035,231,118.91,low,12:00,STD
6709,2025-10-07 13:00:00,2025,10,7,13,1,Weekday,Oct,0.5076,0.5076,46035,231,113.48,low,13:00,STD
6710,2025-10-07 14:00:00,2025,10,7,14,1,Weekday,Oct,0.4855,0.4855,46035,231,108.53,low,14:00,STD
6711,2025-10-07 15:00:00,2025,10,7,15,1,Weekday,Oct,0.4967,0.4967,46035,231,111.04,low,15:00,STD
6712,2025-10-07 16:00:00,2025,10,7,16,1,Weekday,Oct,0.5252,0.5252,46035,231,117.41,low,16:00,STD
6713,2025-10-07 17:00:00,2025,10,7,17,1,Weekday,Oct,0.2875,0.2875,46035,231,64.27,low,17:00,STD
6714,2025-10-07 18:00:00,2025,10,7,18,1,Weekday,Oct,0.0394,0.1,46035,231,22.35,low,18:00,PK
6715,2025-10-07 19:00:00,2025,10,7,19,1,Weekday,Oct,0.0369,0.1,46035,231,22.35,low,19:00,PK
6716,2025-10-07 20:00:00,2025,10,7,20,1,Weekday,Oct,0.2441,0.2441,46035,231,54.57,low,20:00,PK
6717,2025-10-07 21:00:00,2025,10,7,21,1,Weekday,Oct,0.4107,0.4107,46035,231,91.81,low,21:00,STD
6718,2025-10-07 22:00:00,2025,10,7,22,1,Weekday,Oct,0.1291,0.1291,46035,231,28.86,low,22:00,OP
6719,2025-10-07 23:00:00,2025,10,7,23,1,Weekday,Oct,0.0986,0.1,46035,231,22.35,low,23:00,OP
6720,2025-10-08 00:00:00,2025,10,8,0,2,Weekday,Oct,0.1105,0.1105,46035,231,24.71,low,00:00,OP
6721,2025-10-08 01:00:00,2025,10,8,1,2,Weekday,Oct,0.1022,0.1022,46035,231,22.85,low,01:00,OP
6722,2025-10-08 02:00:00,2025,10,8,2,2,Weekday,Oct,0.1079,0.1079,46035,231,24.12,low,02:00,OP
6723,2025-10-08 03:00:00,2025,10,8,3,2,Weekday,Oct,0.1285,0.1285,46035,231,28.72,low,03:00,OP
6724,2025-10-08 04:00:00,2025,10,8,4,2,Weekday,Oct,0.1432,0.1432,46035,231,32.01,low,04:00,OP
6725,2025-10-08 05:00:00,2025,10,8,5,2,Weekday,Oct,0.157,0.157,46035,231,35.1,low,05:00,OP
6726,2025-10-08 06:00:00,2025,10,8,6,2,Weekday,Oct,0.289,0.289,46035,231,64.61,low,06:00,STD
6727,2025-10-08 07:00:00,2025,10,8,7,2,Weekday,Oct,0.046,0.1,46035,231,22.35,low,07:00,PK
6728,2025-10-08 08:00:00,2025,10,8,8,2,Weekday,Oct,0.3365,0.3365,46035,231,75.22,low,08:00,PK
6729,2025-10-08 09:00:00,2025,10,8,9,2,Weekday,Oct,0.6077,0.6077,46035,231,135.85,low,09:00,STD
6730,2025-10-08 10:00:00,2025,10,8,10,2,Weekday,Oct,0.5644,0.5644,46035,231,126.17,low,10:00,STD
6731,2025-10-08 11:00:00,2025,10,8,11,2,Weekday,Oct,0.5577,0.5577,46035,231,124.67,low,11:00,STD
6732,2025-10-08 12:00:00,2025,10,8,12,2,Weekday,Oct,0.5319,0.5319,46035,231,118.91,low,12:00,STD
6733,2025-10-08 13:00:00,2025,10,8,13,2,Weekday,Oct,0.5076,0.5076,46035,231,113.48,low,13:00,STD
6734,2025-10-08 14:00:00,2025,10,8,14,2,Weekday,Oct,0.4855,0.4855,46035,231,108.53,low,14:00,STD
6735,2025-10-08 15:00:00,2025,10,8,15,2,Weekday,Oct,0.4967,0.4967,46035,231,111.04,low,15:00,STD
6736,2025-10-08 16:00:00,2025,10,8,16,2,Weekday,Oct,0.5252,0.5252,46035,231,117.41,low,16:00,STD
6737,2025-10-08 17:00:00,2025,10,8,17,2,Weekday,Oct,0.2875,0.2875,46035,231,64.27,low,17:00,STD
6738,2025-10-08 18:00:00,2025,10,8,18,2,Weekday,Oct,0.0394,0.1,46035,231,22.35,low,18:00,PK
6739,2025-10-08 19:00:00,2025,10,8,19,2,Weekday,Oct,0.0369,0.1,46035,231,22.35,low,19:00,PK
6740,2025-10-08 20:00:00,2025,10,8,20,2,Weekday,Oct,0.2441,0.2441,46035,231,54.57,low,20:00,PK
6741,2025-10-08 21:00:00,2025,10,8,21,2,Weekday,Oct,0.4107,0.4107,46035,231,91.81,low,21:00,STD
6742,2025-10-08 22:00:00,2025,10,8,22,2,Weekday,Oct,0.1291,0.1291,46035,231,28.86,low,22:00,OP
6743,2025-10-08 23:00:00,2025,10,8,23,2,Weekday,Oct,0.0986,0.1,46035,231,22.35,low,23:00,OP
6744,2025-10-09 00:00:00,2025,10,9,0,3,Weekday,Oct,0.1105,0.1105,46035,231,24.71,low,00:00,OP
6745,2025-10-09 01:00:00,2025,10,9,1,3,Weekday,Oct,0.1022,0.1022,46035,231,22.85,low,01:00,OP
6746,2025-10-09 02:00:00,2025,10,9,2,3,Weekday,Oct,0.1079,0.1079,46035,231,24.12,low,02:00,OP
6747,2025-10-09 03:00:00,2025,10,9,3,3,Weekday,Oct,0.1285,0.1285,46035,231,28.72,low,03:00,OP
6748,2025-10-09 04:00:00,2025,10,9,4,3,Weekday,Oct,0.1432,0.1432,46035,231,32.01,low,04:00,OP
6749,2025-10-09 05:00:00,2025,10,9,5,3,Weekday,Oct,0.157,0.157,46035,231,35.1,low,05:00,OP
6750,2025-10-09 06:00:00,2025,10,9,6,3,Weekday,Oct,0.289,0.289,46035,231,64.61,low,06:00,STD
6751,2025-10-09 07:00:00,2025,10,9,7,3,Weekday,Oct,0.046,0.1,46035,231,22.35,low,07:00,PK
6752,2025-10-09 08:00:00,2025,10,9,8,3,Weekday,Oct,0.3365,0.3365,46035,231,75.22,low,08:00,PK
6753,2025-10-09 09:00:00,2025,10,9,9,3,Weekday,Oct,0.6077,0.6077,46035,231,135.85,low,09:00,STD
6754,2025-10-09 10:00:00,2025,10,9,10,3,Weekday,Oct,0.5644,0.5644,46035,231,126.17,low,10:00,STD
6755,2025-10-09 11:00:00,2025,10,9,11,3,Weekday,Oct,0.5577,0.5577,46035,231,124.67,low,11:00,STD
6756,2025-10-09 12:00:00,2025,10,9,12,3,Weekday,Oct,0.5319,0.5319,46035,231,118.91,low,12:00,STD
6757,2025-10-09 13:00:00,2025,10,9,13,3,Weekday,Oct,0.5076,0.5076,46035,231,113.48,low,13:00,STD
6758,2025-10-09 14:00:00,2025,10,9,14,3,Weekday,Oct,0.4855,0.4855,46035,231,108.53,low,14:00,STD
6759,2025-10-09 15:00:00,2025,10,9,15,3,Weekday,Oct,0.4967,0.4967,46035,231,111.04,low,15:00,STD
6760,2025-10-09 16:00:00,2025,10,9,16,3,Weekday,Oct,0.5252,0.5252,46035,231,117.41,low,16:00,STD
6761,2025-10-09 17:00:00,2025,10,9,17,3,Weekday,Oct,0.2875,0.2875,46035,231,64.27,low,17:00,STD
6762,2025-10-09 18:00:00,2025,10,9,18,3,Weekday,Oct,0.0394,0.1,46035,231,22.35,low,18:00,PK
6763,2025-10-09 19:00:00,2025,10,9,19,3,Weekday,Oct,0.0369,0.1,46035,231,22.35,low,19:00,PK
6764,2025-10-09 20:00:00,2025,10,9,20,3,Weekday,Oct,0.2441,0.2441,46035,231,54.57,low,20:00,PK
6765,2025-10-09 21:00:00,2025,10,9,21,3,Weekday,Oct,0.4107,0.4107,46035,231,91.81,low,21:00,STD
6766,2025-10-09 22:00:00,2025,10,9,22,3,Weekday,Oct,0.1291,0.1291,46035,231,28.86,low,22:00,OP
6767,2025-10-09 23:00:00,2025,10,9,23,3,Weekday,Oct,0.0986,0.1,46035,231,22.35,low,23:00,OP
6768,2025-10-10 00:00:00,2025,10,10,0,4,Weekday,Oct,0.1105,0.1105,46035,231,24.71,low,00:00,OP
6769,2025-10-10 01:00:00,2025,10,10,1,4,Weekday,Oct,0.1022,0.1022,46035,231,22.85,low,01:00,OP
6770,2025-10-10 02:00:00,2025,10,10,2,4,Weekday,Oct,0.1079,0.1079,46035,231,24.12,low,02:00,OP
6771,2025-10-10 03:00:00,2025,10,10,3,4,Weekday,Oct,0.1285,0.1285,46035,231,28.72,low,03:00,OP
6772,2025-10-10 04:00:00,2025,10,10,4,4,Weekday,Oct,0.1432,0.1432,46035,231,32.01,low,04:00,OP
6773,2025-10-10 05:00:00,2025,10,10,5,4,Weekday,Oct,0.157,0.157,46035,231,35.1,low,05:00,OP
6774,2025-10-10 06:00:00,2025,10,10,6,4,Weekday,Oct,0.289,0.289,46035,231,64.61,low,06:00,STD
6775,2025-10-10 07:00:00,2025,10,10,7,4,Weekday,Oct,0.046,0.1,46035,231,22.35,low,07:00,PK
6776,2025-10-10 08:00:00,2025,10,10,8,4,Weekday,Oct,0.3365,0.3365,46035,231,75.22,low,08:00,PK
6777,2025-10-10 09:00:00,2025,10,10,9,4,Weekday,Oct,0.6077,0.6077,46035,231,135.85,low,09:00,STD
6778,2025-10-10 10:00:00,2025,10,10,10,4,Weekday,Oct,0.5644,0.5644,46035,231,126.17,low,10:00,STD
6779,2025-10-10 11:00:00,2025,10,10,11,4,Weekday,Oct,0.5577,0.5577,46035,231,124.67,low,11:00,STD
6780,2025-10-10 12:00:00,2025,10,10,12,4,Weekday,Oct,0.5319,0.5319,46035,231,118.91,low,12:00,STD
6781,2025-10-10 13:00:00,2025,10,10,13,4,Weekday,Oct,0.5076,0.5076,46035,231,113.48,low,13:00,STD
6782,2025-10-10 14:00:00,2025,10,10,14,4,Weekday,Oct,0.4855,0.4855,46035,231,108.53,low,14:00,STD
6783,2025-10-10 15:00:00,2025,10,10,15,4,Weekday,Oct,0.4967,0.4967,46035,231,111.04,low,15:00,STD
6784,2025-10-10 16:00:00,2025,10,10,16,4,Weekday,Oct,0.5252,0.5252,46035,231,117.41,low,16:00,STD
6785,2025-10-10 17:00:00,2025,10,10,17,4,Weekday,Oct,0.2875,0.2875,46035,231,64.27,low,17:00,STD
6786,2025-10-10 18:00:00,2025,10,10,18,4,Weekday,Oct,0.0394,0.1,46035,231,22.35,low,18:00,PK
6787,2025-10-10 19:00:00,2025,10,10,19,4,Weekday,Oct,0.0369,0.1,46035,231,22.35,low,19:00,PK
6788,2025-10-10 20:00:00,2025,10,10,20,4,Weekday,Oct,0.2441,0.2441,46035,231,54.57,low,20:00,PK
6789,2025-10-10 21:00:00,2025,10,10,21,4,Weekday,Oct,0.4107,0.4107,46035,231,91.81,low,21:00,STD
6790,2025-10-10 22:00:00,2025,10,10,22,4,Weekday,Oct,0.1291,0.1291,46035,231,28.86,low,22:00,OP
6791,2025-10-10 23:00:00,2025,10,10,23,4,Weekday,Oct,0.0986,0.1,46035,231,22.35,low,23:00,OP
6792,2025-10-11 00:00:00,2025,10,11,0,5,Sat,Oct,0.11,0.11,46035,231,24.59,low,00:00,OP
6793,2025-10-11 01:00:00,2025,10,11,1,5,Sat,Oct,0.1034,0.1034,46035,231,23.12,low,01:00,OP
6794,2025-10-11 02:00:00,2025,10,11,2,5,Sat,Oct,0.1073,0.1073,46035,231,23.99,low,02:00,OP
6795,2025-10-11 03:00:00,2025,10,11,3,5,Sat,Oct,0.1261,0.1261,46035,231,28.19,low,03:00,OP
6796,2025-10-11 04:00:00,2025,10,11,4,5,Sat,Oct,0.1426,0.1426,46035,231,31.87,low,04:00,OP
6797,2025-10-11 05:00:00,2025,10,11,5,5,Sat,Oct,0.1505,0.1505,46035,231,33.65,low,05:00,OP
6798,2025-10-11 06:00:00,2025,10,11,6,5,Sat,Oct,0.1655,0.1655,46035,231,37.0,low,06:00,OP
6799,2025-10-11 07:00:00,2025,10,11,7,5,Sat,Oct,0.3932,0.3932,46035,231,87.9,low,07:00,STD
6800,2025-10-11 08:00:00,2025,10,11,8,5,Sat,Oct,0.379,0.379,46035,231,84.73,low,08:00,STD
6801,2025-10-11 09:00:00,2025,10,11,9,5,Sat,Oct,0.3775,0.3775,46035,231,84.38,low,09:00,STD
6802,2025-10-11 10:00:00,2025,10,11,10,5,Sat,Oct,0.3608,0.3608,46035,231,80.65,low,10:00,STD
6803,2025-10-11 11:00:00,2025,10,11,11,5,Sat,Oct,0.3558,0.3558,46035,231,79.54,low,11:00,STD
6804,2025-10-11 12:00:00,2025,10,11,12,5,Sat,Oct,0.1722,0.1722,46035,231,38.5,low,12:00,OP
6805,2025-10-11 13:00:00,2025,10,11,13,5,Sat,Oct,0.1653,0.1653,46035,231,36.95,low,13:00,OP
6806,2025-10-11 14:00:00,2025,10,11,14,5,Sat,Oct,0.1541,0.1541,46035,231,34.45,low,14:00,OP
6807,2025-10-11 15:00:00,2025,10,11,15,5,Sat,Oct,0.1547,0.1547,46035,231,34.59,low,15:00,OP
6808,2025-10-11 16:00:00,2025,10,11,16,5,Sat,Oct,0.1634,0.1634,46035,231,36.53,low,16:00,OP
6809,2025-10-11 17:00:00,2025,10,11,17,5,Sat,Oct,0.3292,0.3292,46035,231,73.59,low,17:00,OP
6810,2025-10-11 18:00:00,2025,10,11,18,5,Sat,Oct,0.521,0.521,46035,231,116.46,low,18:00,STD
6811,2025-10-11 19:00:00,2025,10,11,19,5,Sat,Oct,0.3252,0.3252,46035,231,72.69,low,19:00,STD
6812,2025-10-11 20:00:00,2025,10,11,20,5,Sat,Oct,0.1437,0.1437,46035,231,32.12,low,20:00,OP
6813,2025-10-11 21:00:00,2025,10,11,21,5,Sat,Oct,0.1337,0.1337,46035,231,29.88,low,21:00,OP
6814,2025-10-11 22:00:00,2025,10,11,22,5,Sat,Oct,0.1291,0.1291,46035,231,28.86,low,22:00,OP
6815,2025-10-11 23:00:00,2025,10,11,23,5,Sat,Oct,0.0971,0.1,46035,231,22.35,low,23:00,OP
6816,2025-10-12 00:00:00,2025,10,12,0,6,Sun,Oct,0.11,0.11,46035,231,24.59,low,00:00,OP
6817,2025-10-12 01:00:00,2025,10,12,1,6,Sun,Oct,0.1034,0.1034,46035,231,23.12,low,01:00,OP
6818,2025-10-12 02:00:00,2025,10,12,2,6,Sun,Oct,0.1073,0.1073,46035,231,23.99,low,02:00,OP
6819,2025-10-12 03:00:00,2025,10,12,3,6,Sun,Oct,0.1261,0.1261,46035,231,28.19,low,03:00,OP
6820,2025-10-12 04:00:00,2025,10,12,4,6,Sun,Oct,0.1426,0.1426,46035,231,31.87,low,04:00,OP
6821,2025-10-12 05:00:00,2025,10,12,5,6,Sun,Oct,0.1505,0.1505,46035,231,33.65,low,05:00,OP
6822,2025-10-12 06:00:00,2025,10,12,6,6,Sun,Oct,0.1655,0.1655,46035,231,37.0,low,06:00,OP
6823,2025-10-12 07:00:00,2025,10,12,7,6,Sun,Oct,0.3932,0.3932,46035,231,87.9,low,07:00,OP
6824,2025-10-12 08:00:00,2025,10,12,8,6,Sun,Oct,0.379,0.379,46035,231,84.73,low,08:00,OP
6825,2025-10-12 09:00:00,2025,10,12,9,6,Sun,Oct,0.3775,0.3775,46035,231,84.38,low,09:00,OP
6826,2025-10-12 10:00:00,2025,10,12,10,6,Sun,Oct,0.3608,0.3608,46035,231,80.65,low,10:00,OP
6827,2025-10-12 11:00:00,2025,10,12,11,6,Sun,Oct,0.3558,0.3558,46035,231,79.54,low,11:00,OP
6828,2025-10-12 12:00:00,2025,10,12,12,6,Sun,Oct,0.1722,0.1722,46035,231,38.5,low,12:00,OP
6829,2025-10-12 13:00:00,2025,10,12,13,6,Sun,Oct,0.1653,0.1653,46035,231,36.95,low,13:00,OP
6830,2025-10-12 14:00:00,2025,10,12,14,6,Sun,Oct,0.1541,0.1541,46035,231,34.45,low,14:00,OP
6831,2025-10-12 15:00:00,2025,10,12,15,6,Sun,Oct,0.1547,0.1547,46035,231,34.59,low,15:00,OP
6832,2025-10-12 16:00:00,2025,10,12,16,6,Sun,Oct,0.1634,0.1634,46035,231,36.53,low,16:00,OP
6833,2025-10-12 17:00:00,2025,10,12,17,6,Sun,Oct,0.3292,0.3292,46035,231,73.59,low,17:00,OP
6834,2025-10-12 18:00:00,2025,10,12,18,6,Sun,Oct,0.521,0.521,46035,231,116.46,low,18:00,STD
6835,2025-10-12 19:00:00,2025,10,12,19,6,Sun,Oct,0.3252,0.3252,46035,231,72.69,low,19:00,STD
6836,2025-10-12 20:00:00,2025,10,12,20,6,Sun,Oct,0.1437,0.1437,46035,231,32.12,low,20:00,OP
6837,2025-10-12 21:00:00,2025,10,12,21,6,Sun,Oct,0.1337,0.1337,46035,231,29.88,low,21:00,OP
6838,2025-10-12 22:00:00,2025,10,12,22,6,Sun,Oct,0.1291,0.1291,46035,231,28.86,low,22:00,OP
6839,2025-10-12 23:00:00,2025,10,12,23,6,Sun,Oct,0.0971,0.1,46035,231,22.35,low,23:00,OP
6840,2025-10-13 00:00:00,2025,10,13,0,0,Weekday,Oct,0.1105,0.1105,46035,231,24.71,low,00:00,OP
6841,2025-10-13 01:00:00,2025,10,13,1,0,Weekday,Oct,0.1022,0.1022,46035,231,22.85,low,01:00,OP
6842,2025-10-13 02:00:00,2025,10,13,2,0,Weekday,Oct,0.1079,0.1079,46035,231,24.12,low,02:00,OP
6843,2025-10-13 03:00:00,2025,10,13,3,0,Weekday,Oct,0.1285,0.1285,46035,231,28.72,low,03:00,OP
6844,2025-10-13 04:00:00,2025,10,13,4,0,Weekday,Oct,0.1432,0.1432,46035,231,32.01,low,04:00,OP
6845,2025-10-13 05:00:00,2025,10,13,5,0,Weekday,Oct,0.157,0.157,46035,231,35.1,low,05:00,OP
6846,2025-10-13 06:00:00,2025,10,13,6,0,Weekday,Oct,0.289,0.289,46035,231,64.61,low,06:00,STD
6847,2025-10-13 07:00:00,2025,10,13,7,0,Weekday,Oct,0.046,0.1,46035,231,22.35,low,07:00,PK
6848,2025-10-13 08:00:00,2025,10,13,8,0,Weekday,Oct,0.3365,0.3365,46035,231,75.22,low,08:00,PK
6849,2025-10-13 09:00:00,2025,10,13,9,0,Weekday,Oct,0.6077,0.6077,46035,231,135.85,low,09:00,STD
6850,2025-10-13 10:00:00,2025,10,13,10,0,Weekday,Oct,0.5644,0.5644,46035,231,126.17,low,10:00,STD
6851,2025-10-13 11:00:00,2025,10,13,11,0,Weekday,Oct,0.5577,0.5577,46035,231,124.67,low,11:00,STD
6852,2025-10-13 12:00:00,2025,10,13,12,0,Weekday,Oct,0.5319,0.5319,46035,231,118.91,low,12:00,STD
6853,2025-10-13 13:00:00,2025,10,13,13,0,Weekday,Oct,0.5076,0.5076,46035,231,113.48,low,13:00,STD
6854,2025-10-13 14:00:00,2025,10,13,14,0,Weekday,Oct,0.4855,0.4855,46035,231,108.53,low,14:00,STD
6855,2025-10-13 15:00:00,2025,10,13,15,0,Weekday,Oct,0.4967,0.4967,46035,231,111.04,low,15:00,STD
6856,2025-10-13 16:00:00,2025,10,13,16,0,Weekday,Oct,0.5252,0.5252,46035,231,117.41,low,16:00,STD
6857,2025-10-13 17:00:00,2025,10,13,17,0,Weekday,Oct,0.2875,0.2875,46035,231,64.27,low,17:00,STD
6858,2025-10-13 18:00:00,2025,10,13,18,0,Weekday,Oct,0.0394,0.1,46035,231,22.35,low,18:00,PK
6859,2025-10-13 19:00:00,2025,10,13,19,0,Weekday,Oct,0.0369,0.1,46035,231,22.35,low,19:00,PK
6860,2025-10-13 20:00:00,2025,10,13,20,0,Weekday,Oct,0.2441,0.2441,46035,231,54.57,low,20:00,PK
6861,2025-10-13 21:00:00,2025,10,13,21,0,Weekday,Oct,0.4107,0.4107,46035,231,91.81,low,21:00,STD
6862,2025-10-13 22:00:00,2025,10,13,22,0,Weekday,Oct,0.1291,0.1291,46035,231,28.86,low,22:00,OP
6863,2025-10-13 23:00:00,2025,10,13,23,0,Weekday,Oct,0.0986,0.1,46035,231,22.35,low,23:00,OP
6864,2025-10-14 00:00:00,2025,10,14,0,1,Weekday,Oct,0.1105,0.1105,46035,231,24.71,low,00:00,OP
6865,2025-10-14 01:00:00,2025,10,14,1,1,Weekday,Oct,0.1022,0.1022,46035,231,22.85,low,01:00,OP
6866,2025-10-14 02:00:00,2025,10,14,2,1,Weekday,Oct,0.1079,0.1079,46035,231,24.12,low,02:00,OP
6867,2025-10-14 03:00:00,2025,10,14,3,1,Weekday,Oct,0.1285,0.1285,46035,231,28.72,low,03:00,OP
6868,2025-10-14 04:00:00,2025,10,14,4,1,Weekday,Oct,0.1432,0.1432,46035,231,32.01,low,04:00,OP
6869,2025-10-14 05:00:00,2025,10,14,5,1,Weekday,Oct,0.157,0.157,46035,231,35.1,low,05:00,OP
6870,2025-10-14 06:00:00,2025,10,14,6,1,Weekday,Oct,0.289,0.289,46035,231,64.61,low,06:00,STD
6871,2025-10-14 07:00:00,2025,10,14,7,1,Weekday,Oct,0.046,0.1,46035,231,22.35,low,07:00,PK
6872,2025-10-14 08:00:00,2025,10,14,8,1,Weekday,Oct,0.3365,0.3365,46035,231,75.22,low,08:00,PK
6873,2025-10-14 09:00:00,2025,10,14,9,1,Weekday,Oct,0.6077,0.6077,46035,231,135.85,low,09:00,STD
6874,2025-10-14 10:00:00,2025,10,14,10,1,Weekday,Oct,0.5644,0.5644,46035,231,126.17,low,10:00,STD
6875,2025-10-14 11:00:00,2025,10,14,11,1,Weekday,Oct,0.5577,0.5577,46035,231,124.67,low,11:00,STD
6876,2025-10-14 12:00:00,2025,10,14,12,1,Weekday,Oct,0.5319,0.5319,46035,231,118.91,low,12:00,STD
6877,2025-10-14 13:00:00,2025,10,14,13,1,Weekday,Oct,0.5076,0.5076,46035,231,113.48,low,13:00,STD
6878,2025-10-14 14:00:00,2025,10,14,14,1,Weekday,Oct,0.4855,0.4855,46035,231,108.53,low,14:00,STD
6879,2025-10-14 15:00:00,2025,10,14,15,1,Weekday,Oct,0.4967,0.4967,46035,231,111.04,low,15:00,STD
6880,2025-10-14 16:00:00,2025,10,14,16,1,Weekday,Oct,0.5252,0.5252,46035,231,117.41,low,16:00,STD
6881,2025-10-14 17:00:00,2025,10,14,17,1,Weekday,Oct,0.2875,0.2875,46035,231,64.27,low,17:00,STD
6882,2025-10-14 18:00:00,2025,10,14,18,1,Weekday,Oct,0.0394,0.1,46035,231,22.35,low,18:00,PK
6883,2025-10-14 19:00:00,2025,10,14,19,1,Weekday,Oct,0.0369,0.1,46035,231,22.35,low,19:00,PK
6884,2025-10-14 20:00:00,2025,10,14,20,1,Weekday,Oct,0.2441,0.2441,46035,231,54.57,low,20:00,PK
6885,2025-10-14 21:00:00,2025,10,14,21,1,Weekday,Oct,0.4107,0.4107,46035,231,91.81,low,21:00,STD
6886,2025-10-14 22:00:00,2025,10,14,22,1,Weekday,Oct,0.1291,0.1291,46035,231,28.86,low,22:00,OP
6887,2025-10-14 23:00:00,2025,10,14,23,1,Weekday,Oct,0.0986,0.1,46035,231,22.35,low,23:00,OP
6888,2025-10-15 00:00:00,2025,10,15,0,2,Weekday,Oct,0.1105,0.1105,46035,231,24.71,low,00:00,OP
6889,2025-10-15 01:00:00,2025,10,15,1,2,Weekday,Oct,0.1022,0.1022,46035,231,22.85,low,01:00,OP
6890,2025-10-15 02:00:00,2025,10,15,2,2,Weekday,Oct,0.1079,0.1079,46035,231,24.12,low,02:00,OP
6891,2025-10-15 03:00:00,2025,10,15,3,2,Weekday,Oct,0.1285,0.1285,46035,231,28.72,low,03:00,OP
6892,2025-10-15 04:00:00,2025,10,15,4,2,Weekday,Oct,0.1432,0.1432,46035,231,32.01,low,04:00,OP
6893,2025-10-15 05:00:00,2025,10,15,5,2,Weekday,Oct,0.157,0.157,46035,231,35.1,low,05:00,OP
6894,2025-10-15 06:00:00,2025,10,15,6,2,Weekday,Oct,0.289,0.289,46035,231,64.61,low,06:00,STD
6895,2025-10-15 07:00:00,2025,10,15,7,2,Weekday,Oct,0.046,0.1,46035,231,22.35,low,07:00,PK
6896,2025-10-15 08:00:00,2025,10,15,8,2,Weekday,Oct,0.3365,0.3365,46035,231,75.22,low,08:00,PK
6897,2025-10-15 09:00:00,2025,10,15,9,2,Weekday,Oct,0.6077,0.6077,46035,231,135.85,low,09:00,STD
6898,2025-10-15 10:00:00,2025,10,15,10,2,Weekday,Oct,0.5644,0.5644,46035,231,126.17,low,10:00,STD
6899,2025-10-15 11:00:00,2025,10,15,11,2,Weekday,Oct,0.5577,0.5577,46035,231,124.67,low,11:00,STD
6900,2025-10-15 12:00:00,2025,10,15,12,2,Weekday,Oct,0.5319,0.5319,46035,231,118.91,low,12:00,STD
6901,2025-10-15 13:00:00,2025,10,15,13,2,Weekday,Oct,0.5076,0.5076,46035,231,113.48,low,13:00,STD
6902,2025-10-15 14:00:00,2025,10,15,14,2,Weekday,Oct,0.4855,0.4855,46035,231,108.53,low,14:00,STD
6903,2025-10-15 15:00:00,2025,10,15,15,2,Weekday,Oct,0.4967,0.4967,46035,231,111.04,low,15:00,STD
6904,2025-10-15 16:00:00,2025,10,15,16,2,Weekday,Oct,0.5252,0.5252,46035,231,117.41,low,16:00,STD
6905,2025-10-15 17:00:00,2025,10,15,17,2,Weekday,Oct,0.2875,0.2875,46035,231,64.27,low,17:00,STD
6906,2025-10-15 18:00:00,2025,10,15,18,2,Weekday,Oct,0.0394,0.1,46035,231,22.35,low,18:00,PK
6907,2025-10-15 19:00:00,2025,10,15,19,2,Weekday,Oct,0.0369,0.1,46035,231,22.35,low,19:00,PK
6908,2025-10-15 20:00:00,2025,10,15,20,2,Weekday,Oct,0.2441,0.2441,46035,231,54.57,low,20:00,PK
6909,2025-10-15 21:00:00,2025,10,15,21,2,Weekday,Oct,0.4107,0.4107,46035,231,91.81,low,21:00,STD
6910,2025-10-15 22:00:00,2025,10,15,22,2,Weekday,Oct,0.1291,0.1291,46035,231,28.86,low,22:00,OP
6911,2025-10-15 23:00:00,2025,10,15,23,2,Weekday,Oct,0.0986,0.1,46035,231,22.35,low,23:00,OP
6912,2025-10-16 00:00:00,2025,10,16,0,3,Weekday,Oct,0.1105,0.1105,46035,231,24.71,low,00:00,OP
6913,2025-10-16 01:00:00,2025,10,16,1,3,Weekday,Oct,0.1022,0.1022,46035,231,22.85,low,01:00,OP
6914,2025-10-16 02:00:00,2025,10,16,2,3,Weekday,Oct,0.1079,0.1079,46035,231,24.12,low,02:00,OP
6915,2025-10-16 03:00:00,2025,10,16,3,3,Weekday,Oct,0.1285,0.1285,46035,231,28.72,low,03:00,OP
6916,2025-10-16 04:00:00,2025,10,16,4,3,Weekday,Oct,0.1432,0.1432,46035,231,32.01,low,04:00,OP
6917,2025-10-16 05:00:00,2025,10,16,5,3,Weekday,Oct,0.157,0.157,46035,231,35.1,low,05:00,OP
6918,2025-10-16 06:00:00,2025,10,16,6,3,Weekday,Oct,0.289,0.289,46035,231,64.61,low,06:00,STD
6919,2025-10-16 07:00:00,2025,10,16,7,3,Weekday,Oct,0.046,0.1,46035,231,22.35,low,07:00,PK
6920,2025-10-16 08:00:00,2025,10,16,8,3,Weekday,Oct,0.3365,0.3365,46035,231,75.22,low,08:00,PK
6921,2025-10-16 09:00:00,2025,10,16,9,3,Weekday,Oct,0.6077,0.6077,46035,231,135.85,low,09:00,STD
6922,2025-10-16 10:00:00,2025,10,16,10,3,Weekday,Oct,0.5644,0.5644,46035,231,126.17,low,10:00,STD
6923,2025-10-16 11:00:00,2025,10,16,11,3,Weekday,Oct,0.5577,0.5577,46035,231,124.67,low,11:00,STD
6924,2025-10-16 12:00:00,2025,10,16,12,3,Weekday,Oct,0.5319,0.5319,46035,231,118.91,low,12:00,STD
6925,2025-10-16 13:00:00,2025,10,16,13,3,Weekday,Oct,0.5076,0.5076,46035,231,113.48,low,13:00,STD
6926,2025-10-16 14:00:00,2025,10,16,14,3,Weekday,Oct,0.4855,0.4855,46035,231,108.53,low,14:00,STD
6927,2025-10-16 15:00:00,2025,10,16,15,3,Weekday,Oct,0.4967,0.4967,46035,231,111.04,low,15:00,STD
6928,2025-10-16 16:00:00,2025,10,16,16,3,Weekday,Oct,0.5252,0.5252,46035,231,117.41,low,16:00,STD
6929,2025-10-16 17:00:00,2025,10,16,17,3,Weekday,Oct,0.2875,0.2875,46035,231,64.27,low,17:00,STD
6930,2025-10-16 18:00:00,2025,10,16,18,3,Weekday,Oct,0.0394,0.1,46035,231,22.35,low,18:00,PK
6931,2025-10-16 19:00:00,2025,10,16,19,3,Weekday,Oct,0.0369,0.1,46035,231,22.35,low,19:00,PK
6932,2025-10-16 20:00:00,2025,10,16,20,3,Weekday,Oct,0.2441,0.2441,46035,231,54.57,low,20:00,PK
6933,2025-10-16 21:00:00,2025,10,16,21,3,Weekday,Oct,0.4107,0.4107,46035,231,91.81,low,21:00,STD
6934,2025-10-16 22:00:00,2025,10,16,22,3,Weekday,Oct,0.1291,0.1291,46035,231,28.86,low,22:00,OP
6935,2025-10-16 23:00:00,2025,10,16,23,3,Weekday,Oct,0.0986,0.1,46035,231,22.35,low,23:00,OP
6936,2025-10-17 00:00:00,2025,10,17,0,4,Weekday,Oct,0.1105,0.1105,46035,231,24.71,low,00:00,OP
6937,2025-10-17 01:00:00,2025,10,17,1,4,Weekday,Oct,0.1022,0.1022,46035,231,22.85,low,01:00,OP
6938,2025-10-17 02:00:00,2025,10,17,2,4,Weekday,Oct,0.1079,0.1079,46035,231,24.12,low,02:00,OP
6939,2025-10-17 03:00:00,2025,10,17,3,4,Weekday,Oct,0.1285,0.1285,46035,231,28.72,low,03:00,OP
6940,2025-10-17 04:00:00,2025,10,17,4,4,Weekday,Oct,0.1432,0.1432,46035,231,32.01,low,04:00,OP
6941,2025-10-17 05:00:00,2025,10,17,5,4,Weekday,Oct,0.157,0.157,46035,231,35.1,low,05:00,OP
6942,2025-10-17 06:00:00,2025,10,17,6,4,Weekday,Oct,0.289,0.289,46035,231,64.61,low,06:00,STD
6943,2025-10-17 07:00:00,2025,10,17,7,4,Weekday,Oct,0.046,0.1,46035,231,22.35,low,07:00,PK
6944,2025-10-17 08:00:00,2025,10,17,8,4,Weekday,Oct,0.3365,0.3365,46035,231,75.22,low,08:00,PK
6945,2025-10-17 09:00:00,2025,10,17,9,4,Weekday,Oct,0.6077,0.6077,46035,231,135.85,low,09:00,STD
6946,2025-10-17 10:00:00,2025,10,17,10,4,Weekday,Oct,0.5644,0.5644,46035,231,126.17,low,10:00,STD
6947,2025-10-17 11:00:00,2025,10,17,11,4,Weekday,Oct,0.5577,0.5577,46035,231,124.67,low,11:00,STD
6948,2025-10-17 12:00:00,2025,10,17,12,4,Weekday,Oct,0.5319,0.5319,46035,231,118.91,low,12:00,STD
6949,2025-10-17 13:00:00,2025,10,17,13,4,Weekday,Oct,0.5076,0.5076,46035,231,113.48,low,13:00,STD
6950,2025-10-17 14:00:00,2025,10,17,14,4,Weekday,Oct,0.4855,0.4855,46035,231,108.53,low,14:00,STD
6951,2025-10-17 15:00:00,2025,10,17,15,4,Weekday,Oct,0.4967,0.4967,46035,231,111.04,low,15:00,STD
6952,2025-10-17 16:00:00,2025,10,17,16,4,Weekday,Oct,0.5252,0.5252,46035,231,117.41,low,16:00,STD
6953,2025-10-17 17:00:00,2025,10,17,17,4,Weekday,Oct,0.2875,0.2875,46035,231,64.27,low,17:00,STD
6954,2025-10-17 18:00:00,2025,10,17,18,4,Weekday,Oct,0.0394,0.1,46035,231,22.35,low,18:00,PK
6955,2025-10-17 19:00:00,2025,10,17,19,4,Weekday,Oct,0.0369,0.1,46035,231,22.35,low,19:00,PK
6956,2025-10-17 20:00:00,2025,10,17,20,4,Weekday,Oct,0.2441,0.2441,46035,231,54.57,low,20:00,PK
6957,2025-10-17 21:00:00,2025,10,17,21,4,Weekday,Oct,0.4107,0.4107,46035,231,91.81,low,21:00,STD
6958,2025-10-17 22:00:00,2025,10,17,22,4,Weekday,Oct,0.1291,0.1291,46035,231,28.86,low,22:00,OP
6959,2025-10-17 23:00:00,2025,10,17,23,4,Weekday,Oct,0.0986,0.1,46035,231,22.35,low,23:00,OP
6960,2025-10-18 00:00:00,2025,10,18,0,5,Sat,Oct,0.11,0.11,46035,231,24.59,low,00:00,OP
6961,2025-10-18 01:00:00,2025,10,18,1,5,Sat,Oct,0.1034,0.1034,46035,231,23.12,low,01:00,OP
6962,2025-10-18 02:00:00,2025,10,18,2,5,Sat,Oct,0.1073,0.1073,46035,231,23.99,low,02:00,OP
6963,2025-10-18 03:00:00,2025,10,18,3,5,Sat,Oct,0.1261,0.1261,46035,231,28.19,low,03:00,OP
6964,2025-10-18 04:00:00,2025,10,18,4,5,Sat,Oct,0.1426,0.1426,46035,231,31.87,low,04:00,OP
6965,2025-10-18 05:00:00,2025,10,18,5,5,Sat,Oct,0.1505,0.1505,46035,231,33.65,low,05:00,OP
6966,2025-10-18 06:00:00,2025,10,18,6,5,Sat,Oct,0.1655,0.1655,46035,231,37.0,low,06:00,OP
6967,2025-10-18 07:00:00,2025,10,18,7,5,Sat,Oct,0.3932,0.3932,46035,231,87.9,low,07:00,STD
6968,2025-10-18 08:00:00,2025,10,18,8,5,Sat,Oct,0.379,0.379,46035,231,84.73,low,08:00,STD
6969,2025-10-18 09:00:00,2025,10,18,9,5,Sat,Oct,0.3775,0.3775,46035,231,84.38,low,09:00,STD
6970,2025-10-18 10:00:00,2025,10,18,10,5,Sat,Oct,0.3608,0.3608,46035,231,80.65,low,10:00,STD
6971,2025-10-18 11:00:00,2025,10,18,11,5,Sat,Oct,0.3558,0.3558,46035,231,79.54,low,11:00,STD
6972,2025-10-18 12:00:00,2025,10,18,12,5,Sat,Oct,0.1722,0.1722,46035,231,38.5,low,12:00,OP
6973,2025-10-18 13:00:00,2025,10,18,13,5,Sat,Oct,0.1653,0.1653,46035,231,36.95,low,13:00,OP
6974,2025-10-18 14:00:00,2025,10,18,14,5,Sat,Oct,0.1541,0.1541,46035,231,34.45,low,14:00,OP
6975,2025-10-18 15:00:00,2025,10,18,15,5,Sat,Oct,0.1547,0.1547,46035,231,34.59,low,15:00,OP
6976,2025-10-18 16:00:00,2025,10,18,16,5,Sat,Oct,0.1634,0.1634,46035,231,36.53,low,16:00,OP
6977,2025-10-18 17:00:00,2025,10,18,17,5,Sat,Oct,0.3292,0.3292,46035,231,73.59,low,17:00,OP
6978,2025-10-18 18:00:00,2025,10,18,18,5,Sat,Oct,0.521,0.521,46035,231,116.46,low,18:00,STD
6979,2025-10-18 19:00:00,2025,10,18,19,5,Sat,Oct,0.3252,0.3252,46035,231,72.69,low,19:00,STD
6980,2025-10-18 20:00:00,2025,10,18,20,5,Sat,Oct,0.1437,0.1437,46035,231,32.12,low,20:00,OP
6981,2025-10-18 21:00:00,2025,10,18,21,5,Sat,Oct,0.1337,0.1337,46035,231,29.88,low,21:00,OP
6982,2025-10-18 22:00:00,2025,10,18,22,5,Sat,Oct,0.1291,0.1291,46035,231,28.86,low,22:00,OP
6983,2025-10-18 23:00:00,2025,10,18,23,5,Sat,Oct,0.0971,0.1,46035,231,22.35,low,23:00,OP
6984,2025-10-19 00:00:00,2025,10,19,0,6,Sun,Oct,0.11,0.11,46035,231,24.59,low,00:00,OP
6985,2025-10-19 01:00:00,2025,10,19,1,6,Sun,Oct,0.1034,0.1034,46035,231,23.12,low,01:00,OP
6986,2025-10-19 02:00:00,2025,10,19,2,6,Sun,Oct,0.1073,0.1073,46035,231,23.99,low,02:00,OP
6987,2025-10-19 03:00:00,2025,10,19,3,6,Sun,Oct,0.1261,0.1261,46035,231,28.19,low,03:00,OP
6988,2025-10-19 04:00:00,2025,10,19,4,6,Sun,Oct,0.1426,0.1426,46035,231,31.87,low,04:00,OP
6989,2025-10-19 05:00:00,2025,10,19,5,6,Sun,Oct,0.1505,0.1505,46035,231,33.65,low,05:00,OP
6990,2025-10-19 06:00:00,2025,10,19,6,6,Sun,Oct,0.1655,0.1655,46035,231,37.0,low,06:00,OP
6991,2025-10-19 07:00:00,2025,10,19,7,6,Sun,Oct,0.3932,0.3932,46035,231,87.9,low,07:00,OP
6992,2025-10-19 08:00:00,2025,10,19,8,6,Sun,Oct,0.379,0.379,46035,231,84.73,low,08:00,OP
6993,2025-10-19 09:00:00,2025,10,19,9,6,Sun,Oct,0.3775,0.3775,46035,231,84.38,low,09:00,OP
6994,2025-10-19 10:00:00,2025,10,19,10,6,Sun,Oct,0.3608,0.3608,46035,231,80.65,low,10:00,OP
6995,2025-10-19 11:00:00,2025,10,19,11,6,Sun,Oct,0.3558,0.3558,46035,231,79.54,low,11:00,OP
6996,2025-10-19 12:00:00,2025,10,19,12,6,Sun,Oct,0.1722,0.1722,46035,231,38.5,low,12:00,OP
6997,2025-10-19 13:00:00,2025,10,19,13,6,Sun,Oct,0.1653,0.1653,46035,231,36.95,low,13:00,OP
6998,2025-10-19 14:00:00,2025,10,19,14,6,Sun,Oct,0.1541,0.1541,46035,231,34.45,low,14:00,OP
6999,2025-10-19 15:00:00,2025,10,19,15,6,Sun,Oct,0.1547,0.1547,46035,231,34.59,low,15:00,OP
7000,2025-10-19 16:00:00,2025,10,19,16,6,Sun,Oct,0.1634,0.1634,46035,231,36.53,low,16:00,OP
7001,2025-10-19 17:00:00,2025,10,19,17,6,Sun,Oct,0.3292,0.3292,46035,231,73.59,low,17:00,OP
7002,2025-10-19 18:00:00,2025,10,19,18,6,Sun,Oct,0.521,0.521,46035,231,116.46,low,18:00,STD
7003,2025-10-19 19:00:00,2025,10,19,19,6,Sun,Oct,0.3252,0.3252,46035,231,72.69,low,19:00,STD
7004,2025-10-19 20:00:00,2025,10,19,20,6,Sun,Oct,0.1437,0.1437,46035,231,32.12,low,20:00,OP
7005,2025-10-19 21:00:00,2025,10,19,21,6,Sun,Oct,0.1337,0.1337,46035,231,29.88,low,21:00,OP
7006,2025-10-19 22:00:00,2025,10,19,22,6,Sun,Oct,0.1291,0.1291,46035,231,28.86,low,22:00,OP
7007,2025-10-19 23:00:00,2025,10,19,23,6,Sun,Oct,0.0971,0.1,46035,231,22.35,low,23:00,OP
7008,2025-10-20 00:00:00,2025,10,20,0,0,Weekday,Oct,0.1105,0.1105,46035,231,24.71,low,00:00,OP
7009,2025-10-20 01:00:00,2025,10,20,1,0,Weekday,Oct,0.1022,0.1022,46035,231,22.85,low,01:00,OP
7010,2025-10-20 02:00:00,2025,10,20,2,0,Weekday,Oct,0.1079,0.1079,46035,231,24.12,low,02:00,OP
7011,2025-10-20 03:00:00,2025,10,20,3,0,Weekday,Oct,0.1285,0.1285,46035,231,28.72,low,03:00,OP
7012,2025-10-20 04:00:00,2025,10,20,4,0,Weekday,Oct,0.1432,0.1432,46035,231,32.01,low,04:00,OP
7013,2025-10-20 05:00:00,2025,10,20,5,0,Weekday,Oct,0.157,0.157,46035,231,35.1,low,05:00,OP
7014,2025-10-20 06:00:00,2025,10,20,6,0,Weekday,Oct,0.289,0.289,46035,231,64.61,low,06:00,STD
7015,2025-10-20 07:00:00,2025,10,20,7,0,Weekday,Oct,0.046,0.1,46035,231,22.35,low,07:00,PK
7016,2025-10-20 08:00:00,2025,10,20,8,0,Weekday,Oct,0.3365,0.3365,46035,231,75.22,low,08:00,PK
7017,2025-10-20 09:00:00,2025,10,20,9,0,Weekday,Oct,0.6077,0.6077,46035,231,135.85,low,09:00,STD
7018,2025-10-20 10:00:00,2025,10,20,10,0,Weekday,Oct,0.5644,0.5644,46035,231,126.17,low,10:00,STD
7019,2025-10-20 11:00:00,2025,10,20,11,0,Weekday,Oct,0.5577,0.5577,46035,231,124.67,low,11:00,STD
7020,2025-10-20 12:00:00,2025,10,20,12,0,Weekday,Oct,0.5319,0.5319,46035,231,118.91,low,12:00,STD
7021,2025-10-20 13:00:00,2025,10,20,13,0,Weekday,Oct,0.5076,0.5076,46035,231,113.48,low,13:00,STD
7022,2025-10-20 14:00:00,2025,10,20,14,0,Weekday,Oct,0.4855,0.4855,46035,231,108.53,low,14:00,STD
7023,2025-10-20 15:00:00,2025,10,20,15,0,Weekday,Oct,0.4967,0.4967,46035,231,111.04,low,15:00,STD
7024,2025-10-20 16:00:00,2025,10,20,16,0,Weekday,Oct,0.5252,0.5252,46035,231,117.41,low,16:00,STD
7025,2025-10-20 17:00:00,2025,10,20,17,0,Weekday,Oct,0.2875,0.2875,46035,231,64.27,low,17:00,STD
7026,2025-10-20 18:00:00,2025,10,20,18,0,Weekday,Oct,0.0394,0.1,46035,231,22.35,low,18:00,PK
7027,2025-10-20 19:00:00,2025,10,20,19,0,Weekday,Oct,0.0369,0.1,46035,231,22.35,low,19:00,PK
7028,2025-10-20 20:00:00,2025,10,20,20,0,Weekday,Oct,0.2441,0.2441,46035,231,54.57,low,20:00,PK
7029,2025-10-20 21:00:00,2025,10,20,21,0,Weekday,Oct,0.4107,0.4107,46035,231,91.81,low,21:00,STD
7030,2025-10-20 22:00:00,2025,10,20,22,0,Weekday,Oct,0.1291,0.1291,46035,231,28.86,low,22:00,OP
7031,2025-10-20 23:00:00,2025,10,20,23,0,Weekday,Oct,0.0986,0.1,46035,231,22.35,low,23:00,OP
7032,2025-10-21 00:00:00,2025,10,21,0,1,Weekday,Oct,0.1105,0.1105,46035,231,24.71,low,00:00,OP
7033,2025-10-21 01:00:00,2025,10,21,1,1,Weekday,Oct,0.1022,0.1022,46035,231,22.85,low,01:00,OP
7034,2025-10-21 02:00:00,2025,10,21,2,1,Weekday,Oct,0.1079,0.1079,46035,231,24.12,low,02:00,OP
7035,2025-10-21 03:00:00,2025,10,21,3,1,Weekday,Oct,0.1285,0.1285,46035,231,28.72,low,03:00,OP
7036,2025-10-21 04:00:00,2025,10,21,4,1,Weekday,Oct,0.1432,0.1432,46035,231,32.01,low,04:00,OP
7037,2025-10-21 05:00:00,2025,10,21,5,1,Weekday,Oct,0.157,0.157,46035,231,35.1,low,05:00,OP
7038,2025-10-21 06:00:00,2025,10,21,6,1,Weekday,Oct,0.289,0.289,46035,231,64.61,low,06:00,STD
7039,2025-10-21 07:00:00,2025,10,21,7,1,Weekday,Oct,0.046,0.1,46035,231,22.35,low,07:00,PK
7040,2025-10-21 08:00:00,2025,10,21,8,1,Weekday,Oct,0.3365,0.3365,46035,231,75.22,low,08:00,PK
7041,2025-10-21 09:00:00,2025,10,21,9,1,Weekday,Oct,0.6077,0.6077,46035,231,135.85,low,09:00,STD
7042,2025-10-21 10:00:00,2025,10,21,10,1,Weekday,Oct,0.5644,0.5644,46035,231,126.17,low,10:00,STD
7043,2025-10-21 11:00:00,2025,10,21,11,1,Weekday,Oct,0.5577,0.5577,46035,231,124.67,low,11:00,STD
7044,2025-10-21 12:00:00,2025,10,21,12,1,Weekday,Oct,0.5319,0.5319,46035,231,118.91,low,12:00,STD
7045,2025-10-21 13:00:00,2025,10,21,13,1,Weekday,Oct,0.5076,0.5076,46035,231,113.48,low,13:00,STD
7046,2025-10-21 14:00:00,2025,10,21,14,1,Weekday,Oct,0.4855,0.4855,46035,231,108.53,low,14:00,STD
7047,2025-10-21 15:00:00,2025,10,21,15,1,Weekday,Oct,0.4967,0.4967,46035,231,111.04,low,15:00,STD
7048,2025-10-21 16:00:00,2025,10,21,16,1,Weekday,Oct,0.5252,0.5252,46035,231,117.41,low,16:00,STD
7049,2025-10-21 17:00:00,2025,10,21,17,1,Weekday,Oct,0.2875,0.2875,46035,231,64.27,low,17:00,STD
7050,2025-10-21 18:00:00,2025,10,21,18,1,Weekday,Oct,0.0394,0.1,46035,231,22.35,low,18:00,PK
7051,2025-10-21 19:00:00,2025,10,21,19,1,Weekday,Oct,0.0369,0.1,46035,231,22.35,low,19:00,PK
7052,2025-10-21 20:00:00,2025,10,21,20,1,Weekday,Oct,0.2441,0.2441,46035,231,54.57,low,20:00,PK
7053,2025-10-21 21:00:00,2025,10,21,21,1,Weekday,Oct,0.4107,0.4107,46035,231,91.81,low,21:00,STD
7054,2025-10-21 22:00:00,2025,10,21,22,1,Weekday,Oct,0.1291,0.1291,46035,231,28.86,low,22:00,OP
7055,2025-10-21 23:00:00,2025,10,21,23,1,Weekday,Oct,0.0986,0.1,46035,231,22.35,low,23:00,OP
7056,2025-10-22 00:00:00,2025,10,22,0,2,Weekday,Oct,0.1105,0.1105,46035,231,24.71,low,00:00,OP
7057,2025-10-22 01:00:00,2025,10,22,1,2,Weekday,Oct,0.1022,0.1022,46035,231,22.85,low,01:00,OP
7058,2025-10-22 02:00:00,2025,10,22,2,2,Weekday,Oct,0.1079,0.1079,46035,231,24.12,low,02:00,OP
7059,2025-10-22 03:00:00,2025,10,22,3,2,Weekday,Oct,0.1285,0.1285,46035,231,28.72,low,03:00,OP
7060,2025-10-22 04:00:00,2025,10,22,4,2,Weekday,Oct,0.1432,0.1432,46035,231,32.01,low,04:00,OP
7061,2025-10-22 05:00:00,2025,10,22,5,2,Weekday,Oct,0.157,0.157,46035,231,35.1,low,05:00,OP
7062,2025-10-22 06:00:00,2025,10,22,6,2,Weekday,Oct,0.289,0.289,46035,231,64.61,low,06:00,STD
7063,2025-10-22 07:00:00,2025,10,22,7,2,Weekday,Oct,0.046,0.1,46035,231,22.35,low,07:00,PK
7064,2025-10-22 08:00:00,2025,10,22,8,2,Weekday,Oct,0.3365,0.3365,46035,231,75.22,low,08:00,PK
7065,2025-10-22 09:00:00,2025,10,22,9,2,Weekday,Oct,0.6077,0.6077,46035,231,135.85,low,09:00,STD
7066,2025-10-22 10:00:00,2025,10,22,10,2,Weekday,Oct,0.5644,0.5644,46035,231,126.17,low,10:00,STD
7067,2025-10-22 11:00:00,2025,10,22,11,2,Weekday,Oct,0.5577,0.5577,46035,231,124.67,low,11:00,STD
7068,2025-10-22 12:00:00,2025,10,22,12,2,Weekday,Oct,0.5319,0.5319,46035,231,118.91,low,12:00,STD
7069,2025-10-22 13:00:00,2025,10,22,13,2,Weekday,Oct,0.5076,0.5076,46035,231,113.48,low,13:00,STD
7070,2025-10-22 14:00:00,2025,10,22,14,2,Weekday,Oct,0.4855,0.4855,46035,231,108.53,low,14:00,STD
7071,2025-10-22 15:00:00,2025,10,22,15,2,Weekday,Oct,0.4967,0.4967,46035,231,111.04,low,15:00,STD
7072,2025-10-22 16:00:00,2025,10,22,16,2,Weekday,Oct,0.5252,0.5252,46035,231,117.41,low,16:00,STD
7073,2025-10-22 17:00:00,2025,10,22,17,2,Weekday,Oct,0.2875,0.2875,46035,231,64.27,low,17:00,STD
7074,2025-10-22 18:00:00,2025,10,22,18,2,Weekday,Oct,0.0394,0.1,46035,231,22.35,low,18:00,PK
7075,2025-10-22 19:00:00,2025,10,22,19,2,Weekday,Oct,0.0369,0.1,46035,231,22.35,low,19:00,PK
7076,2025-10-22 20:00:00,2025,10,22,20,2,Weekday,Oct,0.2441,0.2441,46035,231,54.57,low,20:00,PK
7077,2025-10-22 21:00:00,2025,10,22,21,2,Weekday,Oct,0.4107,0.4107,46035,231,91.81,low,21:00,STD
7078,2025-10-22 22:00:00,2025,10,22,22,2,Weekday,Oct,0.1291,0.1291,46035,231,28.86,low,22:00,OP
7079,2025-10-22 23:00:00,2025,10,22,23,2,Weekday,Oct,0.0986,0.1,46035,231,22.35,low,23:00,OP
7080,2025-10-23 00:00:00,2025,10,23,0,3,Weekday,Oct,0.1105,0.1105,46035,231,24.71,low,00:00,OP
7081,2025-10-23 01:00:00,2025,10,23,1,3,Weekday,Oct,0.1022,0.1022,46035,231,22.85,low,01:00,OP
7082,2025-10-23 02:00:00,2025,10,23,2,3,Weekday,Oct,0.1079,0.1079,46035,231,24.12,low,02:00,OP
7083,2025-10-23 03:00:00,2025,10,23,3,3,Weekday,Oct,0.1285,0.1285,46035,231,28.72,low,03:00,OP
7084,2025-10-23 04:00:00,2025,10,23,4,3,Weekday,Oct,0.1432,0.1432,46035,231,32.01,low,04:00,OP
7085,2025-10-23 05:00:00,2025,10,23,5,3,Weekday,Oct,0.157,0.157,46035,231,35.1,low,05:00,OP
7086,2025-10-23 06:00:00,2025,10,23,6,3,Weekday,Oct,0.289,0.289,46035,231,64.61,low,06:00,STD
7087,2025-10-23 07:00:00,2025,10,23,7,3,Weekday,Oct,0.046,0.1,46035,231,22.35,low,07:00,PK
7088,2025-10-23 08:00:00,2025,10,23,8,3,Weekday,Oct,0.3365,0.3365,46035,231,75.22,low,08:00,PK
7089,2025-10-23 09:00:00,2025,10,23,9,3,Weekday,Oct,0.6077,0.6077,46035,231,135.85,low,09:00,STD
7090,2025-10-23 10:00:00,2025,10,23,10,3,Weekday,Oct,0.5644,0.5644,46035,231,126.17,low,10:00,STD
7091,2025-10-23 11:00:00,2025,10,23,11,3,Weekday,Oct,0.5577,0.5577,46035,231,124.67,low,11:00,STD
7092,2025-10-23 12:00:00,2025,10,23,12,3,Weekday,Oct,0.5319,0.5319,46035,231,118.91,low,12:00,STD
7093,2025-10-23 13:00:00,2025,10,23,13,3,Weekday,Oct,0.5076,0.5076,46035,231,113.48,low,13:00,STD
7094,2025-10-23 14:00:00,2025,10,23,14,3,Weekday,Oct,0.4855,0.4855,46035,231,108.53,low,14:00,STD
7095,2025-10-23 15:00:00,2025,10,23,15,3,Weekday,Oct,0.4967,0.4967,46035,231,111.04,low,15:00,STD
7096,2025-10-23 16:00:00,2025,10,23,16,3,Weekday,Oct,0.5252,0.5252,46035,231,117.41,low,16:00,STD
7097,2025-10-23 17:00:00,2025,10,23,17,3,Weekday,Oct,0.2875,0.2875,46035,231,64.27,low,17:00,STD
7098,2025-10-23 18:00:00,2025,10,23,18,3,Weekday,Oct,0.0394,0.1,46035,231,22.35,low,18:00,PK
7099,2025-10-23 19:00:00,2025,10,23,19,3,Weekday,Oct,0.0369,0.1,46035,231,22.35,low,19:00,PK
7100,2025-10-23 20:00:00,2025,10,23,20,3,Weekday,Oct,0.2441,0.2441,46035,231,54.57,low,20:00,PK
7101,2025-10-23 21:00:00,2025,10,23,21,3,Weekday,Oct,0.4107,0.4107,46035,231,91.81,low,21:00,STD
7102,2025-10-23 22:00:00,2025,10,23,22,3,Weekday,Oct,0.1291,0.1291,46035,231,28.86,low,22:00,OP
7103,2025-10-23 23:00:00,2025,10,23,23,3,Weekday,Oct,0.0986,0.1,46035,231,22.35,low,23:00,OP
7104,2025-10-24 00:00:00,2025,10,24,0,4,Weekday,Oct,0.1105,0.1105,46035,231,24.71,low,00:00,OP
7105,2025-10-24 01:00:00,2025,10,24,1,4,Weekday,Oct,0.1022,0.1022,46035,231,22.85,low,01:00,OP
7106,2025-10-24 02:00:00,2025,10,24,2,4,Weekday,Oct,0.1079,0.1079,46035,231,24.12,low,02:00,OP
7107,2025-10-24 03:00:00,2025,10,24,3,4,Weekday,Oct,0.1285,0.1285,46035,231,28.72,low,03:00,OP
7108,2025-10-24 04:00:00,2025,10,24,4,4,Weekday,Oct,0.1432,0.1432,46035,231,32.01,low,04:00,OP
7109,2025-10-24 05:00:00,2025,10,24,5,4,Weekday,Oct,0.157,0.157,46035,231,35.1,low,05:00,OP
7110,2025-10-24 06:00:00,2025,10,24,6,4,Weekday,Oct,0.289,0.289,46035,231,64.61,low,06:00,STD
7111,2025-10-24 07:00:00,2025,10,24,7,4,Weekday,Oct,0.046,0.1,46035,231,22.35,low,07:00,PK
7112,2025-10-24 08:00:00,2025,10,24,8,4,Weekday,Oct,0.3365,0.3365,46035,231,75.22,low,08:00,PK
7113,2025-10-24 09:00:00,2025,10,24,9,4,Weekday,Oct,0.6077,0.6077,46035,231,135.85,low,09:00,STD
7114,2025-10-24 10:00:00,2025,10,24,10,4,Weekday,Oct,0.5644,0.5644,46035,231,126.17,low,10:00,STD
7115,2025-10-24 11:00:00,2025,10,24,11,4,Weekday,Oct,0.5577,0.5577,46035,231,124.67,low,11:00,STD
7116,2025-10-24 12:00:00,2025,10,24,12,4,Weekday,Oct,0.5319,0.5319,46035,231,118.91,low,12:00,STD
7117,2025-10-24 13:00:00,2025,10,24,13,4,Weekday,Oct,0.5076,0.5076,46035,231,113.48,low,13:00,STD
7118,2025-10-24 14:00:00,2025,10,24,14,4,Weekday,Oct,0.4855,0.4855,46035,231,108.53,low,14:00,STD
7119,2025-10-24 15:00:00,2025,10,24,15,4,Weekday,Oct,0.4967,0.4967,46035,231,111.04,low,15:00,STD
7120,2025-10-24 16:00:00,2025,10,24,16,4,Weekday,Oct,0.5252,0.5252,46035,231,117.41,low,16:00,STD
7121,2025-10-24 17:00:00,2025,10,24,17,4,Weekday,Oct,0.2875,0.2875,46035,231,64.27,low,17:00,STD
7122,2025-10-24 18:00:00,2025,10,24,18,4,Weekday,Oct,0.0394,0.1,46035,231,22.35,low,18:00,PK
7123,2025-10-24 19:00:00,2025,10,24,19,4,Weekday,Oct,0.0369,0.1,46035,231,22.35,low,19:00,PK
7124,2025-10-24 20:00:00,2025,10,24,20,4,Weekday,Oct,0.2441,0.2441,46035,231,54.57,low,20:00,PK
7125,2025-10-24 21:00:00,2025,10,24,21,4,Weekday,Oct,0.4107,0.4107,46035,231,91.81,low,21:00,STD
7126,2025-10-24 22:00:00,2025,10,24,22,4,Weekday,Oct,0.1291,0.1291,46035,231,28.86,low,22:00,OP
7127,2025-10-24 23:00:00,2025,10,24,23,4,Weekday,Oct,0.0986,0.1,46035,231,22.35,low,23:00,OP
7128,2025-10-25 00:00:00,2025,10,25,0,5,Sat,Oct,0.11,0.11,46035,231,24.59,low,00:00,OP
7129,2025-10-25 01:00:00,2025,10,25,1,5,Sat,Oct,0.1034,0.1034,46035,231,23.12,low,01:00,OP
7130,2025-10-25 02:00:00,2025,10,25,2,5,Sat,Oct,0.1073,0.1073,46035,231,23.99,low,02:00,OP
7131,2025-10-25 03:00:00,2025,10,25,3,5,Sat,Oct,0.1261,0.1261,46035,231,28.19,low,03:00,OP
7132,2025-10-25 04:00:00,2025,10,25,4,5,Sat,Oct,0.1426,0.1426,46035,231,31.87,low,04:00,OP
7133,2025-10-25 05:00:00,2025,10,25,5,5,Sat,Oct,0.1505,0.1505,46035,231,33.65,low,05:00,OP
7134,2025-10-25 06:00:00,2025,10,25,6,5,Sat,Oct,0.1655,0.1655,46035,231,37.0,low,06:00,OP
7135,2025-10-25 07:00:00,2025,10,25,7,5,Sat,Oct,0.3932,0.3932,46035,231,87.9,low,07:00,STD
7136,2025-10-25 08:00:00,2025,10,25,8,5,Sat,Oct,0.379,0.379,46035,231,84.73,low,08:00,STD
7137,2025-10-25 09:00:00,2025,10,25,9,5,Sat,Oct,0.3775,0.3775,46035,231,84.38,low,09:00,STD
7138,2025-10-25 10:00:00,2025,10,25,10,5,Sat,Oct,0.3608,0.3608,46035,231,80.65,low,10:00,STD
7139,2025-10-25 11:00:00,2025,10,25,11,5,Sat,Oct,0.3558,0.3558,46035,231,79.54,low,11:00,STD
7140,2025-10-25 12:00:00,2025,10,25,12,5,Sat,Oct,0.1722,0.1722,46035,231,38.5,low,12:00,OP
7141,2025-10-25 13:00:00,2025,10,25,13,5,Sat,Oct,0.1653,0.1653,46035,231,36.95,low,13:00,OP
7142,2025-10-25 14:00:00,2025,10,25,14,5,Sat,Oct,0.1541,0.1541,46035,231,34.45,low,14:00,OP
7143,2025-10-25 15:00:00,2025,10,25,15,5,Sat,Oct,0.1547,0.1547,46035,231,34.59,low,15:00,OP
7144,2025-10-25 16:00:00,2025,10,25,16,5,Sat,Oct,0.1634,0.1634,46035,231,36.53,low,16:00,OP
7145,2025-10-25 17:00:00,2025,10,25,17,5,Sat,Oct,0.3292,0.3292,46035,231,73.59,low,17:00,OP
7146,2025-10-25 18:00:00,2025,10,25,18,5,Sat,Oct,0.521,0.521,46035,231,116.46,low,18:00,STD
7147,2025-10-25 19:00:00,2025,10,25,19,5,Sat,Oct,0.3252,0.3252,46035,231,72.69,low,19:00,STD
7148,2025-10-25 20:00:00,2025,10,25,20,5,Sat,Oct,0.1437,0.1437,46035,231,32.12,low,20:00,OP
7149,2025-10-25 21:00:00,2025,10,25,21,5,Sat,Oct,0.1337,0.1337,46035,231,29.88,low,21:00,OP
7150,2025-10-25 22:00:00,2025,10,25,22,5,Sat,Oct,0.1291,0.1291,46035,231,28.86,low,22:00,OP
7151,2025-10-25 23:00:00,2025,10,25,23,5,Sat,Oct,0.0971,0.1,46035,231,22.35,low,23:00,OP
7152,2025-10-26 00:00:00,2025,10,26,0,6,Sun,Oct,0.11,0.11,46035,231,24.59,low,00:00,OP
7153,2025-10-26 01:00:00,2025,10,26,1,6,Sun,Oct,0.1034,0.1034,46035,231,23.12,low,01:00,OP
7154,2025-10-26 02:00:00,2025,10,26,2,6,Sun,Oct,0.1073,0.1073,46035,231,23.99,low,02:00,OP
7155,2025-10-26 03:00:00,2025,10,26,3,6,Sun,Oct,0.1261,0.1261,46035,231,28.19,low,03:00,OP
7156,2025-10-26 04:00:00,2025,10,26,4,6,Sun,Oct,0.1426,0.1426,46035,231,31.87,low,04:00,OP
7157,2025-10-26 05:00:00,2025,10,26,5,6,Sun,Oct,0.1505,0.1505,46035,231,33.65,low,05:00,OP
7158,2025-10-26 06:00:00,2025,10,26,6,6,Sun,Oct,0.1655,0.1655,46035,231,37.0,low,06:00,OP
7159,2025-10-26 07:00:00,2025,10,26,7,6,Sun,Oct,0.3932,0.3932,46035,231,87.9,low,07:00,OP
7160,2025-10-26 08:00:00,2025,10,26,8,6,Sun,Oct,0.379,0.379,46035,231,84.73,low,08:00,OP
7161,2025-10-26 09:00:00,2025,10,26,9,6,Sun,Oct,0.3775,0.3775,46035,231,84.38,low,09:00,OP
7162,2025-10-26 10:00:00,2025,10,26,10,6,Sun,Oct,0.3608,0.3608,46035,231,80.65,low,10:00,OP
7163,2025-10-26 11:00:00,2025,10,26,11,6,Sun,Oct,0.3558,0.3558,46035,231,79.54,low,11:00,OP
7164,2025-10-26 12:00:00,2025,10,26,12,6,Sun,Oct,0.1722,0.1722,46035,231,38.5,low,12:00,OP
7165,2025-10-26 13:00:00,2025,10,26,13,6,Sun,Oct,0.1653,0.1653,46035,231,36.95,low,13:00,OP
7166,2025-10-26 14:00:00,2025,10,26,14,6,Sun,Oct,0.1541,0.1541,46035,231,34.45,low,14:00,OP
7167,2025-10-26 15:00:00,2025,10,26,15,6,Sun,Oct,0.1547,0.1547,46035,231,34.59,low,15:00,OP
7168,2025-10-26 16:00:00,2025,10,26,16,6,Sun,Oct,0.1634,0.1634,46035,231,36.53,low,16:00,OP
7169,2025-10-26 17:00:00,2025,10,26,17,6,Sun,Oct,0.3292,0.3292,46035,231,73.59,low,17:00,OP
7170,2025-10-26 18:00:00,2025,10,26,18,6,Sun,Oct,0.521,0.521,46035,231,116.46,low,18:00,STD
7171,2025-10-26 19:00:00,2025,10,26,19,6,Sun,Oct,0.3252,0.3252,46035,231,72.69,low,19:00,STD
7172,2025-10-26 20:00:00,2025,10,26,20,6,Sun,Oct,0.1437,0.1437,46035,231,32.12,low,20:00,OP
7173,2025-10-26 21:00:00,2025,10,26,21,6,Sun,Oct,0.1337,0.1337,46035,231,29.88,low,21:00,OP
7174,2025-10-26 22:00:00,2025,10,26,22,6,Sun,Oct,0.1291,0.1291,46035,231,28.86,low,22:00,OP
7175,2025-10-26 23:00:00,2025,10,26,23,6,Sun,Oct,0.0971,0.1,46035,231,22.35,low,23:00,OP
7176,2025-10-27 00:00:00,2025,10,27,0,0,Weekday,Oct,0.1105,0.1105,46035,231,24.71,low,00:00,OP
7177,2025-10-27 01:00:00,2025,10,27,1,0,Weekday,Oct,0.1022,0.1022,46035,231,22.85,low,01:00,OP
7178,2025-10-27 02:00:00,2025,10,27,2,0,Weekday,Oct,0.1079,0.1079,46035,231,24.12,low,02:00,OP
7179,2025-10-27 03:00:00,2025,10,27,3,0,Weekday,Oct,0.1285,0.1285,46035,231,28.72,low,03:00,OP
7180,2025-10-27 04:00:00,2025,10,27,4,0,Weekday,Oct,0.1432,0.1432,46035,231,32.01,low,04:00,OP
7181,2025-10-27 05:00:00,2025,10,27,5,0,Weekday,Oct,0.157,0.157,46035,231,35.1,low,05:00,OP
7182,2025-10-27 06:00:00,2025,10,27,6,0,Weekday,Oct,0.289,0.289,46035,231,64.61,low,06:00,STD
7183,2025-10-27 07:00:00,2025,10,27,7,0,Weekday,Oct,0.046,0.1,46035,231,22.35,low,07:00,PK
7184,2025-10-27 08:00:00,2025,10,27,8,0,Weekday,Oct,0.3365,0.3365,46035,231,75.22,low,08:00,PK
7185,2025-10-27 09:00:00,2025,10,27,9,0,Weekday,Oct,0.6077,0.6077,46035,231,135.85,low,09:00,STD
7186,2025-10-27 10:00:00,2025,10,27,10,0,Weekday,Oct,0.5644,0.5644,46035,231,126.17,low,10:00,STD
7187,2025-10-27 11:00:00,2025,10,27,11,0,Weekday,Oct,0.5577,0.5577,46035,231,124.67,low,11:00,STD
7188,2025-10-27 12:00:00,2025,10,27,12,0,Weekday,Oct,0.5319,0.5319,46035,231,118.91,low,12:00,STD
7189,2025-10-27 13:00:00,2025,10,27,13,0,Weekday,Oct,0.5076,0.5076,46035,231,113.48,low,13:00,STD
7190,2025-10-27 14:00:00,2025,10,27,14,0,Weekday,Oct,0.4855,0.4855,46035,231,108.53,low,14:00,STD
7191,2025-10-27 15:00:00,2025,10,27,15,0,Weekday,Oct,0.4967,0.4967,46035,231,111.04,low,15:00,STD
7192,2025-10-27 16:00:00,2025,10,27,16,0,Weekday,Oct,0.5252,0.5252,46035,231,117.41,low,16:00,STD
7193,2025-10-27 17:00:00,2025,10,27,17,0,Weekday,Oct,0.2875,0.2875,46035,231,64.27,low,17:00,STD
7194,2025-10-27 18:00:00,2025,10,27,18,0,Weekday,Oct,0.0394,0.1,46035,231,22.35,low,18:00,PK
7195,2025-10-27 19:00:00,2025,10,27,19,0,Weekday,Oct,0.0369,0.1,46035,231,22.35,low,19:00,PK
7196,2025-10-27 20:00:00,2025,10,27,20,0,Weekday,Oct,0.2441,0.2441,46035,231,54.57,low,20:00,PK
7197,2025-10-27 21:00:00,2025,10,27,21,0,Weekday,Oct,0.4107,0.4107,46035,231,91.81,low,21:00,STD
7198,2025-10-27 22:00:00,2025,10,27,22,0,Weekday,Oct,0.1291,0.1291,46035,231,28.86,low,22:00,OP
7199,2025-10-27 23:00:00,2025,10,27,23,0,Weekday,Oct,0.0986,0.1,46035,231,22.35,low,23:00,OP
7200,2025-10-28 00:00:00,2025,10,28,0,1,Weekday,Oct,0.1105,0.1105,46035,231,24.71,low,00:00,OP
7201,2025-10-28 01:00:00,2025,10,28,1,1,Weekday,Oct,0.1022,0.1022,46035,231,22.85,low,01:00,OP
7202,2025-10-28 02:00:00,2025,10,28,2,1,Weekday,Oct,0.1079,0.1079,46035,231,24.12,low,02:00,OP
7203,2025-10-28 03:00:00,2025,10,28,3,1,Weekday,Oct,0.1285,0.1285,46035,231,28.72,low,03:00,OP
7204,2025-10-28 04:00:00,2025,10,28,4,1,Weekday,Oct,0.1432,0.1432,46035,231,32.01,low,04:00,OP
7205,2025-10-28 05:00:00,2025,10,28,5,1,Weekday,Oct,0.157,0.157,46035,231,35.1,low,05:00,OP
7206,2025-10-28 06:00:00,2025,10,28,6,1,Weekday,Oct,0.289,0.289,46035,231,64.61,low,06:00,STD
7207,2025-10-28 07:00:00,2025,10,28,7,1,Weekday,Oct,0.046,0.1,46035,231,22.35,low,07:00,PK
7208,2025-10-28 08:00:00,2025,10,28,8,1,Weekday,Oct,0.3365,0.3365,46035,231,75.22,low,08:00,PK
7209,2025-10-28 09:00:00,2025,10,28,9,1,Weekday,Oct,0.6077,0.6077,46035,231,135.85,low,09:00,STD
7210,2025-10-28 10:00:00,2025,10,28,10,1,Weekday,Oct,0.5644,0.5644,46035,231,126.17,low,10:00,STD
7211,2025-10-28 11:00:00,2025,10,28,11,1,Weekday,Oct,0.5577,0.5577,46035,231,124.67,low,11:00,STD
7212,2025-10-28 12:00:00,2025,10,28,12,1,Weekday,Oct,0.5319,0.5319,46035,231,118.91,low,12:00,STD
7213,2025-10-28 13:00:00,2025,10,28,13,1,Weekday,Oct,0.5076,0.5076,46035,231,113.48,low,13:00,STD
7214,2025-10-28 14:00:00,2025,10,28,14,1,Weekday,Oct,0.4855,0.4855,46035,231,108.53,low,14:00,STD
7215,2025-10-28 15:00:00,2025,10,28,15,1,Weekday,Oct,0.4967,0.4967,46035,231,111.04,low,15:00,STD
7216,2025-10-28 16:00:00,2025,10,28,16,1,Weekday,Oct,0.5252,0.5252,46035,231,117.41,low,16:00,STD
7217,2025-10-28 17:00:00,2025,10,28,17,1,Weekday,Oct,0.2875,0.2875,46035,231,64.27,low,17:00,STD
7218,2025-10-28 18:00:00,2025,10,28,18,1,Weekday,Oct,0.0394,0.1,46035,231,22.35,low,18:00,PK
7219,2025-10-28 19:00:00,2025,10,28,19,1,Weekday,Oct,0.0369,0.1,46035,231,22.35,low,19:00,PK
7220,2025-10-28 20:00:00,2025,10,28,20,1,Weekday,Oct,0.2441,0.2441,46035,231,54.57,low,20:00,PK
7221,2025-10-28 21:00:00,2025,10,28,21,1,Weekday,Oct,0.4107,0.4107,46035,231,91.81,low,21:00,STD
7222,2025-10-28 22:00:00,2025,10,28,22,1,Weekday,Oct,0.1291,0.1291,46035,231,28.86,low,22:00,OP
7223,2025-10-28 23:00:00,2025,10,28,23,1,Weekday,Oct,0.0986,0.1,46035,231,22.35,low,23:00,OP
7224,2025-10-29 00:00:00,2025,10,29,0,2,Weekday,Oct,0.1105,0.1105,46035,231,24.71,low,00:00,OP
7225,2025-10-29 01:00:00,2025,10,29,1,2,Weekday,Oct,0.1022,0.1022,46035,231,22.85,low,01:00,OP
7226,2025-10-29 02:00:00,2025,10,29,2,2,Weekday,Oct,0.1079,0.1079,46035,231,24.12,low,02:00,OP
7227,2025-10-29 03:00:00,2025,10,29,3,2,Weekday,Oct,0.1285,0.1285,46035,231,28.72,low,03:00,OP
7228,2025-10-29 04:00:00,2025,10,29,4,2,Weekday,Oct,0.1432,0.1432,46035,231,32.01,low,04:00,OP
7229,2025-10-29 05:00:00,2025,10,29,5,2,Weekday,Oct,0.157,0.157,46035,231,35.1,low,05:00,OP
7230,2025-10-29 06:00:00,2025,10,29,6,2,Weekday,Oct,0.289,0.289,46035,231,64.61,low,06:00,STD
7231,2025-10-29 07:00:00,2025,10,29,7,2,Weekday,Oct,0.046,0.1,46035,231,22.35,low,07:00,PK
7232,2025-10-29 08:00:00,2025,10,29,8,2,Weekday,Oct,0.3365,0.3365,46035,231,75.22,low,08:00,PK
7233,2025-10-29 09:00:00,2025,10,29,9,2,Weekday,Oct,0.6077,0.6077,46035,231,135.85,low,09:00,STD
7234,2025-10-29 10:00:00,2025,10,29,10,2,Weekday,Oct,0.5644,0.5644,46035,231,126.17,low,10:00,STD
7235,2025-10-29 11:00:00,2025,10,29,11,2,Weekday,Oct,0.5577,0.5577,46035,231,124.67,low,11:00,STD
7236,2025-10-29 12:00:00,2025,10,29,12,2,Weekday,Oct,0.5319,0.5319,46035,231,118.91,low,12:00,STD
7237,2025-10-29 13:00:00,2025,10,29,13,2,Weekday,Oct,0.5076,0.5076,46035,231,113.48,low,13:00,STD
7238,2025-10-29 14:00:00,2025,10,29,14,2,Weekday,Oct,0.4855,0.4855,46035,231,108.53,low,14:00,STD
7239,2025-10-29 15:00:00,2025,10,29,15,2,Weekday,Oct,0.4967,0.4967,46035,231,111.04,low,15:00,STD
7240,2025-10-29 16:00:00,2025,10,29,16,2,Weekday,Oct,0.5252,0.5252,46035,231,117.41,low,16:00,STD
7241,2025-10-29 17:00:00,2025,10,29,17,2,Weekday,Oct,0.2875,0.2875,46035,231,64.27,low,17:00,STD
7242,2025-10-29 18:00:00,2025,10,29,18,2,Weekday,Oct,0.0394,0.1,46035,231,22.35,low,18:00,PK
7243,2025-10-29 19:00:00,2025,10,29,19,2,Weekday,Oct,0.0369,0.1,46035,231,22.35,low,19:00,PK
7244,2025-10-29 20:00:00,2025,10,29,20,2,Weekday,Oct,0.2441,0.2441,46035,231,54.57,low,20:00,PK
7245,2025-10-29 21:00:00,2025,10,29,21,2,Weekday,Oct,0.4107,0.4107,46035,231,91.81,low,21:00,STD
7246,2025-10-29 22:00:00,2025,10,29,22,2,Weekday,Oct,0.1291,0.1291,46035,231,28.86,low,22:00,OP
7247,2025-10-29 23:00:00,2025,10,29,23,2,Weekday,Oct,0.0986,0.1,46035,231,22.35,low,23:00,OP
7248,2025-10-30 00:00:00,2025,10,30,0,3,Weekday,Oct,0.1105,0.1105,46035,231,24.71,low,00:00,OP
7249,2025-10-30 01:00:00,2025,10,30,1,3,Weekday,Oct,0.1022,0.1022,46035,231,22.85,low,01:00,OP
7250,2025-10-30 02:00:00,2025,10,30,2,3,Weekday,Oct,0.1079,0.1079,46035,231,24.12,low,02:00,OP
7251,2025-10-30 03:00:00,2025,10,30,3,3,Weekday,Oct,0.1285,0.1285,46035,231,28.72,low,03:00,OP
7252,2025-10-30 04:00:00,2025,10,30,4,3,Weekday,Oct,0.1432,0.1432,46035,231,32.01,low,04:00,OP
7253,2025-10-30 05:00:00,2025,10,30,5,3,Weekday,Oct,0.157,0.157,46035,231,35.1,low,05:00,OP
7254,2025-10-30 06:00:00,2025,10,30,6,3,Weekday,Oct,0.289,0.289,46035,231,64.61,low,06:00,STD
7255,2025-10-30 07:00:00,2025,10,30,7,3,Weekday,Oct,0.046,0.1,46035,231,22.35,low,07:00,PK
7256,2025-10-30 08:00:00,2025,10,30,8,3,Weekday,Oct,0.3365,0.3365,46035,231,75.22,low,08:00,PK
7257,2025-10-30 09:00:00,2025,10,30,9,3,Weekday,Oct,0.6077,0.6077,46035,231,135.85,low,09:00,STD
7258,2025-10-30 10:00:00,2025,10,30,10,3,Weekday,Oct,0.5644,0.5644,46035,231,126.17,low,10:00,STD
7259,2025-10-30 11:00:00,2025,10,30,11,3,Weekday,Oct,0.5577,0.5577,46035,231,124.67,low,11:00,STD
7260,2025-10-30 12:00:00,2025,10,30,12,3,Weekday,Oct,0.5319,0.5319,46035,231,118.91,low,12:00,STD
7261,2025-10-30 13:00:00,2025,10,30,13,3,Weekday,Oct,0.5076,0.5076,46035,231,113.48,low,13:00,STD
7262,2025-10-30 14:00:00,2025,10,30,14,3,Weekday,Oct,0.4855,0.4855,46035,231,108.53,low,14:00,STD
7263,2025-10-30 15:00:00,2025,10,30,15,3,Weekday,Oct,0.4967,0.4967,46035,231,111.04,low,15:00,STD
7264,2025-10-30 16:00:00,2025,10,30,16,3,Weekday,Oct,0.5252,0.5252,46035,231,117.41,low,16:00,STD
7265,2025-10-30 17:00:00,2025,10,30,17,3,Weekday,Oct,0.2875,0.2875,46035,231,64.27,low,17:00,STD
7266,2025-10-30 18:00:00,2025,10,30,18,3,Weekday,Oct,0.0394,0.1,46035,231,22.35,low,18:00,PK
7267,2025-10-30 19:00:00,2025,10,30,19,3,Weekday,Oct,0.0369,0.1,46035,231,22.35,low,19:00,PK
7268,2025-10-30 20:00:00,2025,10,30,20,3,Weekday,Oct,0.2441,0.2441,46035,231,54.57,low,20:00,PK
7269,2025-10-30 21:00:00,2025,10,30,21,3,Weekday,Oct,0.4107,0.4107,46035,231,91.81,low,21:00,STD
7270,2025-10-30 22:00:00,2025,10,30,22,3,Weekday,Oct,0.1291,0.1291,46035,231,28.86,low,22:00,OP
7271,2025-10-30 23:00:00,2025,10,30,23,3,Weekday,Oct,0.0986,0.1,46035,231,22.35,low,23:00,OP
7272,2025-10-31 00:00:00,2025,10,31,0,4,Weekday,Oct,0.1105,0.1105,46035,231,24.71,low,00:00,OP
7273,2025-10-31 01:00:00,2025,10,31,1,4,Weekday,Oct,0.1022,0.1022,46035,231,22.85,low,01:00,OP
7274,2025-10-31 02:00:00,2025,10,31,2,4,Weekday,Oct,0.1079,0.1079,46035,231,24.12,low,02:00,OP
7275,2025-10-31 03:00:00,2025,10,31,3,4,Weekday,Oct,0.1285,0.1285,46035,231,28.72,low,03:00,OP
7276,2025-10-31 04:00:00,2025,10,31,4,4,Weekday,Oct,0.1432,0.1432,46035,231,32.01,low,04:00,OP
7277,2025-10-31 05:00:00,2025,10,31,5,4,Weekday,Oct,0.157,0.157,46035,231,35.1,low,05:00,OP
7278,2025-10-31 06:00:00,2025,10,31,6,4,Weekday,Oct,0.289,0.289,46035,231,64.61,low,06:00,STD
7279,2025-10-31 07:00:00,2025,10,31,7,4,Weekday,Oct,0.046,0.1,46035,231,22.35,low,07:00,PK
7280,2025-10-31 08:00:00,2025,10,31,8,4,Weekday,Oct,0.3365,0.3365,46035,231,75.22,low,08:00,PK
7281,2025-10-31 09:00:00,2025,10,31,9,4,Weekday,Oct,0.6077,0.6077,46035,231,135.85,low,09:00,STD
7282,2025-10-31 10:00:00,2025,10,31,10,4,Weekday,Oct,0.5644,0.5644,46035,231,126.17,low,10:00,STD
7283,2025-10-31 11:00:00,2025,10,31,11,4,Weekday,Oct,0.5577,0.5577,46035,231,124.67,low,11:00,STD
7284,2025-10-31 12:00:00,2025,10,31,12,4,Weekday,Oct,0.5319,0.5319,46035,231,118.91,low,12:00,STD
7285,2025-10-31 13:00:00,2025,10,31,13,4,Weekday,Oct,0.5076,0.5076,46035,231,113.48,low,13:00,STD
7286,2025-10-31 14:00:00,2025,10,31,14,4,Weekday,Oct,0.4855,0.4855,46035,231,108.53,low,14:00,STD
7287,2025-10-31 15:00:00,2025,10,31,15,4,Weekday,Oct,0.4967,0.4967,46035,231,111.04,low,15:00,STD
7288,2025-10-31 16:00:00,2025,10,31,16,4,Weekday,Oct,0.5252,0.5252,46035,231,117.41,low,16:00,STD
7289,2025-10-31 17:00:00,2025,10,31,17,4,Weekday,Oct,0.2875,0.2875,46035,231,64.27,low,17:00,STD
7290,2025-10-31 18:00:00,2025,10,31,18,4,Weekday,Oct,0.0394,0.1,46035,231,22.35,low,18:00,PK
7291,2025-10-31 19:00:00,2025,10,31,19,4,Weekday,Oct,0.0369,0.1,46035,231,22.35,low,19:00,PK
7292,2025-10-31 20:00:00,2025,10,31,20,4,Weekday,Oct,0.2441,0.2441,46035,231,54.57,low,20:00,PK
7293,2025-10-31 21:00:00,2025,10,31,21,4,Weekday,Oct,0.4107,0.4107,46035,231,91.81,low,21:00,STD
7294,2025-10-31 22:00:00,2025,10,31,22,4,Weekday,Oct,0.1291,0.1291,46035,231,28.86,low,22:00,OP
7295,2025-10-31 23:00:00,2025,10,31,23,4,Weekday,Oct,0.0986,0.1,46035,231,22.35,low,23:00,OP
7296,2025-11-01 00:00:00,2025,11,1,0,5,Sat,Nov,0.11,0.11,46035,231,25.95,low,00:00,OP
7297,2025-11-01 01:00:00,2025,11,1,1,5,Sat,Nov,0.1034,0.1034,46035,231,24.4,low,01:00,OP
7298,2025-11-01 02:00:00,2025,11,1,2,5,Sat,Nov,0.1073,0.1073,46035,231,25.32,low,02:00,OP
7299,2025-11-01 03:00:00,2025,11,1,3,5,Sat,Nov,0.1261,0.1261,46035,231,29.75,low,03:00,OP
7300,2025-11-01 04:00:00,2025,11,1,4,5,Sat,Nov,0.1426,0.1426,46035,231,33.65,low,04:00,OP
7301,2025-11-01 05:00:00,2025,11,1,5,5,Sat,Nov,0.1505,0.1505,46035,231,35.52,low,05:00,OP
7302,2025-11-01 06:00:00,2025,11,1,6,5,Sat,Nov,0.1655,0.1655,46035,231,39.05,low,06:00,OP
7303,2025-11-01 07:00:00,2025,11,1,7,5,Sat,Nov,0.3932,0.3932,46035,231,92.78,low,07:00,STD
7304,2025-11-01 08:00:00,2025,11,1,8,5,Sat,Nov,0.379,0.379,46035,231,89.43,low,08:00,STD
7305,2025-11-01 09:00:00,2025,11,1,9,5,Sat,Nov,0.3775,0.3775,46035,231,89.07,low,09:00,STD
7306,2025-11-01 10:00:00,2025,11,1,10,5,Sat,Nov,0.3608,0.3608,46035,231,85.13,low,10:00,STD
7307,2025-11-01 11:00:00,2025,11,1,11,5,Sat,Nov,0.3558,0.3558,46035,231,83.96,low,11:00,STD
7308,2025-11-01 12:00:00,2025,11,1,12,5,Sat,Nov,0.1722,0.1722,46035,231,40.64,low,12:00,OP
7309,2025-11-01 13:00:00,2025,11,1,13,5,Sat,Nov,0.1653,0.1653,46035,231,39.0,low,13:00,OP
7310,2025-11-01 14:00:00,2025,11,1,14,5,Sat,Nov,0.1541,0.1541,46035,231,36.36,low,14:00,OP
7311,2025-11-01 15:00:00,2025,11,1,15,5,Sat,Nov,0.1547,0.1547,46035,231,36.51,low,15:00,OP
7312,2025-11-01 16:00:00,2025,11,1,16,5,Sat,Nov,0.1634,0.1634,46035,231,38.56,low,16:00,OP
7313,2025-11-01 17:00:00,2025,11,1,17,5,Sat,Nov,0.3292,0.3292,46035,231,77.68,low,17:00,OP
7314,2025-11-01 18:00:00,2025,11,1,18,5,Sat,Nov,0.521,0.521,46035,231,122.94,low,18:00,STD
7315,2025-11-01 19:00:00,2025,11,1,19,5,Sat,Nov,0.3252,0.3252,46035,231,76.73,low,19:00,STD
7316,2025-11-01 20:00:00,2025,11,1,20,5,Sat,Nov,0.1437,0.1437,46035,231,33.91,low,20:00,OP
7317,2025-11-01 21:00:00,2025,11,1,21,5,Sat,Nov,0.1337,0.1337,46035,231,31.54,low,21:00,OP
7318,2025-11-01 22:00:00,2025,11,1,22,5,Sat,Nov,0.1291,0.1291,46035,231,30.46,low,22:00,OP
7319,2025-11-01 23:00:00,2025,11,1,23,5,Sat,Nov,0.0971,0.1,46035,231,23.6,low,23:00,OP
7320,2025-11-02 00:00:00,2025,11,2,0,6,Sun,Nov,0.11,0.11,46035,231,25.95,low,00:00,OP
7321,2025-11-02 01:00:00,2025,11,2,1,6,Sun,Nov,0.1034,0.1034,46035,231,24.4,low,01:00,OP
7322,2025-11-02 02:00:00,2025,11,2,2,6,Sun,Nov,0.1073,0.1073,46035,231,25.32,low,02:00,OP
7323,2025-11-02 03:00:00,2025,11,2,3,6,Sun,Nov,0.1261,0.1261,46035,231,29.75,low,03:00,OP
7324,2025-11-02 04:00:00,2025,11,2,4,6,Sun,Nov,0.1426,0.1426,46035,231,33.65,low,04:00,OP
7325,2025-11-02 05:00:00,2025,11,2,5,6,Sun,Nov,0.1505,0.1505,46035,231,35.52,low,05:00,OP
7326,2025-11-02 06:00:00,2025,11,2,6,6,Sun,Nov,0.1655,0.1655,46035,231,39.05,low,06:00,OP
7327,2025-11-02 07:00:00,2025,11,2,7,6,Sun,Nov,0.3932,0.3932,46035,231,92.78,low,07:00,OP
7328,2025-11-02 08:00:00,2025,11,2,8,6,Sun,Nov,0.379,0.379,46035,231,89.43,low,08:00,OP
7329,2025-11-02 09:00:00,2025,11,2,9,6,Sun,Nov,0.3775,0.3775,46035,231,89.07,low,09:00,OP
7330,2025-11-02 10:00:00,2025,11,2,10,6,Sun,Nov,0.3608,0.3608,46035,231,85.13,low,10:00,OP
7331,2025-11-02 11:00:00,2025,11,2,11,6,Sun,Nov,0.3558,0.3558,46035,231,83.96,low,11:00,OP
7332,2025-11-02 12:00:00,2025,11,2,12,6,Sun,Nov,0.1722,0.1722,46035,231,40.64,low,12:00,OP
7333,2025-11-02 13:00:00,2025,11,2,13,6,Sun,Nov,0.1653,0.1653,46035,231,39.0,low,13:00,OP
7334,2025-11-02 14:00:00,2025,11,2,14,6,Sun,Nov,0.1541,0.1541,46035,231,36.36,low,14:00,OP
7335,2025-11-02 15:00:00,2025,11,2,15,6,Sun,Nov,0.1547,0.1547,46035,231,36.51,low,15:00,OP
7336,2025-11-02 16:00:00,2025,11,2,16,6,Sun,Nov,0.1634,0.1634,46035,231,38.56,low,16:00,OP
7337,2025-11-02 17:00:00,2025,11,2,17,6,Sun,Nov,0.3292,0.3292,46035,231,77.68,low,17:00,OP
7338,2025-11-02 18:00:00,2025,11,2,18,6,Sun,Nov,0.521,0.521,46035,231,122.94,low,18:00,STD
7339,2025-11-02 19:00:00,2025,11,2,19,6,Sun,Nov,0.3252,0.3252,46035,231,76.73,low,19:00,STD
7340,2025-11-02 20:00:00,2025,11,2,20,6,Sun,Nov,0.1437,0.1437,46035,231,33.91,low,20:00,OP
7341,2025-11-02 21:00:00,2025,11,2,21,6,Sun,Nov,0.1337,0.1337,46035,231,31.54,low,21:00,OP
7342,2025-11-02 22:00:00,2025,11,2,22,6,Sun,Nov,0.1291,0.1291,46035,231,30.46,low,22:00,OP
7343,2025-11-02 23:00:00,2025,11,2,23,6,Sun,Nov,0.0971,0.1,46035,231,23.6,low,23:00,OP
7344,2025-11-03 00:00:00,2025,11,3,0,0,Weekday,Nov,0.1105,0.1105,46035,231,26.08,low,00:00,OP
7345,2025-11-03 01:00:00,2025,11,3,1,0,Weekday,Nov,0.1022,0.1022,46035,231,24.12,low,01:00,OP
7346,2025-11-03 02:00:00,2025,11,3,2,0,Weekday,Nov,0.1079,0.1079,46035,231,25.46,low,02:00,OP
7347,2025-11-03 03:00:00,2025,11,3,3,0,Weekday,Nov,0.1285,0.1285,46035,231,30.32,low,03:00,OP
7348,2025-11-03 04:00:00,2025,11,3,4,0,Weekday,Nov,0.1432,0.1432,46035,231,33.79,low,04:00,OP
7349,2025-11-03 05:00:00,2025,11,3,5,0,Weekday,Nov,0.157,0.157,46035,231,37.05,low,05:00,OP
7350,2025-11-03 06:00:00,2025,11,3,6,0,Weekday,Nov,0.289,0.289,46035,231,68.2,low,06:00,STD
7351,2025-11-03 07:00:00,2025,11,3,7,0,Weekday,Nov,0.046,0.1,46035,231,23.6,low,07:00,PK
7352,2025-11-03 08:00:00,2025,11,3,8,0,Weekday,Nov,0.3365,0.3365,46035,231,79.4,low,08:00,PK
7353,2025-11-03 09:00:00,2025,11,3,9,0,Weekday,Nov,0.6077,0.6077,46035,231,143.4,low,09:00,STD
7354,2025-11-03 10:00:00,2025,11,3,10,0,Weekday,Nov,0.5644,0.5644,46035,231,133.18,low,10:00,STD
7355,2025-11-03 11:00:00,2025,11,3,11,0,Weekday,Nov,0.5577,0.5577,46035,231,131.6,low,11:00,STD
7356,2025-11-03 12:00:00,2025,11,3,12,0,Weekday,Nov,0.5319,0.5319,46035,231,125.51,low,12:00,STD
7357,2025-11-03 13:00:00,2025,11,3,13,0,Weekday,Nov,0.5076,0.5076,46035,231,119.78,low,13:00,STD
7358,2025-11-03 14:00:00,2025,11,3,14,0,Weekday,Nov,0.4855,0.4855,46035,231,114.56,low,14:00,STD
7359,2025-11-03 15:00:00,2025,11,3,15,0,Weekday,Nov,0.4967,0.4967,46035,231,117.21,low,15:00,STD
7360,2025-11-03 16:00:00,2025,11,3,16,0,Weekday,Nov,0.5252,0.5252,46035,231,123.93,low,16:00,STD
7361,2025-11-03 17:00:00,2025,11,3,17,0,Weekday,Nov,0.2875,0.2875,46035,231,67.84,low,17:00,STD
7362,2025-11-03 18:00:00,2025,11,3,18,0,Weekday,Nov,0.0394,0.1,46035,231,23.6,low,18:00,PK
7363,2025-11-03 19:00:00,2025,11,3,19,0,Weekday,Nov,0.0369,0.1,46035,231,23.6,low,19:00,PK
7364,2025-11-03 20:00:00,2025,11,3,20,0,Weekday,Nov,0.2441,0.2441,46035,231,57.6,low,20:00,PK
7365,2025-11-03 21:00:00,2025,11,3,21,0,Weekday,Nov,0.4107,0.4107,46035,231,96.91,low,21:00,STD
7366,2025-11-03 22:00:00,2025,11,3,22,0,Weekday,Nov,0.1291,0.1291,46035,231,30.46,low,22:00,OP
7367,2025-11-03 23:00:00,2025,11,3,23,0,Weekday,Nov,0.0986,0.1,46035,231,23.6,low,23:00,OP
7368,2025-11-04 00:00:00,2025,11,4,0,1,Weekday,Nov,0.1105,0.1105,46035,231,26.08,low,00:00,OP
7369,2025-11-04 01:00:00,2025,11,4,1,1,Weekday,Nov,0.1022,0.1022,46035,231,24.12,low,01:00,OP
7370,2025-11-04 02:00:00,2025,11,4,2,1,Weekday,Nov,0.1079,0.1079,46035,231,25.46,low,02:00,OP
7371,2025-11-04 03:00:00,2025,11,4,3,1,Weekday,Nov,0.1285,0.1285,46035,231,30.32,low,03:00,OP
7372,2025-11-04 04:00:00,2025,11,4,4,1,Weekday,Nov,0.1432,0.1432,46035,231,33.79,low,04:00,OP
7373,2025-11-04 05:00:00,2025,11,4,5,1,Weekday,Nov,0.157,0.157,46035,231,37.05,low,05:00,OP
7374,2025-11-04 06:00:00,2025,11,4,6,1,Weekday,Nov,0.289,0.289,46035,231,68.2,low,06:00,STD
7375,2025-11-04 07:00:00,2025,11,4,7,1,Weekday,Nov,0.046,0.1,46035,231,23.6,low,07:00,PK
7376,2025-11-04 08:00:00,2025,11,4,8,1,Weekday,Nov,0.3365,0.3365,46035,231,79.4,low,08:00,PK
7377,2025-11-04 09:00:00,2025,11,4,9,1,Weekday,Nov,0.6077,0.6077,46035,231,143.4,low,09:00,STD
7378,2025-11-04 10:00:00,2025,11,4,10,1,Weekday,Nov,0.5644,0.5644,46035,231,133.18,low,10:00,STD
7379,2025-11-04 11:00:00,2025,11,4,11,1,Weekday,Nov,0.5577,0.5577,46035,231,131.6,low,11:00,STD
7380,2025-11-04 12:00:00,2025,11,4,12,1,Weekday,Nov,0.5319,0.5319,46035,231,125.51,low,12:00,STD
7381,2025-11-04 13:00:00,2025,11,4,13,1,Weekday,Nov,0.5076,0.5076,46035,231,119.78,low,13:00,STD
7382,2025-11-04 14:00:00,2025,11,4,14,1,Weekday,Nov,0.4855,0.4855,46035,231,114.56,low,14:00,STD
7383,2025-11-04 15:00:00,2025,11,4,15,1,Weekday,Nov,0.4967,0.4967,46035,231,117.21,low,15:00,STD
7384,2025-11-04 16:00:00,2025,11,4,16,1,Weekday,Nov,0.5252,0.5252,46035,231,123.93,low,16:00,STD
7385,2025-11-04 17:00:00,2025,11,4,17,1,Weekday,Nov,0.2875,0.2875,46035,231,67.84,low,17:00,STD
7386,2025-11-04 18:00:00,2025,11,4,18,1,Weekday,Nov,0.0394,0.1,46035,231,23.6,low,18:00,PK
7387,2025-11-04 19:00:00,2025,11,4,19,1,Weekday,Nov,0.0369,0.1,46035,231,23.6,low,19:00,PK
7388,2025-11-04 20:00:00,2025,11,4,20,1,Weekday,Nov,0.2441,0.2441,46035,231,57.6,low,20:00,PK
7389,2025-11-04 21:00:00,2025,11,4,21,1,Weekday,Nov,0.4107,0.4107,46035,231,96.91,low,21:00,STD
7390,2025-11-04 22:00:00,2025,11,4,22,1,Weekday,Nov,0.1291,0.1291,46035,231,30.46,low,22:00,OP
7391,2025-11-04 23:00:00,2025,11,4,23,1,Weekday,Nov,0.0986,0.1,46035,231,23.6,low,23:00,OP
7392,2025-11-05 00:00:00,2025,11,5,0,2,Weekday,Nov,0.1105,0.1105,46035,231,26.08,low,00:00,OP
7393,2025-11-05 01:00:00,2025,11,5,1,2,Weekday,Nov,0.1022,0.1022,46035,231,24.12,low,01:00,OP
7394,2025-11-05 02:00:00,2025,11,5,2,2,Weekday,Nov,0.1079,0.1079,46035,231,25.46,low,02:00,OP
7395,2025-11-05 03:00:00,2025,11,5,3,2,Weekday,Nov,0.1285,0.1285,46035,231,30.32,low,03:00,OP
7396,2025-11-05 04:00:00,2025,11,5,4,2,Weekday,Nov,0.1432,0.1432,46035,231,33.79,low,04:00,OP
7397,2025-11-05 05:00:00,2025,11,5,5,2,Weekday,Nov,0.157,0.157,46035,231,37.05,low,05:00,OP
7398,2025-11-05 06:00:00,2025,11,5,6,2,Weekday,Nov,0.289,0.289,46035,231,68.2,low,06:00,STD
7399,2025-11-05 07:00:00,2025,11,5,7,2,Weekday,Nov,0.046,0.1,46035,231,23.6,low,07:00,PK
7400,2025-11-05 08:00:00,2025,11,5,8,2,Weekday,Nov,0.3365,0.3365,46035,231,79.4,low,08:00,PK
7401,2025-11-05 09:00:00,2025,11,5,9,2,Weekday,Nov,0.6077,0.6077,46035,231,143.4,low,09:00,STD
7402,2025-11-05 10:00:00,2025,11,5,10,2,Weekday,Nov,0.5644,0.5644,46035,231,133.18,low,10:00,STD
7403,2025-11-05 11:00:00,2025,11,5,11,2,Weekday,Nov,0.5577,0.5577,46035,231,131.6,low,11:00,STD
7404,2025-11-05 12:00:00,2025,11,5,12,2,Weekday,Nov,0.5319,0.5319,46035,231,125.51,low,12:00,STD
7405,2025-11-05 13:00:00,2025,11,5,13,2,Weekday,Nov,0.5076,0.5076,46035,231,119.78,low,13:00,STD
7406,2025-11-05 14:00:00,2025,11,5,14,2,Weekday,Nov,0.4855,0.4855,46035,231,114.56,low,14:00,STD
7407,2025-11-05 15:00:00,2025,11,5,15,2,Weekday,Nov,0.4967,0.4967,46035,231,117.21,low,15:00,STD
7408,2025-11-05 16:00:00,2025,11,5,16,2,Weekday,Nov,0.5252,0.5252,46035,231,123.93,low,16:00,STD
7409,2025-11-05 17:00:00,2025,11,5,17,2,Weekday,Nov,0.2875,0.2875,46035,231,67.84,low,17:00,STD
7410,2025-11-05 18:00:00,2025,11,5,18,2,Weekday,Nov,0.0394,0.1,46035,231,23.6,low,18:00,PK
7411,2025-11-05 19:00:00,2025,11,5,19,2,Weekday,Nov,0.0369,0.1,46035,231,23.6,low,19:00,PK
7412,2025-11-05 20:00:00,2025,11,5,20,2,Weekday,Nov,0.2441,0.2441,46035,231,57.6,low,20:00,PK
7413,2025-11-05 21:00:00,2025,11,5,21,2,Weekday,Nov,0.4107,0.4107,46035,231,96.91,low,21:00,STD
7414,2025-11-05 22:00:00,2025,11,5,22,2,Weekday,Nov,0.1291,0.1291,46035,231,30.46,low,22:00,OP
7415,2025-11-05 23:00:00,2025,11,5,23,2,Weekday,Nov,0.0986,0.1,46035,231,23.6,low,23:00,OP
7416,2025-11-06 00:00:00,2025,11,6,0,3,Weekday,Nov,0.1105,0.1105,46035,231,26.08,low,00:00,OP
7417,2025-11-06 01:00:00,2025,11,6,1,3,Weekday,Nov,0.1022,0.1022,46035,231,24.12,low,01:00,OP
7418,2025-11-06 02:00:00,2025,11,6,2,3,Weekday,Nov,0.1079,0.1079,46035,231,25.46,low,02:00,OP
7419,2025-11-06 03:00:00,2025,11,6,3,3,Weekday,Nov,0.1285,0.1285,46035,231,30.32,low,03:00,OP
7420,2025-11-06 04:00:00,2025,11,6,4,3,Weekday,Nov,0.1432,0.1432,46035,231,33.79,low,04:00,OP
7421,2025-11-06 05:00:00,2025,11,6,5,3,Weekday,Nov,0.157,0.157,46035,231,37.05,low,05:00,OP
7422,2025-11-06 06:00:00,2025,11,6,6,3,Weekday,Nov,0.289,0.289,46035,231,68.2,low,06:00,STD
7423,2025-11-06 07:00:00,2025,11,6,7,3,Weekday,Nov,0.046,0.1,46035,231,23.6,low,07:00,PK
7424,2025-11-06 08:00:00,2025,11,6,8,3,Weekday,Nov,0.3365,0.3365,46035,231,79.4,low,08:00,PK
7425,2025-11-06 09:00:00,2025,11,6,9,3,Weekday,Nov,0.6077,0.6077,46035,231,143.4,low,09:00,STD
7426,2025-11-06 10:00:00,2025,11,6,10,3,Weekday,Nov,0.5644,0.5644,46035,231,133.18,low,10:00,STD
7427,2025-11-06 11:00:00,2025,11,6,11,3,Weekday,Nov,0.5577,0.5577,46035,231,131.6,low,11:00,STD
7428,2025-11-06 12:00:00,2025,11,6,12,3,Weekday,Nov,0.5319,0.5319,46035,231,125.51,low,12:00,STD
7429,2025-11-06 13:00:00,2025,11,6,13,3,Weekday,Nov,0.5076,0.5076,46035,231,119.78,low,13:00,STD
7430,2025-11-06 14:00:00,2025,11,6,14,3,Weekday,Nov,0.4855,0.4855,46035,231,114.56,low,14:00,STD
7431,2025-11-06 15:00:00,2025,11,6,15,3,Weekday,Nov,0.4967,0.4967,46035,231,117.21,low,15:00,STD
7432,2025-11-06 16:00:00,2025,11,6,16,3,Weekday,Nov,0.5252,0.5252,46035,231,123.93,low,16:00,STD
7433,2025-11-06 17:00:00,2025,11,6,17,3,Weekday,Nov,0.2875,0.2875,46035,231,67.84,low,17:00,STD
7434,2025-11-06 18:00:00,2025,11,6,18,3,Weekday,Nov,0.0394,0.1,46035,231,23.6,low,18:00,PK
7435,2025-11-06 19:00:00,2025,11,6,19,3,Weekday,Nov,0.0369,0.1,46035,231,23.6,low,19:00,PK
7436,2025-11-06 20:00:00,2025,11,6,20,3,Weekday,Nov,0.2441,0.2441,46035,231,57.6,low,20:00,PK
7437,2025-11-06 21:00:00,2025,11,6,21,3,Weekday,Nov,0.4107,0.4107,46035,231,96.91,low,21:00,STD
7438,2025-11-06 22:00:00,2025,11,6,22,3,Weekday,Nov,0.1291,0.1291,46035,231,30.46,low,22:00,OP
7439,2025-11-06 23:00:00,2025,11,6,23,3,Weekday,Nov,0.0986,0.1,46035,231,23.6,low,23:00,OP
7440,2025-11-07 00:00:00,2025,11,7,0,4,Weekday,Nov,0.1105,0.1105,46035,231,26.08,low,00:00,OP
7441,2025-11-07 01:00:00,2025,11,7,1,4,Weekday,Nov,0.1022,0.1022,46035,231,24.12,low,01:00,OP
7442,2025-11-07 02:00:00,2025,11,7,2,4,Weekday,Nov,0.1079,0.1079,46035,231,25.46,low,02:00,OP
7443,2025-11-07 03:00:00,2025,11,7,3,4,Weekday,Nov,0.1285,0.1285,46035,231,30.32,low,03:00,OP
7444,2025-11-07 04:00:00,2025,11,7,4,4,Weekday,Nov,0.1432,0.1432,46035,231,33.79,low,04:00,OP
7445,2025-11-07 05:00:00,2025,11,7,5,4,Weekday,Nov,0.157,0.157,46035,231,37.05,low,05:00,OP
7446,2025-11-07 06:00:00,2025,11,7,6,4,Weekday,Nov,0.289,0.289,46035,231,68.2,low,06:00,STD
7447,2025-11-07 07:00:00,2025,11,7,7,4,Weekday,Nov,0.046,0.1,46035,231,23.6,low,07:00,PK
7448,2025-11-07 08:00:00,2025,11,7,8,4,Weekday,Nov,0.3365,0.3365,46035,231,79.4,low,08:00,PK
7449,2025-11-07 09:00:00,2025,11,7,9,4,Weekday,Nov,0.6077,0.6077,46035,231,143.4,low,09:00,STD
7450,2025-11-07 10:00:00,2025,11,7,10,4,Weekday,Nov,0.5644,0.5644,46035,231,133.18,low,10:00,STD
7451,2025-11-07 11:00:00,2025,11,7,11,4,Weekday,Nov,0.5577,0.5577,46035,231,131.6,low,11:00,STD
7452,2025-11-07 12:00:00,2025,11,7,12,4,Weekday,Nov,0.5319,0.5319,46035,231,125.51,low,12:00,STD
7453,2025-11-07 13:00:00,2025,11,7,13,4,Weekday,Nov,0.5076,0.5076,46035,231,119.78,low,13:00,STD
7454,2025-11-07 14:00:00,2025,11,7,14,4,Weekday,Nov,0.4855,0.4855,46035,231,114.56,low,14:00,STD
7455,2025-11-07 15:00:00,2025,11,7,15,4,Weekday,Nov,0.4967,0.4967,46035,231,117.21,low,15:00,STD
7456,2025-11-07 16:00:00,2025,11,7,16,4,Weekday,Nov,0.5252,0.5252,46035,231,123.93,low,16:00,STD
7457,2025-11-07 17:00:00,2025,11,7,17,4,Weekday,Nov,0.2875,0.2875,46035,231,67.84,low,17:00,STD
7458,2025-11-07 18:00:00,2025,11,7,18,4,Weekday,Nov,0.0394,0.1,46035,231,23.6,low,18:00,PK
7459,2025-11-07 19:00:00,2025,11,7,19,4,Weekday,Nov,0.0369,0.1,46035,231,23.6,low,19:00,PK
7460,2025-11-07 20:00:00,2025,11,7,20,4,Weekday,Nov,0.2441,0.2441,46035,231,57.6,low,20:00,PK
7461,2025-11-07 21:00:00,2025,11,7,21,4,Weekday,Nov,0.4107,0.4107,46035,231,96.91,low,21:00,STD
7462,2025-11-07 22:00:00,2025,11,7,22,4,Weekday,Nov,0.1291,0.1291,46035,231,30.46,low,22:00,OP
7463,2025-11-07 23:00:00,2025,11,7,23,4,Weekday,Nov,0.0986,0.1,46035,231,23.6,low,23:00,OP
7464,2025-11-08 00:00:00,2025,11,8,0,5,Sat,Nov,0.11,0.11,46035,231,25.95,low,00:00,OP
7465,2025-11-08 01:00:00,2025,11,8,1,5,Sat,Nov,0.1034,0.1034,46035,231,24.4,low,01:00,OP
7466,2025-11-08 02:00:00,2025,11,8,2,5,Sat,Nov,0.1073,0.1073,46035,231,25.32,low,02:00,OP
7467,2025-11-08 03:00:00,2025,11,8,3,5,Sat,Nov,0.1261,0.1261,46035,231,29.75,low,03:00,OP
7468,2025-11-08 04:00:00,2025,11,8,4,5,Sat,Nov,0.1426,0.1426,46035,231,33.65,low,04:00,OP
7469,2025-11-08 05:00:00,2025,11,8,5,5,Sat,Nov,0.1505,0.1505,46035,231,35.52,low,05:00,OP
7470,2025-11-08 06:00:00,2025,11,8,6,5,Sat,Nov,0.1655,0.1655,46035,231,39.05,low,06:00,OP
7471,2025-11-08 07:00:00,2025,11,8,7,5,Sat,Nov,0.3932,0.3932,46035,231,92.78,low,07:00,STD
7472,2025-11-08 08:00:00,2025,11,8,8,5,Sat,Nov,0.379,0.379,46035,231,89.43,low,08:00,STD
7473,2025-11-08 09:00:00,2025,11,8,9,5,Sat,Nov,0.3775,0.3775,46035,231,89.07,low,09:00,STD
7474,2025-11-08 10:00:00,2025,11,8,10,5,Sat,Nov,0.3608,0.3608,46035,231,85.13,low,10:00,STD
7475,2025-11-08 11:00:00,2025,11,8,11,5,Sat,Nov,0.3558,0.3558,46035,231,83.96,low,11:00,STD
7476,2025-11-08 12:00:00,2025,11,8,12,5,Sat,Nov,0.1722,0.1722,46035,231,40.64,low,12:00,OP
7477,2025-11-08 13:00:00,2025,11,8,13,5,Sat,Nov,0.1653,0.1653,46035,231,39.0,low,13:00,OP
7478,2025-11-08 14:00:00,2025,11,8,14,5,Sat,Nov,0.1541,0.1541,46035,231,36.36,low,14:00,OP
7479,2025-11-08 15:00:00,2025,11,8,15,5,Sat,Nov,0.1547,0.1547,46035,231,36.51,low,15:00,OP
7480,2025-11-08 16:00:00,2025,11,8,16,5,Sat,Nov,0.1634,0.1634,46035,231,38.56,low,16:00,OP
7481,2025-11-08 17:00:00,2025,11,8,17,5,Sat,Nov,0.3292,0.3292,46035,231,77.68,low,17:00,OP
7482,2025-11-08 18:00:00,2025,11,8,18,5,Sat,Nov,0.521,0.521,46035,231,122.94,low,18:00,STD
7483,2025-11-08 19:00:00,2025,11,8,19,5,Sat,Nov,0.3252,0.3252,46035,231,76.73,low,19:00,STD
7484,2025-11-08 20:00:00,2025,11,8,20,5,Sat,Nov,0.1437,0.1437,46035,231,33.91,low,20:00,OP
7485,2025-11-08 21:00:00,2025,11,8,21,5,Sat,Nov,0.1337,0.1337,46035,231,31.54,low,21:00,OP
7486,2025-11-08 22:00:00,2025,11,8,22,5,Sat,Nov,0.1291,0.1291,46035,231,30.46,low,22:00,OP
7487,2025-11-08 23:00:00,2025,11,8,23,5,Sat,Nov,0.0971,0.1,46035,231,23.6,low,23:00,OP
7488,2025-11-09 00:00:00,2025,11,9,0,6,Sun,Nov,0.11,0.11,46035,231,25.95,low,00:00,OP
7489,2025-11-09 01:00:00,2025,11,9,1,6,Sun,Nov,0.1034,0.1034,46035,231,24.4,low,01:00,OP
7490,2025-11-09 02:00:00,2025,11,9,2,6,Sun,Nov,0.1073,0.1073,46035,231,25.32,low,02:00,OP
7491,2025-11-09 03:00:00,2025,11,9,3,6,Sun,Nov,0.1261,0.1261,46035,231,29.75,low,03:00,OP
7492,2025-11-09 04:00:00,2025,11,9,4,6,Sun,Nov,0.1426,0.1426,46035,231,33.65,low,04:00,OP
7493,2025-11-09 05:00:00,2025,11,9,5,6,Sun,Nov,0.1505,0.1505,46035,231,35.52,low,05:00,OP
7494,2025-11-09 06:00:00,2025,11,9,6,6,Sun,Nov,0.1655,0.1655,46035,231,39.05,low,06:00,OP
7495,2025-11-09 07:00:00,2025,11,9,7,6,Sun,Nov,0.3932,0.3932,46035,231,92.78,low,07:00,OP
7496,2025-11-09 08:00:00,2025,11,9,8,6,Sun,Nov,0.379,0.379,46035,231,89.43,low,08:00,OP
7497,2025-11-09 09:00:00,2025,11,9,9,6,Sun,Nov,0.3775,0.3775,46035,231,89.07,low,09:00,OP
7498,2025-11-09 10:00:00,2025,11,9,10,6,Sun,Nov,0.3608,0.3608,46035,231,85.13,low,10:00,OP
7499,2025-11-09 11:00:00,2025,11,9,11,6,Sun,Nov,0.3558,0.3558,46035,231,83.96,low,11:00,OP
7500,2025-11-09 12:00:00,2025,11,9,12,6,Sun,Nov,0.1722,0.1722,46035,231,40.64,low,12:00,OP
7501,2025-11-09 13:00:00,2025,11,9,13,6,Sun,Nov,0.1653,0.1653,46035,231,39.0,low,13:00,OP
7502,2025-11-09 14:00:00,2025,11,9,14,6,Sun,Nov,0.1541,0.1541,46035,231,36.36,low,14:00,OP
7503,2025-11-09 15:00:00,2025,11,9,15,6,Sun,Nov,0.1547,0.1547,46035,231,36.51,low,15:00,OP
7504,2025-11-09 16:00:00,2025,11,9,16,6,Sun,Nov,0.1634,0.1634,46035,231,38.56,low,16:00,OP
7505,2025-11-09 17:00:00,2025,11,9,17,6,Sun,Nov,0.3292,0.3292,46035,231,77.68,low,17:00,OP
7506,2025-11-09 18:00:00,2025,11,9,18,6,Sun,Nov,0.521,0.521,46035,231,122.94,low,18:00,STD
7507,2025-11-09 19:00:00,2025,11,9,19,6,Sun,Nov,0.3252,0.3252,46035,231,76.73,low,19:00,STD
7508,2025-11-09 20:00:00,2025,11,9,20,6,Sun,Nov,0.1437,0.1437,46035,231,33.91,low,20:00,OP
7509,2025-11-09 21:00:00,2025,11,9,21,6,Sun,Nov,0.1337,0.1337,46035,231,31.54,low,21:00,OP
7510,2025-11-09 22:00:00,2025,11,9,22,6,Sun,Nov,0.1291,0.1291,46035,231,30.46,low,22:00,OP
7511,2025-11-09 23:00:00,2025,11,9,23,6,Sun,Nov,0.0971,0.1,46035,231,23.6,low,23:00,OP
7512,2025-11-10 00:00:00,2025,11,10,0,0,Weekday,Nov,0.1105,0.1105,46035,231,26.08,low,00:00,OP
7513,2025-11-10 01:00:00,2025,11,10,1,0,Weekday,Nov,0.1022,0.1022,46035,231,24.12,low,01:00,OP
7514,2025-11-10 02:00:00,2025,11,10,2,0,Weekday,Nov,0.1079,0.1079,46035,231,25.46,low,02:00,OP
7515,2025-11-10 03:00:00,2025,11,10,3,0,Weekday,Nov,0.1285,0.1285,46035,231,30.32,low,03:00,OP
7516,2025-11-10 04:00:00,2025,11,10,4,0,Weekday,Nov,0.1432,0.1432,46035,231,33.79,low,04:00,OP
7517,2025-11-10 05:00:00,2025,11,10,5,0,Weekday,Nov,0.157,0.157,46035,231,37.05,low,05:00,OP
7518,2025-11-10 06:00:00,2025,11,10,6,0,Weekday,Nov,0.289,0.289,46035,231,68.2,low,06:00,STD
7519,2025-11-10 07:00:00,2025,11,10,7,0,Weekday,Nov,0.046,0.1,46035,231,23.6,low,07:00,PK
7520,2025-11-10 08:00:00,2025,11,10,8,0,Weekday,Nov,0.3365,0.3365,46035,231,79.4,low,08:00,PK
7521,2025-11-10 09:00:00,2025,11,10,9,0,Weekday,Nov,0.6077,0.6077,46035,231,143.4,low,09:00,STD
7522,2025-11-10 10:00:00,2025,11,10,10,0,Weekday,Nov,0.5644,0.5644,46035,231,133.18,low,10:00,STD
7523,2025-11-10 11:00:00,2025,11,10,11,0,Weekday,Nov,0.5577,0.5577,46035,231,131.6,low,11:00,STD
7524,2025-11-10 12:00:00,2025,11,10,12,0,Weekday,Nov,0.5319,0.5319,46035,231,125.51,low,12:00,STD
7525,2025-11-10 13:00:00,2025,11,10,13,0,Weekday,Nov,0.5076,0.5076,46035,231,119.78,low,13:00,STD
7526,2025-11-10 14:00:00,2025,11,10,14,0,Weekday,Nov,0.4855,0.4855,46035,231,114.56,low,14:00,STD
7527,2025-11-10 15:00:00,2025,11,10,15,0,Weekday,Nov,0.4967,0.4967,46035,231,117.21,low,15:00,STD
7528,2025-11-10 16:00:00,2025,11,10,16,0,Weekday,Nov,0.5252,0.5252,46035,231,123.93,low,16:00,STD
7529,2025-11-10 17:00:00,2025,11,10,17,0,Weekday,Nov,0.2875,0.2875,46035,231,67.84,low,17:00,STD
7530,2025-11-10 18:00:00,2025,11,10,18,0,Weekday,Nov,0.0394,0.1,46035,231,23.6,low,18:00,PK
7531,2025-11-10 19:00:00,2025,11,10,19,0,Weekday,Nov,0.0369,0.1,46035,231,23.6,low,19:00,PK
7532,2025-11-10 20:00:00,2025,11,10,20,0,Weekday,Nov,0.2441,0.2441,46035,231,57.6,low,20:00,PK
7533,2025-11-10 21:00:00,2025,11,10,21,0,Weekday,Nov,0.4107,0.4107,46035,231,96.91,low,21:00,STD
7534,2025-11-10 22:00:00,2025,11,10,22,0,Weekday,Nov,0.1291,0.1291,46035,231,30.46,low,22:00,OP
7535,2025-11-10 23:00:00,2025,11,10,23,0,Weekday,Nov,0.0986,0.1,46035,231,23.6,low,23:00,OP
7536,2025-11-11 00:00:00,2025,11,11,0,1,Weekday,Nov,0.1105,0.1105,46035,231,26.08,low,00:00,OP
7537,2025-11-11 01:00:00,2025,11,11,1,1,Weekday,Nov,0.1022,0.1022,46035,231,24.12,low,01:00,OP
7538,2025-11-11 02:00:00,2025,11,11,2,1,Weekday,Nov,0.1079,0.1079,46035,231,25.46,low,02:00,OP
7539,2025-11-11 03:00:00,2025,11,11,3,1,Weekday,Nov,0.1285,0.1285,46035,231,30.32,low,03:00,OP
7540,2025-11-11 04:00:00,2025,11,11,4,1,Weekday,Nov,0.1432,0.1432,46035,231,33.79,low,04:00,OP
7541,2025-11-11 05:00:00,2025,11,11,5,1,Weekday,Nov,0.157,0.157,46035,231,37.05,low,05:00,OP
7542,2025-11-11 06:00:00,2025,11,11,6,1,Weekday,Nov,0.289,0.289,46035,231,68.2,low,06:00,STD
7543,2025-11-11 07:00:00,2025,11,11,7,1,Weekday,Nov,0.046,0.1,46035,231,23.6,low,07:00,PK
7544,2025-11-11 08:00:00,2025,11,11,8,1,Weekday,Nov,0.3365,0.3365,46035,231,79.4,low,08:00,PK
7545,2025-11-11 09:00:00,2025,11,11,9,1,Weekday,Nov,0.6077,0.6077,46035,231,143.4,low,09:00,STD
7546,2025-11-11 10:00:00,2025,11,11,10,1,Weekday,Nov,0.5644,0.5644,46035,231,133.18,low,10:00,STD
7547,2025-11-11 11:00:00,2025,11,11,11,1,Weekday,Nov,0.5577,0.5577,46035,231,131.6,low,11:00,STD
7548,2025-11-11 12:00:00,2025,11,11,12,1,Weekday,Nov,0.5319,0.5319,46035,231,125.51,low,12:00,STD
7549,2025-11-11 13:00:00,2025,11,11,13,1,Weekday,Nov,0.5076,0.5076,46035,231,119.78,low,13:00,STD
7550,2025-11-11 14:00:00,2025,11,11,14,1,Weekday,Nov,0.4855,0.4855,46035,231,114.56,low,14:00,STD
7551,2025-11-11 15:00:00,2025,11,11,15,1,Weekday,Nov,0.4967,0.4967,46035,231,117.21,low,15:00,STD
7552,2025-11-11 16:00:00,2025,11,11,16,1,Weekday,Nov,0.5252,0.5252,46035,231,123.93,low,16:00,STD
7553,2025-11-11 17:00:00,2025,11,11,17,1,Weekday,Nov,0.2875,0.2875,46035,231,67.84,low,17:00,STD
7554,2025-11-11 18:00:00,2025,11,11,18,1,Weekday,Nov,0.0394,0.1,46035,231,23.6,low,18:00,PK
7555,2025-11-11 19:00:00,2025,11,11,19,1,Weekday,Nov,0.0369,0.1,46035,231,23.6,low,19:00,PK
7556,2025-11-11 20:00:00,2025,11,11,20,1,Weekday,Nov,0.2441,0.2441,46035,231,57.6,low,20:00,PK
7557,2025-11-11 21:00:00,2025,11,11,21,1,Weekday,Nov,0.4107,0.4107,46035,231,96.91,low,21:00,STD
7558,2025-11-11 22:00:00,2025,11,11,22,1,Weekday,Nov,0.1291,0.1291,46035,231,30.46,low,22:00,OP
7559,2025-11-11 23:00:00,2025,11,11,23,1,Weekday,Nov,0.0986,0.1,46035,231,23.6,low,23:00,OP
7560,2025-11-12 00:00:00,2025,11,12,0,2,Weekday,Nov,0.1105,0.1105,46035,231,26.08,low,00:00,OP
7561,2025-11-12 01:00:00,2025,11,12,1,2,Weekday,Nov,0.1022,0.1022,46035,231,24.12,low,01:00,OP
7562,2025-11-12 02:00:00,2025,11,12,2,2,Weekday,Nov,0.1079,0.1079,46035,231,25.46,low,02:00,OP
7563,2025-11-12 03:00:00,2025,11,12,3,2,Weekday,Nov,0.1285,0.1285,46035,231,30.32,low,03:00,OP
7564,2025-11-12 04:00:00,2025,11,12,4,2,Weekday,Nov,0.1432,0.1432,46035,231,33.79,low,04:00,OP
7565,2025-11-12 05:00:00,2025,11,12,5,2,Weekday,Nov,0.157,0.157,46035,231,37.05,low,05:00,OP
7566,2025-11-12 06:00:00,2025,11,12,6,2,Weekday,Nov,0.289,0.289,46035,231,68.2,low,06:00,STD
7567,2025-11-12 07:00:00,2025,11,12,7,2,Weekday,Nov,0.046,0.1,46035,231,23.6,low,07:00,PK
7568,2025-11-12 08:00:00,2025,11,12,8,2,Weekday,Nov,0.3365,0.3365,46035,231,79.4,low,08:00,PK
7569,2025-11-12 09:00:00,2025,11,12,9,2,Weekday,Nov,0.6077,0.6077,46035,231,143.4,low,09:00,STD
7570,2025-11-12 10:00:00,2025,11,12,10,2,Weekday,Nov,0.5644,0.5644,46035,231,133.18,low,10:00,STD
7571,2025-11-12 11:00:00,2025,11,12,11,2,Weekday,Nov,0.5577,0.5577,46035,231,131.6,low,11:00,STD
7572,2025-11-12 12:00:00,2025,11,12,12,2,Weekday,Nov,0.5319,0.5319,46035,231,125.51,low,12:00,STD
7573,2025-11-12 13:00:00,2025,11,12,13,2,Weekday,Nov,0.5076,0.5076,46035,231,119.78,low,13:00,STD
7574,2025-11-12 14:00:00,2025,11,12,14,2,Weekday,Nov,0.4855,0.4855,46035,231,114.56,low,14:00,STD
7575,2025-11-12 15:00:00,2025,11,12,15,2,Weekday,Nov,0.4967,0.4967,46035,231,117.21,low,15:00,STD
7576,2025-11-12 16:00:00,2025,11,12,16,2,Weekday,Nov,0.5252,0.5252,46035,231,123.93,low,16:00,STD
7577,2025-11-12 17:00:00,2025,11,12,17,2,Weekday,Nov,0.2875,0.2875,46035,231,67.84,low,17:00,STD
7578,2025-11-12 18:00:00,2025,11,12,18,2,Weekday,Nov,0.0394,0.1,46035,231,23.6,low,18:00,PK
7579,2025-11-12 19:00:00,2025,11,12,19,2,Weekday,Nov,0.0369,0.1,46035,231,23.6,low,19:00,PK
7580,2025-11-12 20:00:00,2025,11,12,20,2,Weekday,Nov,0.2441,0.2441,46035,231,57.6,low,20:00,PK
7581,2025-11-12 21:00:00,2025,11,12,21,2,Weekday,Nov,0.4107,0.4107,46035,231,96.91,low,21:00,STD
7582,2025-11-12 22:00:00,2025,11,12,22,2,Weekday,Nov,0.1291,0.1291,46035,231,30.46,low,22:00,OP
7583,2025-11-12 23:00:00,2025,11,12,23,2,Weekday,Nov,0.0986,0.1,46035,231,23.6,low,23:00,OP
7584,2025-11-13 00:00:00,2025,11,13,0,3,Weekday,Nov,0.1105,0.1105,46035,231,26.08,low,00:00,OP
7585,2025-11-13 01:00:00,2025,11,13,1,3,Weekday,Nov,0.1022,0.1022,46035,231,24.12,low,01:00,OP
7586,2025-11-13 02:00:00,2025,11,13,2,3,Weekday,Nov,0.1079,0.1079,46035,231,25.46,low,02:00,OP
7587,2025-11-13 03:00:00,2025,11,13,3,3,Weekday,Nov,0.1285,0.1285,46035,231,30.32,low,03:00,OP
7588,2025-11-13 04:00:00,2025,11,13,4,3,Weekday,Nov,0.1432,0.1432,46035,231,33.79,low,04:00,OP
7589,2025-11-13 05:00:00,2025,11,13,5,3,Weekday,Nov,0.157,0.157,46035,231,37.05,low,05:00,OP
7590,2025-11-13 06:00:00,2025,11,13,6,3,Weekday,Nov,0.289,0.289,46035,231,68.2,low,06:00,STD
7591,2025-11-13 07:00:00,2025,11,13,7,3,Weekday,Nov,0.046,0.1,46035,231,23.6,low,07:00,PK
7592,2025-11-13 08:00:00,2025,11,13,8,3,Weekday,Nov,0.3365,0.3365,46035,231,79.4,low,08:00,PK
7593,2025-11-13 09:00:00,2025,11,13,9,3,Weekday,Nov,0.6077,0.6077,46035,231,143.4,low,09:00,STD
7594,2025-11-13 10:00:00,2025,11,13,10,3,Weekday,Nov,0.5644,0.5644,46035,231,133.18,low,10:00,STD
7595,2025-11-13 11:00:00,2025,11,13,11,3,Weekday,Nov,0.5577,0.5577,46035,231,131.6,low,11:00,STD
7596,2025-11-13 12:00:00,2025,11,13,12,3,Weekday,Nov,0.5319,0.5319,46035,231,125.51,low,12:00,STD
7597,2025-11-13 13:00:00,2025,11,13,13,3,Weekday,Nov,0.5076,0.5076,46035,231,119.78,low,13:00,STD
7598,2025-11-13 14:00:00,2025,11,13,14,3,Weekday,Nov,0.4855,0.4855,46035,231,114.56,low,14:00,STD
7599,2025-11-13 15:00:00,2025,11,13,15,3,Weekday,Nov,0.4967,0.4967,46035,231,117.21,low,15:00,STD
7600,2025-11-13 16:00:00,2025,11,13,16,3,Weekday,Nov,0.5252,0.5252,46035,231,123.93,low,16:00,STD
7601,2025-11-13 17:00:00,2025,11,13,17,3,Weekday,Nov,0.2875,0.2875,46035,231,67.84,low,17:00,STD
7602,2025-11-13 18:00:00,2025,11,13,18,3,Weekday,Nov,0.0394,0.1,46035,231,23.6,low,18:00,PK
7603,2025-11-13 19:00:00,2025,11,13,19,3,Weekday,Nov,0.0369,0.1,46035,231,23.6,low,19:00,PK
7604,2025-11-13 20:00:00,2025,11,13,20,3,Weekday,Nov,0.2441,0.2441,46035,231,57.6,low,20:00,PK
7605,2025-11-13 21:00:00,2025,11,13,21,3,Weekday,Nov,0.4107,0.4107,46035,231,96.91,low,21:00,STD
7606,2025-11-13 22:00:00,2025,11,13,22,3,Weekday,Nov,0.1291,0.1291,46035,231,30.46,low,22:00,OP
7607,2025-11-13 23:00:00,2025,11,13,23,3,Weekday,Nov,0.0986,0.1,46035,231,23.6,low,23:00,OP
7608,2025-11-14 00:00:00,2025,11,14,0,4,Weekday,Nov,0.1105,0.1105,46035,231,26.08,low,00:00,OP
7609,2025-11-14 01:00:00,2025,11,14,1,4,Weekday,Nov,0.1022,0.1022,46035,231,24.12,low,01:00,OP
7610,2025-11-14 02:00:00,2025,11,14,2,4,Weekday,Nov,0.1079,0.1079,46035,231,25.46,low,02:00,OP
7611,2025-11-14 03:00:00,2025,11,14,3,4,Weekday,Nov,0.1285,0.1285,46035,231,30.32,low,03:00,OP
7612,2025-11-14 04:00:00,2025,11,14,4,4,Weekday,Nov,0.1432,0.1432,46035,231,33.79,low,04:00,OP
7613,2025-11-14 05:00:00,2025,11,14,5,4,Weekday,Nov,0.157,0.157,46035,231,37.05,low,05:00,OP
7614,2025-11-14 06:00:00,2025,11,14,6,4,Weekday,Nov,0.289,0.289,46035,231,68.2,low,06:00,STD
7615,2025-11-14 07:00:00,2025,11,14,7,4,Weekday,Nov,0.046,0.1,46035,231,23.6,low,07:00,PK
7616,2025-11-14 08:00:00,2025,11,14,8,4,Weekday,Nov,0.3365,0.3365,46035,231,79.4,low,08:00,PK
7617,2025-11-14 09:00:00,2025,11,14,9,4,Weekday,Nov,0.6077,0.6077,46035,231,143.4,low,09:00,STD
7618,2025-11-14 10:00:00,2025,11,14,10,4,Weekday,Nov,0.5644,0.5644,46035,231,133.18,low,10:00,STD
7619,2025-11-14 11:00:00,2025,11,14,11,4,Weekday,Nov,0.5577,0.5577,46035,231,131.6,low,11:00,STD
7620,2025-11-14 12:00:00,2025,11,14,12,4,Weekday,Nov,0.5319,0.5319,46035,231,125.51,low,12:00,STD
7621,2025-11-14 13:00:00,2025,11,14,13,4,Weekday,Nov,0.5076,0.5076,46035,231,119.78,low,13:00,STD
7622,2025-11-14 14:00:00,2025,11,14,14,4,Weekday,Nov,0.4855,0.4855,46035,231,114.56,low,14:00,STD
7623,2025-11-14 15:00:00,2025,11,14,15,4,Weekday,Nov,0.4967,0.4967,46035,231,117.21,low,15:00,STD
7624,2025-11-14 16:00:00,2025,11,14,16,4,Weekday,Nov,0.5252,0.5252,46035,231,123.93,low,16:00,STD
7625,2025-11-14 17:00:00,2025,11,14,17,4,Weekday,Nov,0.2875,0.2875,46035,231,67.84,low,17:00,STD
7626,2025-11-14 18:00:00,2025,11,14,18,4,Weekday,Nov,0.0394,0.1,46035,231,23.6,low,18:00,PK
7627,2025-11-14 19:00:00,2025,11,14,19,4,Weekday,Nov,0.0369,0.1,46035,231,23.6,low,19:00,PK
7628,2025-11-14 20:00:00,2025,11,14,20,4,Weekday,Nov,0.2441,0.2441,46035,231,57.6,low,20:00,PK
7629,2025-11-14 21:00:00,2025,11,14,21,4,Weekday,Nov,0.4107,0.4107,46035,231,96.91,low,21:00,STD
7630,2025-11-14 22:00:00,2025,11,14,22,4,Weekday,Nov,0.1291,0.1291,46035,231,30.46,low,22:00,OP
7631,2025-11-14 23:00:00,2025,11,14,23,4,Weekday,Nov,0.0986,0.1,46035,231,23.6,low,23:00,OP
7632,2025-11-15 00:00:00,2025,11,15,0,5,Sat,Nov,0.11,0.11,46035,231,25.95,low,00:00,OP
7633,2025-11-15 01:00:00,2025,11,15,1,5,Sat,Nov,0.1034,0.1034,46035,231,24.4,low,01:00,OP
7634,2025-11-15 02:00:00,2025,11,15,2,5,Sat,Nov,0.1073,0.1073,46035,231,25.32,low,02:00,OP
7635,2025-11-15 03:00:00,2025,11,15,3,5,Sat,Nov,0.1261,0.1261,46035,231,29.75,low,03:00,OP
7636,2025-11-15 04:00:00,2025,11,15,4,5,Sat,Nov,0.1426,0.1426,46035,231,33.65,low,04:00,OP
7637,2025-11-15 05:00:00,2025,11,15,5,5,Sat,Nov,0.1505,0.1505,46035,231,35.52,low,05:00,OP
7638,2025-11-15 06:00:00,2025,11,15,6,5,Sat,Nov,0.1655,0.1655,46035,231,39.05,low,06:00,OP
7639,2025-11-15 07:00:00,2025,11,15,7,5,Sat,Nov,0.3932,0.3932,46035,231,92.78,low,07:00,STD
7640,2025-11-15 08:00:00,2025,11,15,8,5,Sat,Nov,0.379,0.379,46035,231,89.43,low,08:00,STD
7641,2025-11-15 09:00:00,2025,11,15,9,5,Sat,Nov,0.3775,0.3775,46035,231,89.07,low,09:00,STD
7642,2025-11-15 10:00:00,2025,11,15,10,5,Sat,Nov,0.3608,0.3608,46035,231,85.13,low,10:00,STD
7643,2025-11-15 11:00:00,2025,11,15,11,5,Sat,Nov,0.3558,0.3558,46035,231,83.96,low,11:00,STD
7644,2025-11-15 12:00:00,2025,11,15,12,5,Sat,Nov,0.1722,0.1722,46035,231,40.64,low,12:00,OP
7645,2025-11-15 13:00:00,2025,11,15,13,5,Sat,Nov,0.1653,0.1653,46035,231,39.0,low,13:00,OP
7646,2025-11-15 14:00:00,2025,11,15,14,5,Sat,Nov,0.1541,0.1541,46035,231,36.36,low,14:00,OP
7647,2025-11-15 15:00:00,2025,11,15,15,5,Sat,Nov,0.1547,0.1547,46035,231,36.51,low,15:00,OP
7648,2025-11-15 16:00:00,2025,11,15,16,5,Sat,Nov,0.1634,0.1634,46035,231,38.56,low,16:00,OP
7649,2025-11-15 17:00:00,2025,11,15,17,5,Sat,Nov,0.3292,0.3292,46035,231,77.68,low,17:00,OP
7650,2025-11-15 18:00:00,2025,11,15,18,5,Sat,Nov,0.521,0.521,46035,231,122.94,low,18:00,STD
7651,2025-11-15 19:00:00,2025,11,15,19,5,Sat,Nov,0.3252,0.3252,46035,231,76.73,low,19:00,STD
7652,2025-11-15 20:00:00,2025,11,15,20,5,Sat,Nov,0.1437,0.1437,46035,231,33.91,low,20:00,OP
7653,2025-11-15 21:00:00,2025,11,15,21,5,Sat,Nov,0.1337,0.1337,46035,231,31.54,low,21:00,OP
7654,2025-11-15 22:00:00,2025,11,15,22,5,Sat,Nov,0.1291,0.1291,46035,231,30.46,low,22:00,OP
7655,2025-11-15 23:00:00,2025,11,15,23,5,Sat,Nov,0.0971,0.1,46035,231,23.6,low,23:00,OP
7656,2025-11-16 00:00:00,2025,11,16,0,6,Sun,Nov,0.11,0.11,46035,231,25.95,low,00:00,OP
7657,2025-11-16 01:00:00,2025,11,16,1,6,Sun,Nov,0.1034,0.1034,46035,231,24.4,low,01:00,OP
7658,2025-11-16 02:00:00,2025,11,16,2,6,Sun,Nov,0.1073,0.1073,46035,231,25.32,low,02:00,OP
7659,2025-11-16 03:00:00,2025,11,16,3,6,Sun,Nov,0.1261,0.1261,46035,231,29.75,low,03:00,OP
7660,2025-11-16 04:00:00,2025,11,16,4,6,Sun,Nov,0.1426,0.1426,46035,231,33.65,low,04:00,OP
7661,2025-11-16 05:00:00,2025,11,16,5,6,Sun,Nov,0.1505,0.1505,46035,231,35.52,low,05:00,OP
7662,2025-11-16 06:00:00,2025,11,16,6,6,Sun,Nov,0.1655,0.1655,46035,231,39.05,low,06:00,OP
7663,2025-11-16 07:00:00,2025,11,16,7,6,Sun,Nov,0.3932,0.3932,46035,231,92.78,low,07:00,OP
7664,2025-11-16 08:00:00,2025,11,16,8,6,Sun,Nov,0.379,0.379,46035,231,89.43,low,08:00,OP
7665,2025-11-16 09:00:00,2025,11,16,9,6,Sun,Nov,0.3775,0.3775,46035,231,89.07,low,09:00,OP
7666,2025-11-16 10:00:00,2025,11,16,10,6,Sun,Nov,0.3608,0.3608,46035,231,85.13,low,10:00,OP
7667,2025-11-16 11:00:00,2025,11,16,11,6,Sun,Nov,0.3558,0.3558,46035,231,83.96,low,11:00,OP
7668,2025-11-16 12:00:00,2025,11,16,12,6,Sun,Nov,0.1722,0.1722,46035,231,40.64,low,12:00,OP
7669,2025-11-16 13:00:00,2025,11,16,13,6,Sun,Nov,0.1653,0.1653,46035,231,39.0,low,13:00,OP
7670,2025-11-16 14:00:00,2025,11,16,14,6,Sun,Nov,0.1541,0.1541,46035,231,36.36,low,14:00,OP
7671,2025-11-16 15:00:00,2025,11,16,15,6,Sun,Nov,0.1547,0.1547,46035,231,36.51,low,15:00,OP
7672,2025-11-16 16:00:00,2025,11,16,16,6,Sun,Nov,0.1634,0.1634,46035,231,38.56,low,16:00,OP
7673,2025-11-16 17:00:00,2025,11,16,17,6,Sun,Nov,0.3292,0.3292,46035,231,77.68,low,17:00,OP
7674,2025-11-16 18:00:00,2025,11,16,18,6,Sun,Nov,0.521,0.521,46035,231,122.94,low,18:00,STD
7675,2025-11-16 19:00:00,2025,11,16,19,6,Sun,Nov,0.3252,0.3252,46035,231,76.73,low,19:00,STD
7676,2025-11-16 20:00:00,2025,11,16,20,6,Sun,Nov,0.1437,0.1437,46035,231,33.91,low,20:00,OP
7677,2025-11-16 21:00:00,2025,11,16,21,6,Sun,Nov,0.1337,0.1337,46035,231,31.54,low,21:00,OP
7678,2025-11-16 22:00:00,2025,11,16,22,6,Sun,Nov,0.1291,0.1291,46035,231,30.46,low,22:00,OP
7679,2025-11-16 23:00:00,2025,11,16,23,6,Sun,Nov,0.0971,0.1,46035,231,23.6,low,23:00,OP
7680,2025-11-17 00:00:00,2025,11,17,0,0,Weekday,Nov,0.1105,0.1105,46035,231,26.08,low,00:00,OP
7681,2025-11-17 01:00:00,2025,11,17,1,0,Weekday,Nov,0.1022,0.1022,46035,231,24.12,low,01:00,OP
7682,2025-11-17 02:00:00,2025,11,17,2,0,Weekday,Nov,0.1079,0.1079,46035,231,25.46,low,02:00,OP
7683,2025-11-17 03:00:00,2025,11,17,3,0,Weekday,Nov,0.1285,0.1285,46035,231,30.32,low,03:00,OP
7684,2025-11-17 04:00:00,2025,11,17,4,0,Weekday,Nov,0.1432,0.1432,46035,231,33.79,low,04:00,OP
7685,2025-11-17 05:00:00,2025,11,17,5,0,Weekday,Nov,0.157,0.157,46035,231,37.05,low,05:00,OP
7686,2025-11-17 06:00:00,2025,11,17,6,0,Weekday,Nov,0.289,0.289,46035,231,68.2,low,06:00,STD
7687,2025-11-17 07:00:00,2025,11,17,7,0,Weekday,Nov,0.046,0.1,46035,231,23.6,low,07:00,PK
7688,2025-11-17 08:00:00,2025,11,17,8,0,Weekday,Nov,0.3365,0.3365,46035,231,79.4,low,08:00,PK
7689,2025-11-17 09:00:00,2025,11,17,9,0,Weekday,Nov,0.6077,0.6077,46035,231,143.4,low,09:00,STD
7690,2025-11-17 10:00:00,2025,11,17,10,0,Weekday,Nov,0.5644,0.5644,46035,231,133.18,low,10:00,STD
7691,2025-11-17 11:00:00,2025,11,17,11,0,Weekday,Nov,0.5577,0.5577,46035,231,131.6,low,11:00,STD
7692,2025-11-17 12:00:00,2025,11,17,12,0,Weekday,Nov,0.5319,0.5319,46035,231,125.51,low,12:00,STD
7693,2025-11-17 13:00:00,2025,11,17,13,0,Weekday,Nov,0.5076,0.5076,46035,231,119.78,low,13:00,STD
7694,2025-11-17 14:00:00,2025,11,17,14,0,Weekday,Nov,0.4855,0.4855,46035,231,114.56,low,14:00,STD
7695,2025-11-17 15:00:00,2025,11,17,15,0,Weekday,Nov,0.4967,0.4967,46035,231,117.21,low,15:00,STD
7696,2025-11-17 16:00:00,2025,11,17,16,0,Weekday,Nov,0.5252,0.5252,46035,231,123.93,low,16:00,STD
7697,2025-11-17 17:00:00,2025,11,17,17,0,Weekday,Nov,0.2875,0.2875,46035,231,67.84,low,17:00,STD
7698,2025-11-17 18:00:00,2025,11,17,18,0,Weekday,Nov,0.0394,0.1,46035,231,23.6,low,18:00,PK
7699,2025-11-17 19:00:00,2025,11,17,19,0,Weekday,Nov,0.0369,0.1,46035,231,23.6,low,19:00,PK
7700,2025-11-17 20:00:00,2025,11,17,20,0,Weekday,Nov,0.2441,0.2441,46035,231,57.6,low,20:00,PK
7701,2025-11-17 21:00:00,2025,11,17,21,0,Weekday,Nov,0.4107,0.4107,46035,231,96.91,low,21:00,STD
7702,2025-11-17 22:00:00,2025,11,17,22,0,Weekday,Nov,0.1291,0.1291,46035,231,30.46,low,22:00,OP
7703,2025-11-17 23:00:00,2025,11,17,23,0,Weekday,Nov,0.0986,0.1,46035,231,23.6,low,23:00,OP
7704,2025-11-18 00:00:00,2025,11,18,0,1,Weekday,Nov,0.1105,0.1105,46035,231,26.08,low,00:00,OP
7705,2025-11-18 01:00:00,2025,11,18,1,1,Weekday,Nov,0.1022,0.1022,46035,231,24.12,low,01:00,OP
7706,2025-11-18 02:00:00,2025,11,18,2,1,Weekday,Nov,0.1079,0.1079,46035,231,25.46,low,02:00,OP
7707,2025-11-18 03:00:00,2025,11,18,3,1,Weekday,Nov,0.1285,0.1285,46035,231,30.32,low,03:00,OP
7708,2025-11-18 04:00:00,2025,11,18,4,1,Weekday,Nov,0.1432,0.1432,46035,231,33.79,low,04:00,OP
7709,2025-11-18 05:00:00,2025,11,18,5,1,Weekday,Nov,0.157,0.157,46035,231,37.05,low,05:00,OP
7710,2025-11-18 06:00:00,2025,11,18,6,1,Weekday,Nov,0.289,0.289,46035,231,68.2,low,06:00,STD
7711,2025-11-18 07:00:00,2025,11,18,7,1,Weekday,Nov,0.046,0.1,46035,231,23.6,low,07:00,PK
7712,2025-11-18 08:00:00,2025,11,18,8,1,Weekday,Nov,0.3365,0.3365,46035,231,79.4,low,08:00,PK
7713,2025-11-18 09:00:00,2025,11,18,9,1,Weekday,Nov,0.6077,0.6077,46035,231,143.4,low,09:00,STD
7714,2025-11-18 10:00:00,2025,11,18,10,1,Weekday,Nov,0.5644,0.5644,46035,231,133.18,low,10:00,STD
7715,2025-11-18 11:00:00,2025,11,18,11,1,Weekday,Nov,0.5577,0.5577,46035,231,131.6,low,11:00,STD
7716,2025-11-18 12:00:00,2025,11,18,12,1,Weekday,Nov,0.5319,0.5319,46035,231,125.51,low,12:00,STD
7717,2025-11-18 13:00:00,2025,11,18,13,1,Weekday,Nov,0.5076,0.5076,46035,231,119.78,low,13:00,STD
7718,2025-11-18 14:00:00,2025,11,18,14,1,Weekday,Nov,0.4855,0.4855,46035,231,114.56,low,14:00,STD
7719,2025-11-18 15:00:00,2025,11,18,15,1,Weekday,Nov,0.4967,0.4967,46035,231,117.21,low,15:00,STD
7720,2025-11-18 16:00:00,2025,11,18,16,1,Weekday,Nov,0.5252,0.5252,46035,231,123.93,low,16:00,STD
7721,2025-11-18 17:00:00,2025,11,18,17,1,Weekday,Nov,0.2875,0.2875,46035,231,67.84,low,17:00,STD
7722,2025-11-18 18:00:00,2025,11,18,18,1,Weekday,Nov,0.0394,0.1,46035,231,23.6,low,18:00,PK
7723,2025-11-18 19:00:00,2025,11,18,19,1,Weekday,Nov,0.0369,0.1,46035,231,23.6,low,19:00,PK
7724,2025-11-18 20:00:00,2025,11,18,20,1,Weekday,Nov,0.2441,0.2441,46035,231,57.6,low,20:00,PK
7725,2025-11-18 21:00:00,2025,11,18,21,1,Weekday,Nov,0.4107,0.4107,46035,231,96.91,low,21:00,STD
7726,2025-11-18 22:00:00,2025,11,18,22,1,Weekday,Nov,0.1291,0.1291,46035,231,30.46,low,22:00,OP
7727,2025-11-18 23:00:00,2025,11,18,23,1,Weekday,Nov,0.0986,0.1,46035,231,23.6,low,23:00,OP
7728,2025-11-19 00:00:00,2025,11,19,0,2,Weekday,Nov,0.1105,0.1105,46035,231,26.08,low,00:00,OP
7729,2025-11-19 01:00:00,2025,11,19,1,2,Weekday,Nov,0.1022,0.1022,46035,231,24.12,low,01:00,OP
7730,2025-11-19 02:00:00,2025,11,19,2,2,Weekday,Nov,0.1079,0.1079,46035,231,25.46,low,02:00,OP
7731,2025-11-19 03:00:00,2025,11,19,3,2,Weekday,Nov,0.1285,0.1285,46035,231,30.32,low,03:00,OP
7732,2025-11-19 04:00:00,2025,11,19,4,2,Weekday,Nov,0.1432,0.1432,46035,231,33.79,low,04:00,OP
7733,2025-11-19 05:00:00,2025,11,19,5,2,Weekday,Nov,0.157,0.157,46035,231,37.05,low,05:00,OP
7734,2025-11-19 06:00:00,2025,11,19,6,2,Weekday,Nov,0.289,0.289,46035,231,68.2,low,06:00,STD
7735,2025-11-19 07:00:00,2025,11,19,7,2,Weekday,Nov,0.046,0.1,46035,231,23.6,low,07:00,PK
7736,2025-11-19 08:00:00,2025,11,19,8,2,Weekday,Nov,0.3365,0.3365,46035,231,79.4,low,08:00,PK
7737,2025-11-19 09:00:00,2025,11,19,9,2,Weekday,Nov,0.6077,0.6077,46035,231,143.4,low,09:00,STD
7738,2025-11-19 10:00:00,2025,11,19,10,2,Weekday,Nov,0.5644,0.5644,46035,231,133.18,low,10:00,STD
7739,2025-11-19 11:00:00,2025,11,19,11,2,Weekday,Nov,0.5577,0.5577,46035,231,131.6,low,11:00,STD
7740,2025-11-19 12:00:00,2025,11,19,12,2,Weekday,Nov,0.5319,0.5319,46035,231,125.51,low,12:00,STD
7741,2025-11-19 13:00:00,2025,11,19,13,2,Weekday,Nov,0.5076,0.5076,46035,231,119.78,low,13:00,STD
7742,2025-11-19 14:00:00,2025,11,19,14,2,Weekday,Nov,0.4855,0.4855,46035,231,114.56,low,14:00,STD
7743,2025-11-19 15:00:00,2025,11,19,15,2,Weekday,Nov,0.4967,0.4967,46035,231,117.21,low,15:00,STD
7744,2025-11-19 16:00:00,2025,11,19,16,2,Weekday,Nov,0.5252,0.5252,46035,231,123.93,low,16:00,STD
7745,2025-11-19 17:00:00,2025,11,19,17,2,Weekday,Nov,0.2875,0.2875,46035,231,67.84,low,17:00,STD
7746,2025-11-19 18:00:00,2025,11,19,18,2,Weekday,Nov,0.0394,0.1,46035,231,23.6,low,18:00,PK
7747,2025-11-19 19:00:00,2025,11,19,19,2,Weekday,Nov,0.0369,0.1,46035,231,23.6,low,19:00,PK
7748,2025-11-19 20:00:00,2025,11,19,20,2,Weekday,Nov,0.2441,0.2441,46035,231,57.6,low,20:00,PK
7749,2025-11-19 21:00:00,2025,11,19,21,2,Weekday,Nov,0.4107,0.4107,46035,231,96.91,low,21:00,STD
7750,2025-11-19 22:00:00,2025,11,19,22,2,Weekday,Nov,0.1291,0.1291,46035,231,30.46,low,22:00,OP
7751,2025-11-19 23:00:00,2025,11,19,23,2,Weekday,Nov,0.0986,0.1,46035,231,23.6,low,23:00,OP
7752,2025-11-20 00:00:00,2025,11,20,0,3,Weekday,Nov,0.1105,0.1105,46035,231,26.08,low,00:00,OP
7753,2025-11-20 01:00:00,2025,11,20,1,3,Weekday,Nov,0.1022,0.1022,46035,231,24.12,low,01:00,OP
7754,2025-11-20 02:00:00,2025,11,20,2,3,Weekday,Nov,0.1079,0.1079,46035,231,25.46,low,02:00,OP
7755,2025-11-20 03:00:00,2025,11,20,3,3,Weekday,Nov,0.1285,0.1285,46035,231,30.32,low,03:00,OP
7756,2025-11-20 04:00:00,2025,11,20,4,3,Weekday,Nov,0.1432,0.1432,46035,231,33.79,low,04:00,OP
7757,2025-11-20 05:00:00,2025,11,20,5,3,Weekday,Nov,0.157,0.157,46035,231,37.05,low,05:00,OP
7758,2025-11-20 06:00:00,2025,11,20,6,3,Weekday,Nov,0.289,0.289,46035,231,68.2,low,06:00,STD
7759,2025-11-20 07:00:00,2025,11,20,7,3,Weekday,Nov,0.046,0.1,46035,231,23.6,low,07:00,PK
7760,2025-11-20 08:00:00,2025,11,20,8,3,Weekday,Nov,0.3365,0.3365,46035,231,79.4,low,08:00,PK
7761,2025-11-20 09:00:00,2025,11,20,9,3,Weekday,Nov,0.6077,0.6077,46035,231,143.4,low,09:00,STD
7762,2025-11-20 10:00:00,2025,11,20,10,3,Weekday,Nov,0.5644,0.5644,46035,231,133.18,low,10:00,STD
7763,2025-11-20 11:00:00,2025,11,20,11,3,Weekday,Nov,0.5577,0.5577,46035,231,131.6,low,11:00,STD
7764,2025-11-20 12:00:00,2025,11,20,12,3,Weekday,Nov,0.5319,0.5319,46035,231,125.51,low,12:00,STD
7765,2025-11-20 13:00:00,2025,11,20,13,3,Weekday,Nov,0.5076,0.5076,46035,231,119.78,low,13:00,STD
7766,2025-11-20 14:00:00,2025,11,20,14,3,Weekday,Nov,0.4855,0.4855,46035,231,114.56,low,14:00,STD
7767,2025-11-20 15:00:00,2025,11,20,15,3,Weekday,Nov,0.4967,0.4967,46035,231,117.21,low,15:00,STD
7768,2025-11-20 16:00:00,2025,11,20,16,3,Weekday,Nov,0.5252,0.5252,46035,231,123.93,low,16:00,STD
7769,2025-11-20 17:00:00,2025,11,20,17,3,Weekday,Nov,0.2875,0.2875,46035,231,67.84,low,17:00,STD
7770,2025-11-20 18:00:00,2025,11,20,18,3,Weekday,Nov,0.0394,0.1,46035,231,23.6,low,18:00,PK
7771,2025-11-20 19:00:00,2025,11,20,19,3,Weekday,Nov,0.0369,0.1,46035,231,23.6,low,19:00,PK
7772,2025-11-20 20:00:00,2025,11,20,20,3,Weekday,Nov,0.2441,0.2441,46035,231,57.6,low,20:00,PK
7773,2025-11-20 21:00:00,2025,11,20,21,3,Weekday,Nov,0.4107,0.4107,46035,231,96.91,low,21:00,STD
7774,2025-11-20 22:00:00,2025,11,20,22,3,Weekday,Nov,0.1291,0.1291,46035,231,30.46,low,22:00,OP
7775,2025-11-20 23:00:00,2025,11,20,23,3,Weekday,Nov,0.0986,0.1,46035,231,23.6,low,23:00,OP
7776,2025-11-21 00:00:00,2025,11,21,0,4,Weekday,Nov,0.1105,0.1105,46035,231,26.08,low,00:00,OP
7777,2025-11-21 01:00:00,2025,11,21,1,4,Weekday,Nov,0.1022,0.1022,46035,231,24.12,low,01:00,OP
7778,2025-11-21 02:00:00,2025,11,21,2,4,Weekday,Nov,0.1079,0.1079,46035,231,25.46,low,02:00,OP
7779,2025-11-21 03:00:00,2025,11,21,3,4,Weekday,Nov,0.1285,0.1285,46035,231,30.32,low,03:00,OP
7780,2025-11-21 04:00:00,2025,11,21,4,4,Weekday,Nov,0.1432,0.1432,46035,231,33.79,low,04:00,OP
7781,2025-11-21 05:00:00,2025,11,21,5,4,Weekday,Nov,0.157,0.157,46035,231,37.05,low,05:00,OP
7782,2025-11-21 06:00:00,2025,11,21,6,4,Weekday,Nov,0.289,0.289,46035,231,68.2,low,06:00,STD
7783,2025-11-21 07:00:00,2025,11,21,7,4,Weekday,Nov,0.046,0.1,46035,231,23.6,low,07:00,PK
7784,2025-11-21 08:00:00,2025,11,21,8,4,Weekday,Nov,0.3365,0.3365,46035,231,79.4,low,08:00,PK
7785,2025-11-21 09:00:00,2025,11,21,9,4,Weekday,Nov,0.6077,0.6077,46035,231,143.4,low,09:00,STD
7786,2025-11-21 10:00:00,2025,11,21,10,4,Weekday,Nov,0.5644,0.5644,46035,231,133.18,low,10:00,STD
7787,2025-11-21 11:00:00,2025,11,21,11,4,Weekday,Nov,0.5577,0.5577,46035,231,131.6,low,11:00,STD
7788,2025-11-21 12:00:00,2025,11,21,12,4,Weekday,Nov,0.5319,0.5319,46035,231,125.51,low,12:00,STD
7789,2025-11-21 13:00:00,2025,11,21,13,4,Weekday,Nov,0.5076,0.5076,46035,231,119.78,low,13:00,STD
7790,2025-11-21 14:00:00,2025,11,21,14,4,Weekday,Nov,0.4855,0.4855,46035,231,114.56,low,14:00,STD
7791,2025-11-21 15:00:00,2025,11,21,15,4,Weekday,Nov,0.4967,0.4967,46035,231,117.21,low,15:00,STD
7792,2025-11-21 16:00:00,2025,11,21,16,4,Weekday,Nov,0.5252,0.5252,46035,231,123.93,low,16:00,STD
7793,2025-11-21 17:00:00,2025,11,21,17,4,Weekday,Nov,0.2875,0.2875,46035,231,67.84,low,17:00,STD
7794,2025-11-21 18:00:00,2025,11,21,18,4,Weekday,Nov,0.0394,0.1,46035,231,23.6,low,18:00,PK
7795,2025-11-21 19:00:00,2025,11,21,19,4,Weekday,Nov,0.0369,0.1,46035,231,23.6,low,19:00,PK
7796,2025-11-21 20:00:00,2025,11,21,20,4,Weekday,Nov,0.2441,0.2441,46035,231,57.6,low,20:00,PK
7797,2025-11-21 21:00:00,2025,11,21,21,4,Weekday,Nov,0.4107,0.4107,46035,231,96.91,low,21:00,STD
7798,2025-11-21 22:00:00,2025,11,21,22,4,Weekday,Nov,0.1291,0.1291,46035,231,30.46,low,22:00,OP
7799,2025-11-21 23:00:00,2025,11,21,23,4,Weekday,Nov,0.0986,0.1,46035,231,23.6,low,23:00,OP
7800,2025-11-22 00:00:00,2025,11,22,0,5,Sat,Nov,0.11,0.11,46035,231,25.95,low,00:00,OP
7801,2025-11-22 01:00:00,2025,11,22,1,5,Sat,Nov,0.1034,0.1034,46035,231,24.4,low,01:00,OP
7802,2025-11-22 02:00:00,2025,11,22,2,5,Sat,Nov,0.1073,0.1073,46035,231,25.32,low,02:00,OP
7803,2025-11-22 03:00:00,2025,11,22,3,5,Sat,Nov,0.1261,0.1261,46035,231,29.75,low,03:00,OP
7804,2025-11-22 04:00:00,2025,11,22,4,5,Sat,Nov,0.1426,0.1426,46035,231,33.65,low,04:00,OP
7805,2025-11-22 05:00:00,2025,11,22,5,5,Sat,Nov,0.1505,0.1505,46035,231,35.52,low,05:00,OP
7806,2025-11-22 06:00:00,2025,11,22,6,5,Sat,Nov,0.1655,0.1655,46035,231,39.05,low,06:00,OP
7807,2025-11-22 07:00:00,2025,11,22,7,5,Sat,Nov,0.3932,0.3932,46035,231,92.78,low,07:00,STD
7808,2025-11-22 08:00:00,2025,11,22,8,5,Sat,Nov,0.379,0.379,46035,231,89.43,low,08:00,STD
7809,2025-11-22 09:00:00,2025,11,22,9,5,Sat,Nov,0.3775,0.3775,46035,231,89.07,low,09:00,STD
7810,2025-11-22 10:00:00,2025,11,22,10,5,Sat,Nov,0.3608,0.3608,46035,231,85.13,low,10:00,STD
7811,2025-11-22 11:00:00,2025,11,22,11,5,Sat,Nov,0.3558,0.3558,46035,231,83.96,low,11:00,STD
7812,2025-11-22 12:00:00,2025,11,22,12,5,Sat,Nov,0.1722,0.1722,46035,231,40.64,low,12:00,OP
7813,2025-11-22 13:00:00,2025,11,22,13,5,Sat,Nov,0.1653,0.1653,46035,231,39.0,low,13:00,OP
7814,2025-11-22 14:00:00,2025,11,22,14,5,Sat,Nov,0.1541,0.1541,46035,231,36.36,low,14:00,OP
7815,2025-11-22 15:00:00,2025,11,22,15,5,Sat,Nov,0.1547,0.1547,46035,231,36.51,low,15:00,OP
7816,2025-11-22 16:00:00,2025,11,22,16,5,Sat,Nov,0.1634,0.1634,46035,231,38.56,low,16:00,OP
7817,2025-11-22 17:00:00,2025,11,22,17,5,Sat,Nov,0.3292,0.3292,46035,231,77.68,low,17:00,OP
7818,2025-11-22 18:00:00,2025,11,22,18,5,Sat,Nov,0.521,0.521,46035,231,122.94,low,18:00,STD
7819,2025-11-22 19:00:00,2025,11,22,19,5,Sat,Nov,0.3252,0.3252,46035,231,76.73,low,19:00,STD
7820,2025-11-22 20:00:00,2025,11,22,20,5,Sat,Nov,0.1437,0.1437,46035,231,33.91,low,20:00,OP
7821,2025-11-22 21:00:00,2025,11,22,21,5,Sat,Nov,0.1337,0.1337,46035,231,31.54,low,21:00,OP
7822,2025-11-22 22:00:00,2025,11,22,22,5,Sat,Nov,0.1291,0.1291,46035,231,30.46,low,22:00,OP
7823,2025-11-22 23:00:00,2025,11,22,23,5,Sat,Nov,0.0971,0.1,46035,231,23.6,low,23:00,OP
7824,2025-11-23 00:00:00,2025,11,23,0,6,Sun,Nov,0.11,0.11,46035,231,25.95,low,00:00,OP
7825,2025-11-23 01:00:00,2025,11,23,1,6,Sun,Nov,0.1034,0.1034,46035,231,24.4,low,01:00,OP
7826,2025-11-23 02:00:00,2025,11,23,2,6,Sun,Nov,0.1073,0.1073,46035,231,25.32,low,02:00,OP
7827,2025-11-23 03:00:00,2025,11,23,3,6,Sun,Nov,0.1261,0.1261,46035,231,29.75,low,03:00,OP
7828,2025-11-23 04:00:00,2025,11,23,4,6,Sun,Nov,0.1426,0.1426,46035,231,33.65,low,04:00,OP
7829,2025-11-23 05:00:00,2025,11,23,5,6,Sun,Nov,0.1505,0.1505,46035,231,35.52,low,05:00,OP
7830,2025-11-23 06:00:00,2025,11,23,6,6,Sun,Nov,0.1655,0.1655,46035,231,39.05,low,06:00,OP
7831,2025-11-23 07:00:00,2025,11,23,7,6,Sun,Nov,0.3932,0.3932,46035,231,92.78,low,07:00,OP
7832,2025-11-23 08:00:00,2025,11,23,8,6,Sun,Nov,0.379,0.379,46035,231,89.43,low,08:00,OP
7833,2025-11-23 09:00:00,2025,11,23,9,6,Sun,Nov,0.3775,0.3775,46035,231,89.07,low,09:00,OP
7834,2025-11-23 10:00:00,2025,11,23,10,6,Sun,Nov,0.3608,0.3608,46035,231,85.13,low,10:00,OP
7835,2025-11-23 11:00:00,2025,11,23,11,6,Sun,Nov,0.3558,0.3558,46035,231,83.96,low,11:00,OP
7836,2025-11-23 12:00:00,2025,11,23,12,6,Sun,Nov,0.1722,0.1722,46035,231,40.64,low,12:00,OP
7837,2025-11-23 13:00:00,2025,11,23,13,6,Sun,Nov,0.1653,0.1653,46035,231,39.0,low,13:00,OP
7838,2025-11-23 14:00:00,2025,11,23,14,6,Sun,Nov,0.1541,0.1541,46035,231,36.36,low,14:00,OP
7839,2025-11-23 15:00:00,2025,11,23,15,6,Sun,Nov,0.1547,0.1547,46035,231,36.51,low,15:00,OP
7840,2025-11-23 16:00:00,2025,11,23,16,6,Sun,Nov,0.1634,0.1634,46035,231,38.56,low,16:00,OP
7841,2025-11-23 17:00:00,2025,11,23,17,6,Sun,Nov,0.3292,0.3292,46035,231,77.68,low,17:00,OP
7842,2025-11-23 18:00:00,2025,11,23,18,6,Sun,Nov,0.521,0.521,46035,231,122.94,low,18:00,STD
7843,2025-11-23 19:00:00,2025,11,23,19,6,Sun,Nov,0.3252,0.3252,46035,231,76.73,low,19:00,STD
7844,2025-11-23 20:00:00,2025,11,23,20,6,Sun,Nov,0.1437,0.1437,46035,231,33.91,low,20:00,OP
7845,2025-11-23 21:00:00,2025,11,23,21,6,Sun,Nov,0.1337,0.1337,46035,231,31.54,low,21:00,OP
7846,2025-11-23 22:00:00,2025,11,23,22,6,Sun,Nov,0.1291,0.1291,46035,231,30.46,low,22:00,OP
7847,2025-11-23 23:00:00,2025,11,23,23,6,Sun,Nov,0.0971,0.1,46035,231,23.6,low,23:00,OP
7848,2025-11-24 00:00:00,2025,11,24,0,0,Weekday,Nov,0.1105,0.1105,46035,231,26.08,low,00:00,OP
7849,2025-11-24 01:00:00,2025,11,24,1,0,Weekday,Nov,0.1022,0.1022,46035,231,24.12,low,01:00,OP
7850,2025-11-24 02:00:00,2025,11,24,2,0,Weekday,Nov,0.1079,0.1079,46035,231,25.46,low,02:00,OP
7851,2025-11-24 03:00:00,2025,11,24,3,0,Weekday,Nov,0.1285,0.1285,46035,231,30.32,low,03:00,OP
7852,2025-11-24 04:00:00,2025,11,24,4,0,Weekday,Nov,0.1432,0.1432,46035,231,33.79,low,04:00,OP
7853,2025-11-24 05:00:00,2025,11,24,5,0,Weekday,Nov,0.157,0.157,46035,231,37.05,low,05:00,OP
7854,2025-11-24 06:00:00,2025,11,24,6,0,Weekday,Nov,0.289,0.289,46035,231,68.2,low,06:00,STD
7855,2025-11-24 07:00:00,2025,11,24,7,0,Weekday,Nov,0.046,0.1,46035,231,23.6,low,07:00,PK
7856,2025-11-24 08:00:00,2025,11,24,8,0,Weekday,Nov,0.3365,0.3365,46035,231,79.4,low,08:00,PK
7857,2025-11-24 09:00:00,2025,11,24,9,0,Weekday,Nov,0.6077,0.6077,46035,231,143.4,low,09:00,STD
7858,2025-11-24 10:00:00,2025,11,24,10,0,Weekday,Nov,0.5644,0.5644,46035,231,133.18,low,10:00,STD
7859,2025-11-24 11:00:00,2025,11,24,11,0,Weekday,Nov,0.5577,0.5577,46035,231,131.6,low,11:00,STD
7860,2025-11-24 12:00:00,2025,11,24,12,0,Weekday,Nov,0.5319,0.5319,46035,231,125.51,low,12:00,STD
7861,2025-11-24 13:00:00,2025,11,24,13,0,Weekday,Nov,0.5076,0.5076,46035,231,119.78,low,13:00,STD
7862,2025-11-24 14:00:00,2025,11,24,14,0,Weekday,Nov,0.4855,0.4855,46035,231,114.56,low,14:00,STD
7863,2025-11-24 15:00:00,2025,11,24,15,0,Weekday,Nov,0.4967,0.4967,46035,231,117.21,low,15:00,STD
7864,2025-11-24 16:00:00,2025,11,24,16,0,Weekday,Nov,0.5252,0.5252,46035,231,123.93,low,16:00,STD
7865,2025-11-24 17:00:00,2025,11,24,17,0,Weekday,Nov,0.2875,0.2875,46035,231,67.84,low,17:00,STD
7866,2025-11-24 18:00:00,2025,11,24,18,0,Weekday,Nov,0.0394,0.1,46035,231,23.6,low,18:00,PK
7867,2025-11-24 19:00:00,2025,11,24,19,0,Weekday,Nov,0.0369,0.1,46035,231,23.6,low,19:00,PK
7868,2025-11-24 20:00:00,2025,11,24,20,0,Weekday,Nov,0.2441,0.2441,46035,231,57.6,low,20:00,PK
7869,2025-11-24 21:00:00,2025,11,24,21,0,Weekday,Nov,0.4107,0.4107,46035,231,96.91,low,21:00,STD
7870,2025-11-24 22:00:00,2025,11,24,22,0,Weekday,Nov,0.1291,0.1291,46035,231,30.46,low,22:00,OP
7871,2025-11-24 23:00:00,2025,11,24,23,0,Weekday,Nov,0.0986,0.1,46035,231,23.6,low,23:00,OP
7872,2025-11-25 00:00:00,2025,11,25,0,1,Weekday,Nov,0.1105,0.1105,46035,231,26.08,low,00:00,OP
7873,2025-11-25 01:00:00,2025,11,25,1,1,Weekday,Nov,0.1022,0.1022,46035,231,24.12,low,01:00,OP
7874,2025-11-25 02:00:00,2025,11,25,2,1,Weekday,Nov,0.1079,0.1079,46035,231,25.46,low,02:00,OP
7875,2025-11-25 03:00:00,2025,11,25,3,1,Weekday,Nov,0.1285,0.1285,46035,231,30.32,low,03:00,OP
7876,2025-11-25 04:00:00,2025,11,25,4,1,Weekday,Nov,0.1432,0.1432,46035,231,33.79,low,04:00,OP
7877,2025-11-25 05:00:00,2025,11,25,5,1,Weekday,Nov,0.157,0.157,46035,231,37.05,low,05:00,OP
7878,2025-11-25 06:00:00,2025,11,25,6,1,Weekday,Nov,0.289,0.289,46035,231,68.2,low,06:00,STD
7879,2025-11-25 07:00:00,2025,11,25,7,1,Weekday,Nov,0.046,0.1,46035,231,23.6,low,07:00,PK
7880,2025-11-25 08:00:00,2025,11,25,8,1,Weekday,Nov,0.3365,0.3365,46035,231,79.4,low,08:00,PK
7881,2025-11-25 09:00:00,2025,11,25,9,1,Weekday,Nov,0.6077,0.6077,46035,231,143.4,low,09:00,STD
7882,2025-11-25 10:00:00,2025,11,25,10,1,Weekday,Nov,0.5644,0.5644,46035,231,133.18,low,10:00,STD
7883,2025-11-25 11:00:00,2025,11,25,11,1,Weekday,Nov,0.5577,0.5577,46035,231,131.6,low,11:00,STD
7884,2025-11-25 12:00:00,2025,11,25,12,1,Weekday,Nov,0.5319,0.5319,46035,231,125.51,low,12:00,STD
7885,2025-11-25 13:00:00,2025,11,25,13,1,Weekday,Nov,0.5076,0.5076,46035,231,119.78,low,13:00,STD
7886,2025-11-25 14:00:00,2025,11,25,14,1,Weekday,Nov,0.4855,0.4855,46035,231,114.56,low,14:00,STD
7887,2025-11-25 15:00:00,2025,11,25,15,1,Weekday,Nov,0.4967,0.4967,46035,231,117.21,low,15:00,STD
7888,2025-11-25 16:00:00,2025,11,25,16,1,Weekday,Nov,0.5252,0.5252,46035,231,123.93,low,16:00,STD
7889,2025-11-25 17:00:00,2025,11,25,17,1,Weekday,Nov,0.2875,0.2875,46035,231,67.84,low,17:00,STD
7890,2025-11-25 18:00:00,2025,11,25,18,1,Weekday,Nov,0.0394,0.1,46035,231,23.6,low,18:00,PK
7891,2025-11-25 19:00:00,2025,11,25,19,1,Weekday,Nov,0.0369,0.1,46035,231,23.6,low,19:00,PK
7892,2025-11-25 20:00:00,2025,11,25,20,1,Weekday,Nov,0.2441,0.2441,46035,231,57.6,low,20:00,PK
7893,2025-11-25 21:00:00,2025,11,25,21,1,Weekday,Nov,0.4107,0.4107,46035,231,96.91,low,21:00,STD
7894,2025-11-25 22:00:00,2025,11,25,22,1,Weekday,Nov,0.1291,0.1291,46035,231,30.46,low,22:00,OP
7895,2025-11-25 23:00:00,2025,11,25,23,1,Weekday,Nov,0.0986,0.1,46035,231,23.6,low,23:00,OP
7896,2025-11-26 00:00:00,2025,11,26,0,2,Weekday,Nov,0.1105,0.1105,46035,231,26.08,low,00:00,OP
7897,2025-11-26 01:00:00,2025,11,26,1,2,Weekday,Nov,0.1022,0.1022,46035,231,24.12,low,01:00,OP
7898,2025-11-26 02:00:00,2025,11,26,2,2,Weekday,Nov,0.1079,0.1079,46035,231,25.46,low,02:00,OP
7899,2025-11-26 03:00:00,2025,11,26,3,2,Weekday,Nov,0.1285,0.1285,46035,231,30.32,low,03:00,OP
7900,2025-11-26 04:00:00,2025,11,26,4,2,Weekday,Nov,0.1432,0.1432,46035,231,33.79,low,04:00,OP
7901,2025-11-26 05:00:00,2025,11,26,5,2,Weekday,Nov,0.157,0.157,46035,231,37.05,low,05:00,OP
7902,2025-11-26 06:00:00,2025,11,26,6,2,Weekday,Nov,0.289,0.289,46035,231,68.2,low,06:00,STD
7903,2025-11-26 07:00:00,2025,11,26,7,2,Weekday,Nov,0.046,0.1,46035,231,23.6,low,07:00,PK
7904,2025-11-26 08:00:00,2025,11,26,8,2,Weekday,Nov,0.3365,0.3365,46035,231,79.4,low,08:00,PK
7905,2025-11-26 09:00:00,2025,11,26,9,2,Weekday,Nov,0.6077,0.6077,46035,231,143.4,low,09:00,STD
7906,2025-11-26 10:00:00,2025,11,26,10,2,Weekday,Nov,0.5644,0.5644,46035,231,133.18,low,10:00,STD
7907,2025-11-26 11:00:00,2025,11,26,11,2,Weekday,Nov,0.5577,0.5577,46035,231,131.6,low,11:00,STD
7908,2025-11-26 12:00:00,2025,11,26,12,2,Weekday,Nov,0.5319,0.5319,46035,231,125.51,low,12:00,STD
7909,2025-11-26 13:00:00,2025,11,26,13,2,Weekday,Nov,0.5076,0.5076,46035,231,119.78,low,13:00,STD
7910,2025-11-26 14:00:00,2025,11,26,14,2,Weekday,Nov,0.4855,0.4855,46035,231,114.56,low,14:00,STD
7911,2025-11-26 15:00:00,2025,11,26,15,2,Weekday,Nov,0.4967,0.4967,46035,231,117.21,low,15:00,STD
7912,2025-11-26 16:00:00,2025,11,26,16,2,Weekday,Nov,0.5252,0.5252,46035,231,123.93,low,16:00,STD
7913,2025-11-26 17:00:00,2025,11,26,17,2,Weekday,Nov,0.2875,0.2875,46035,231,67.84,low,17:00,STD
7914,2025-11-26 18:00:00,2025,11,26,18,2,Weekday,Nov,0.0394,0.1,46035,231,23.6,low,18:00,PK
7915,2025-11-26 19:00:00,2025,11,26,19,2,Weekday,Nov,0.0369,0.1,46035,231,23.6,low,19:00,PK
7916,2025-11-26 20:00:00,2025,11,26,20,2,Weekday,Nov,0.2441,0.2441,46035,231,57.6,low,20:00,PK
7917,2025-11-26 21:00:00,2025,11,26,21,2,Weekday,Nov,0.4107,0.4107,46035,231,96.91,low,21:00,STD
7918,2025-11-26 22:00:00,2025,11,26,22,2,Weekday,Nov,0.1291,0.1291,46035,231,30.46,low,22:00,OP
7919,2025-11-26 23:00:00,2025,11,26,23,2,Weekday,Nov,0.0986,0.1,46035,231,23.6,low,23:00,OP
7920,2025-11-27 00:00:00,2025,11,27,0,3,Weekday,Nov,0.1105,0.1105,46035,231,26.08,low,00:00,OP
7921,2025-11-27 01:00:00,2025,11,27,1,3,Weekday,Nov,0.1022,0.1022,46035,231,24.12,low,01:00,OP
7922,2025-11-27 02:00:00,2025,11,27,2,3,Weekday,Nov,0.1079,0.1079,46035,231,25.46,low,02:00,OP
7923,2025-11-27 03:00:00,2025,11,27,3,3,Weekday,Nov,0.1285,0.1285,46035,231,30.32,low,03:00,OP
7924,2025-11-27 04:00:00,2025,11,27,4,3,Weekday,Nov,0.1432,0.1432,46035,231,33.79,low,04:00,OP
7925,2025-11-27 05:00:00,2025,11,27,5,3,Weekday,Nov,0.157,0.157,46035,231,37.05,low,05:00,OP
7926,2025-11-27 06:00:00,2025,11,27,6,3,Weekday,Nov,0.289,0.289,46035,231,68.2,low,06:00,STD
7927,2025-11-27 07:00:00,2025,11,27,7,3,Weekday,Nov,0.046,0.1,46035,231,23.6,low,07:00,PK
7928,2025-11-27 08:00:00,2025,11,27,8,3,Weekday,Nov,0.3365,0.3365,46035,231,79.4,low,08:00,PK
7929,2025-11-27 09:00:00,2025,11,27,9,3,Weekday,Nov,0.6077,0.6077,46035,231,143.4,low,09:00,STD
7930,2025-11-27 10:00:00,2025,11,27,10,3,Weekday,Nov,0.5644,0.5644,46035,231,133.18,low,10:00,STD
7931,2025-11-27 11:00:00,2025,11,27,11,3,Weekday,Nov,0.5577,0.5577,46035,231,131.6,low,11:00,STD
7932,2025-11-27 12:00:00,2025,11,27,12,3,Weekday,Nov,0.5319,0.5319,46035,231,125.51,low,12:00,STD
7933,2025-11-27 13:00:00,2025,11,27,13,3,Weekday,Nov,0.5076,0.5076,46035,231,119.78,low,13:00,STD
7934,2025-11-27 14:00:00,2025,11,27,14,3,Weekday,Nov,0.4855,0.4855,46035,231,114.56,low,14:00,STD
7935,2025-11-27 15:00:00,2025,11,27,15,3,Weekday,Nov,0.4967,0.4967,46035,231,117.21,low,15:00,STD
7936,2025-11-27 16:00:00,2025,11,27,16,3,Weekday,Nov,0.5252,0.5252,46035,231,123.93,low,16:00,STD
7937,2025-11-27 17:00:00,2025,11,27,17,3,Weekday,Nov,0.2875,0.2875,46035,231,67.84,low,17:00,STD
7938,2025-11-27 18:00:00,2025,11,27,18,3,Weekday,Nov,0.0394,0.1,46035,231,23.6,low,18:00,PK
7939,2025-11-27 19:00:00,2025,11,27,19,3,Weekday,Nov,0.0369,0.1,46035,231,23.6,low,19:00,PK
7940,2025-11-27 20:00:00,2025,11,27,20,3,Weekday,Nov,0.2441,0.2441,46035,231,57.6,low,20:00,PK
7941,2025-11-27 21:00:00,2025,11,27,21,3,Weekday,Nov,0.4107,0.4107,46035,231,96.91,low,21:00,STD
7942,2025-11-27 22:00:00,2025,11,27,22,3,Weekday,Nov,0.1291,0.1291,46035,231,30.46,low,22:00,OP
7943,2025-11-27 23:00:00,2025,11,27,23,3,Weekday,Nov,0.0986,0.1,46035,231,23.6,low,23:00,OP
7944,2025-11-28 00:00:00,2025,11,28,0,4,Weekday,Nov,0.1105,0.1105,46035,231,26.08,low,00:00,OP
7945,2025-11-28 01:00:00,2025,11,28,1,4,Weekday,Nov,0.1022,0.1022,46035,231,24.12,low,01:00,OP
7946,2025-11-28 02:00:00,2025,11,28,2,4,Weekday,Nov,0.1079,0.1079,46035,231,25.46,low,02:00,OP
7947,2025-11-28 03:00:00,2025,11,28,3,4,Weekday,Nov,0.1285,0.1285,46035,231,30.32,low,03:00,OP
7948,2025-11-28 04:00:00,2025,11,28,4,4,Weekday,Nov,0.1432,0.1432,46035,231,33.79,low,04:00,OP
7949,2025-11-28 05:00:00,2025,11,28,5,4,Weekday,Nov,0.157,0.157,46035,231,37.05,low,05:00,OP
7950,2025-11-28 06:00:00,2025,11,28,6,4,Weekday,Nov,0.289,0.289,46035,231,68.2,low,06:00,STD
7951,2025-11-28 07:00:00,2025,11,28,7,4,Weekday,Nov,0.046,0.1,46035,231,23.6,low,07:00,PK
7952,2025-11-28 08:00:00,2025,11,28,8,4,Weekday,Nov,0.3365,0.3365,46035,231,79.4,low,08:00,PK
7953,2025-11-28 09:00:00,2025,11,28,9,4,Weekday,Nov,0.6077,0.6077,46035,231,143.4,low,09:00,STD
7954,2025-11-28 10:00:00,2025,11,28,10,4,Weekday,Nov,0.5644,0.5644,46035,231,133.18,low,10:00,STD
7955,2025-11-28 11:00:00,2025,11,28,11,4,Weekday,Nov,0.5577,0.5577,46035,231,131.6,low,11:00,STD
7956,2025-11-28 12:00:00,2025,11,28,12,4,Weekday,Nov,0.5319,0.5319,46035,231,125.51,low,12:00,STD
7957,2025-11-28 13:00:00,2025,11,28,13,4,Weekday,Nov,0.5076,0.5076,46035,231,119.78,low,13:00,STD
7958,2025-11-28 14:00:00,2025,11,28,14,4,Weekday,Nov,0.4855,0.4855,46035,231,114.56,low,14:00,STD
7959,2025-11-28 15:00:00,2025,11,28,15,4,Weekday,Nov,0.4967,0.4967,46035,231,117.21,low,15:00,STD
7960,2025-11-28 16:00:00,2025,11,28,16,4,Weekday,Nov,0.5252,0.5252,46035,231,123.93,low,16:00,STD
7961,2025-11-28 17:00:00,2025,11,28,17,4,Weekday,Nov,0.2875,0.2875,46035,231,67.84,low,17:00,STD
7962,2025-11-28 18:00:00,2025,11,28,18,4,Weekday,Nov,0.0394,0.1,46035,231,23.6,low,18:00,PK
7963,2025-11-28 19:00:00,2025,11,28,19,4,Weekday,Nov,0.0369,0.1,46035,231,23.6,low,19:00,PK
7964,2025-11-28 20:00:00,2025,11,28,20,4,Weekday,Nov,0.2441,0.2441,46035,231,57.6,low,20:00,PK
7965,2025-11-28 21:00:00,2025,11,28,21,4,Weekday,Nov,0.4107,0.4107,46035,231,96.91,low,21:00,STD
7966,2025-11-28 22:00:00,2025,11,28,22,4,Weekday,Nov,0.1291,0.1291,46035,231,30.46,low,22:00,OP
7967,2025-11-28 23:00:00,2025,11,28,23,4,Weekday,Nov,0.0986,0.1,46035,231,23.6,low,23:00,OP
7968,2025-11-29 00:00:00,2025,11,29,0,5,Sat,Nov,0.11,0.11,46035,231,25.95,low,00:00,OP
7969,2025-11-29 01:00:00,2025,11,29,1,5,Sat,Nov,0.1034,0.1034,46035,231,24.4,low,01:00,OP
7970,2025-11-29 02:00:00,2025,11,29,2,5,Sat,Nov,0.1073,0.1073,46035,231,25.32,low,02:00,OP
7971,2025-11-29 03:00:00,2025,11,29,3,5,Sat,Nov,0.1261,0.1261,46035,231,29.75,low,03:00,OP
7972,2025-11-29 04:00:00,2025,11,29,4,5,Sat,Nov,0.1426,0.1426,46035,231,33.65,low,04:00,OP
7973,2025-11-29 05:00:00,2025,11,29,5,5,Sat,Nov,0.1505,0.1505,46035,231,35.52,low,05:00,OP
7974,2025-11-29 06:00:00,2025,11,29,6,5,Sat,Nov,0.1655,0.1655,46035,231,39.05,low,06:00,OP
7975,2025-11-29 07:00:00,2025,11,29,7,5,Sat,Nov,0.3932,0.3932,46035,231,92.78,low,07:00,STD
7976,2025-11-29 08:00:00,2025,11,29,8,5,Sat,Nov,0.379,0.379,46035,231,89.43,low,08:00,STD
7977,2025-11-29 09:00:00,2025,11,29,9,5,Sat,Nov,0.3775,0.3775,46035,231,89.07,low,09:00,STD
7978,2025-11-29 10:00:00,2025,11,29,10,5,Sat,Nov,0.3608,0.3608,46035,231,85.13,low,10:00,STD
7979,2025-11-29 11:00:00,2025,11,29,11,5,Sat,Nov,0.3558,0.3558,46035,231,83.96,low,11:00,STD
7980,2025-11-29 12:00:00,2025,11,29,12,5,Sat,Nov,0.1722,0.1722,46035,231,40.64,low,12:00,OP
7981,2025-11-29 13:00:00,2025,11,29,13,5,Sat,Nov,0.1653,0.1653,46035,231,39.0,low,13:00,OP
7982,2025-11-29 14:00:00,2025,11,29,14,5,Sat,Nov,0.1541,0.1541,46035,231,36.36,low,14:00,OP
7983,2025-11-29 15:00:00,2025,11,29,15,5,Sat,Nov,0.1547,0.1547,46035,231,36.51,low,15:00,OP
7984,2025-11-29 16:00:00,2025,11,29,16,5,Sat,Nov,0.1634,0.1634,46035,231,38.56,low,16:00,OP
7985,2025-11-29 17:00:00,2025,11,29,17,5,Sat,Nov,0.3292,0.3292,46035,231,77.68,low,17:00,OP
7986,2025-11-29 18:00:00,2025,11,29,18,5,Sat,Nov,0.521,0.521,46035,231,122.94,low,18:00,STD
7987,2025-11-29 19:00:00,2025,11,29,19,5,Sat,Nov,0.3252,0.3252,46035,231,76.73,low,19:00,STD
7988,2025-11-29 20:00:00,2025,11,29,20,5,Sat,Nov,0.1437,0.1437,46035,231,33.91,low,20:00,OP
7989,2025-11-29 21:00:00,2025,11,29,21,5,Sat,Nov,0.1337,0.1337,46035,231,31.54,low,21:00,OP
7990,2025-11-29 22:00:00,2025,11,29,22,5,Sat,Nov,0.1291,0.1291,46035,231,30.46,low,22:00,OP
7991,2025-11-29 23:00:00,2025,11,29,23,5,Sat,Nov,0.0971,0.1,46035,231,23.6,low,23:00,OP
7992,2025-11-30 00:00:00,2025,11,30,0,6,Sun,Nov,0.11,0.11,46035,231,25.95,low,00:00,OP
7993,2025-11-30 01:00:00,2025,11,30,1,6,Sun,Nov,0.1034,0.1034,46035,231,24.4,low,01:00,OP
7994,2025-11-30 02:00:00,2025,11,30,2,6,Sun,Nov,0.1073,0.1073,46035,231,25.32,low,02:00,OP
7995,2025-11-30 03:00:00,2025,11,30,3,6,Sun,Nov,0.1261,0.1261,46035,231,29.75,low,03:00,OP
7996,2025-11-30 04:00:00,2025,11,30,4,6,Sun,Nov,0.1426,0.1426,46035,231,33.65,low,04:00,OP
7997,2025-11-30 05:00:00,2025,11,30,5,6,Sun,Nov,0.1505,0.1505,46035,231,35.52,low,05:00,OP
7998,2025-11-30 06:00:00,2025,11,30,6,6,Sun,Nov,0.1655,0.1655,46035,231,39.05,low,06:00,OP
7999,2025-11-30 07:00:00,2025,11,30,7,6,Sun,Nov,0.3932,0.3932,46035,231,92.78,low,07:00,OP
8000,2025-11-30 08:00:00,2025,11,30,8,6,Sun,Nov,0.379,0.379,46035,231,89.43,low,08:00,OP
8001,2025-11-30 09:00:00,2025,11,30,9,6,Sun,Nov,0.3775,0.3775,46035,231,89.07,low,09:00,OP
8002,2025-11-30 10:00:00,2025,11,30,10,6,Sun,Nov,0.3608,0.3608,46035,231,85.13,low,10:00,OP
8003,2025-11-30 11:00:00,2025,11,30,11,6,Sun,Nov,0.3558,0.3558,46035,231,83.96,low,11:00,OP
8004,2025-11-30 12:00:00,2025,11,30,12,6,Sun,Nov,0.1722,0.1722,46035,231,40.64,low,12:00,OP
8005,2025-11-30 13:00:00,2025,11,30,13,6,Sun,Nov,0.1653,0.1653,46035,231,39.0,low,13:00,OP
8006,2025-11-30 14:00:00,2025,11,30,14,6,Sun,Nov,0.1541,0.1541,46035,231,36.36,low,14:00,OP
8007,2025-11-30 15:00:00,2025,11,30,15,6,Sun,Nov,0.1547,0.1547,46035,231,36.51,low,15:00,OP
8008,2025-11-30 16:00:00,2025,11,30,16,6,Sun,Nov,0.1634,0.1634,46035,231,38.56,low,16:00,OP
8009,2025-11-30 17:00:00,2025,11,30,17,6,Sun,Nov,0.3292,0.3292,46035,231,77.68,low,17:00,OP
8010,2025-11-30 18:00:00,2025,11,30,18,6,Sun,Nov,0.521,0.521,46035,231,122.94,low,18:00,STD
8011,2025-11-30 19:00:00,2025,11,30,19,6,Sun,Nov,0.3252,0.3252,46035,231,76.73,low,19:00,STD
8012,2025-11-30 20:00:00,2025,11,30,20,6,Sun,Nov,0.1437,0.1437,46035,231,33.91,low,20:00,OP
8013,2025-11-30 21:00:00,2025,11,30,21,6,Sun,Nov,0.1337,0.1337,46035,231,31.54,low,21:00,OP
8014,2025-11-30 22:00:00,2025,11,30,22,6,Sun,Nov,0.1291,0.1291,46035,231,30.46,low,22:00,OP
8015,2025-11-30 23:00:00,2025,11,30,23,6,Sun,Nov,0.0971,0.1,46035,231,23.6,low,23:00,OP
8016,2025-12-01 00:00:00,2025,12,1,0,0,Weekday,Dec,0.1105,0.1105,46035,231,24.71,low,00:00,OP
8017,2025-12-01 01:00:00,2025,12,1,1,0,Weekday,Dec,0.1022,0.1022,46035,231,22.85,low,01:00,OP
8018,2025-12-01 02:00:00,2025,12,1,2,0,Weekday,Dec,0.1079,0.1079,46035,231,24.12,low,02:00,OP
8019,2025-12-01 03:00:00,2025,12,1,3,0,Weekday,Dec,0.1285,0.1285,46035,231,28.72,low,03:00,OP
8020,2025-12-01 04:00:00,2025,12,1,4,0,Weekday,Dec,0.1432,0.1432,46035,231,32.01,low,04:00,OP
8021,2025-12-01 05:00:00,2025,12,1,5,0,Weekday,Dec,0.157,0.157,46035,231,35.1,low,05:00,OP
8022,2025-12-01 06:00:00,2025,12,1,6,0,Weekday,Dec,0.289,0.289,46035,231,64.61,low,06:00,STD
8023,2025-12-01 07:00:00,2025,12,1,7,0,Weekday,Dec,0.046,0.1,46035,231,22.35,low,07:00,PK
8024,2025-12-01 08:00:00,2025,12,1,8,0,Weekday,Dec,0.3365,0.3365,46035,231,75.22,low,08:00,PK
8025,2025-12-01 09:00:00,2025,12,1,9,0,Weekday,Dec,0.6077,0.6077,46035,231,135.85,low,09:00,STD
8026,2025-12-01 10:00:00,2025,12,1,10,0,Weekday,Dec,0.5644,0.5644,46035,231,126.17,low,10:00,STD
8027,2025-12-01 11:00:00,2025,12,1,11,0,Weekday,Dec,0.5577,0.5577,46035,231,124.67,low,11:00,STD
8028,2025-12-01 12:00:00,2025,12,1,12,0,Weekday,Dec,0.5319,0.5319,46035,231,118.91,low,12:00,STD
8029,2025-12-01 13:00:00,2025,12,1,13,0,Weekday,Dec,0.5076,0.5076,46035,231,113.48,low,13:00,STD
8030,2025-12-01 14:00:00,2025,12,1,14,0,Weekday,Dec,0.4855,0.4855,46035,231,108.53,low,14:00,STD
8031,2025-12-01 15:00:00,2025,12,1,15,0,Weekday,Dec,0.4967,0.4967,46035,231,111.04,low,15:00,STD
8032,2025-12-01 16:00:00,2025,12,1,16,0,Weekday,Dec,0.5252,0.5252,46035,231,117.41,low,16:00,STD
8033,2025-12-01 17:00:00,2025,12,1,17,0,Weekday,Dec,0.2875,0.2875,46035,231,64.27,low,17:00,STD
8034,2025-12-01 18:00:00,2025,12,1,18,0,Weekday,Dec,0.0394,0.1,46035,231,22.35,low,18:00,PK
8035,2025-12-01 19:00:00,2025,12,1,19,0,Weekday,Dec,0.0369,0.1,46035,231,22.35,low,19:00,PK
8036,2025-12-01 20:00:00,2025,12,1,20,0,Weekday,Dec,0.2441,0.2441,46035,231,54.57,low,20:00,PK
8037,2025-12-01 21:00:00,2025,12,1,21,0,Weekday,Dec,0.4107,0.4107,46035,231,91.81,low,21:00,STD
8038,2025-12-01 22:00:00,2025,12,1,22,0,Weekday,Dec,0.1291,0.1291,46035,231,28.86,low,22:00,OP
8039,2025-12-01 23:00:00,2025,12,1,23,0,Weekday,Dec,0.0986,0.1,46035,231,22.35,low,23:00,OP
8040,2025-12-02 00:00:00,2025,12,2,0,1,Weekday,Dec,0.1105,0.1105,46035,231,24.71,low,00:00,OP
8041,2025-12-02 01:00:00,2025,12,2,1,1,Weekday,Dec,0.1022,0.1022,46035,231,22.85,low,01:00,OP
8042,2025-12-02 02:00:00,2025,12,2,2,1,Weekday,Dec,0.1079,0.1079,46035,231,24.12,low,02:00,OP
8043,2025-12-02 03:00:00,2025,12,2,3,1,Weekday,Dec,0.1285,0.1285,46035,231,28.72,low,03:00,OP
8044,2025-12-02 04:00:00,2025,12,2,4,1,Weekday,Dec,0.1432,0.1432,46035,231,32.01,low,04:00,OP
8045,2025-12-02 05:00:00,2025,12,2,5,1,Weekday,Dec,0.157,0.157,46035,231,35.1,low,05:00,OP
8046,2025-12-02 06:00:00,2025,12,2,6,1,Weekday,Dec,0.289,0.289,46035,231,64.61,low,06:00,STD
8047,2025-12-02 07:00:00,2025,12,2,7,1,Weekday,Dec,0.046,0.1,46035,231,22.35,low,07:00,PK
8048,2025-12-02 08:00:00,2025,12,2,8,1,Weekday,Dec,0.3365,0.3365,46035,231,75.22,low,08:00,PK
8049,2025-12-02 09:00:00,2025,12,2,9,1,Weekday,Dec,0.6077,0.6077,46035,231,135.85,low,09:00,STD
8050,2025-12-02 10:00:00,2025,12,2,10,1,Weekday,Dec,0.5644,0.5644,46035,231,126.17,low,10:00,STD
8051,2025-12-02 11:00:00,2025,12,2,11,1,Weekday,Dec,0.5577,0.5577,46035,231,124.67,low,11:00,STD
8052,2025-12-02 12:00:00,2025,12,2,12,1,Weekday,Dec,0.5319,0.5319,46035,231,118.91,low,12:00,STD
8053,2025-12-02 13:00:00,2025,12,2,13,1,Weekday,Dec,0.5076,0.5076,46035,231,113.48,low,13:00,STD
8054,2025-12-02 14:00:00,2025,12,2,14,1,Weekday,Dec,0.4855,0.4855,46035,231,108.53,low,14:00,STD
8055,2025-12-02 15:00:00,2025,12,2,15,1,Weekday,Dec,0.4967,0.4967,46035,231,111.04,low,15:00,STD
8056,2025-12-02 16:00:00,2025,12,2,16,1,Weekday,Dec,0.5252,0.5252,46035,231,117.41,low,16:00,STD
8057,2025-12-02 17:00:00,2025,12,2,17,1,Weekday,Dec,0.2875,0.2875,46035,231,64.27,low,17:00,STD
8058,2025-12-02 18:00:00,2025,12,2,18,1,Weekday,Dec,0.0394,0.1,46035,231,22.35,low,18:00,PK
8059,2025-12-02 19:00:00,2025,12,2,19,1,Weekday,Dec,0.0369,0.1,46035,231,22.35,low,19:00,PK
8060,2025-12-02 20:00:00,2025,12,2,20,1,Weekday,Dec,0.2441,0.2441,46035,231,54.57,low,20:00,PK
8061,2025-12-02 21:00:00,2025,12,2,21,1,Weekday,Dec,0.4107,0.4107,46035,231,91.81,low,21:00,STD
8062,2025-12-02 22:00:00,2025,12,2,22,1,Weekday,Dec,0.1291,0.1291,46035,231,28.86,low,22:00,OP
8063,2025-12-02 23:00:00,2025,12,2,23,1,Weekday,Dec,0.0986,0.1,46035,231,22.35,low,23:00,OP
8064,2025-12-03 00:00:00,2025,12,3,0,2,Weekday,Dec,0.1105,0.1105,46035,231,24.71,low,00:00,OP
8065,2025-12-03 01:00:00,2025,12,3,1,2,Weekday,Dec,0.1022,0.1022,46035,231,22.85,low,01:00,OP
8066,2025-12-03 02:00:00,2025,12,3,2,2,Weekday,Dec,0.1079,0.1079,46035,231,24.12,low,02:00,OP
8067,2025-12-03 03:00:00,2025,12,3,3,2,Weekday,Dec,0.1285,0.1285,46035,231,28.72,low,03:00,OP
8068,2025-12-03 04:00:00,2025,12,3,4,2,Weekday,Dec,0.1432,0.1432,46035,231,32.01,low,04:00,OP
8069,2025-12-03 05:00:00,2025,12,3,5,2,Weekday,Dec,0.157,0.157,46035,231,35.1,low,05:00,OP
8070,2025-12-03 06:00:00,2025,12,3,6,2,Weekday,Dec,0.289,0.289,46035,231,64.61,low,06:00,STD
8071,2025-12-03 07:00:00,2025,12,3,7,2,Weekday,Dec,0.046,0.1,46035,231,22.35,low,07:00,PK
8072,2025-12-03 08:00:00,2025,12,3,8,2,Weekday,Dec,0.3365,0.3365,46035,231,75.22,low,08:00,PK
8073,2025-12-03 09:00:00,2025,12,3,9,2,Weekday,Dec,0.6077,0.6077,46035,231,135.85,low,09:00,STD
8074,2025-12-03 10:00:00,2025,12,3,10,2,Weekday,Dec,0.5644,0.5644,46035,231,126.17,low,10:00,STD
8075,2025-12-03 11:00:00,2025,12,3,11,2,Weekday,Dec,0.5577,0.5577,46035,231,124.67,low,11:00,STD
8076,2025-12-03 12:00:00,2025,12,3,12,2,Weekday,Dec,0.5319,0.5319,46035,231,118.91,low,12:00,STD
8077,2025-12-03 13:00:00,2025,12,3,13,2,Weekday,Dec,0.5076,0.5076,46035,231,113.48,low,13:00,STD
8078,2025-12-03 14:00:00,2025,12,3,14,2,Weekday,Dec,0.4855,0.4855,46035,231,108.53,low,14:00,STD
8079,2025-12-03 15:00:00,2025,12,3,15,2,Weekday,Dec,0.4967,0.4967,46035,231,111.04,low,15:00,STD
8080,2025-12-03 16:00:00,2025,12,3,16,2,Weekday,Dec,0.5252,0.5252,46035,231,117.41,low,16:00,STD
8081,2025-12-03 17:00:00,2025,12,3,17,2,Weekday,Dec,0.2875,0.2875,46035,231,64.27,low,17:00,STD
8082,2025-12-03 18:00:00,2025,12,3,18,2,Weekday,Dec,0.0394,0.1,46035,231,22.35,low,18:00,PK
8083,2025-12-03 19:00:00,2025,12,3,19,2,Weekday,Dec,0.0369,0.1,46035,231,22.35,low,19:00,PK
8084,2025-12-03 20:00:00,2025,12,3,20,2,Weekday,Dec,0.2441,0.2441,46035,231,54.57,low,20:00,PK
8085,2025-12-03 21:00:00,2025,12,3,21,2,Weekday,Dec,0.4107,0.4107,46035,231,91.81,low,21:00,STD
8086,2025-12-03 22:00:00,2025,12,3,22,2,Weekday,Dec,0.1291,0.1291,46035,231,28.86,low,22:00,OP
8087,2025-12-03 23:00:00,2025,12,3,23,2,Weekday,Dec,0.0986,0.1,46035,231,22.35,low,23:00,OP
8088,2025-12-04 00:00:00,2025,12,4,0,3,Weekday,Dec,0.1105,0.1105,46035,231,24.71,low,00:00,OP
8089,2025-12-04 01:00:00,2025,12,4,1,3,Weekday,Dec,0.1022,0.1022,46035,231,22.85,low,01:00,OP
8090,2025-12-04 02:00:00,2025,12,4,2,3,Weekday,Dec,0.1079,0.1079,46035,231,24.12,low,02:00,OP
8091,2025-12-04 03:00:00,2025,12,4,3,3,Weekday,Dec,0.1285,0.1285,46035,231,28.72,low,03:00,OP
8092,2025-12-04 04:00:00,2025,12,4,4,3,Weekday,Dec,0.1432,0.1432,46035,231,32.01,low,04:00,OP
8093,2025-12-04 05:00:00,2025,12,4,5,3,Weekday,Dec,0.157,0.157,46035,231,35.1,low,05:00,OP
8094,2025-12-04 06:00:00,2025,12,4,6,3,Weekday,Dec,0.289,0.289,46035,231,64.61,low,06:00,STD
8095,2025-12-04 07:00:00,2025,12,4,7,3,Weekday,Dec,0.046,0.1,46035,231,22.35,low,07:00,PK
8096,2025-12-04 08:00:00,2025,12,4,8,3,Weekday,Dec,0.3365,0.3365,46035,231,75.22,low,08:00,PK
8097,2025-12-04 09:00:00,2025,12,4,9,3,Weekday,Dec,0.6077,0.6077,46035,231,135.85,low,09:00,STD
8098,2025-12-04 10:00:00,2025,12,4,10,3,Weekday,Dec,0.5644,0.5644,46035,231,126.17,low,10:00,STD
8099,2025-12-04 11:00:00,2025,12,4,11,3,Weekday,Dec,0.5577,0.5577,46035,231,124.67,low,11:00,STD
8100,2025-12-04 12:00:00,2025,12,4,12,3,Weekday,Dec,0.5319,0.5319,46035,231,118.91,low,12:00,STD
8101,2025-12-04 13:00:00,2025,12,4,13,3,Weekday,Dec,0.5076,0.5076,46035,231,113.48,low,13:00,STD
8102,2025-12-04 14:00:00,2025,12,4,14,3,Weekday,Dec,0.4855,0.4855,46035,231,108.53,low,14:00,STD
8103,2025-12-04 15:00:00,2025,12,4,15,3,Weekday,Dec,0.4967,0.4967,46035,231,111.04,low,15:00,STD
8104,2025-12-04 16:00:00,2025,12,4,16,3,Weekday,Dec,0.5252,0.5252,46035,231,117.41,low,16:00,STD
8105,2025-12-04 17:00:00,2025,12,4,17,3,Weekday,Dec,0.2875,0.2875,46035,231,64.27,low,17:00,STD
8106,2025-12-04 18:00:00,2025,12,4,18,3,Weekday,Dec,0.0394,0.1,46035,231,22.35,low,18:00,PK
8107,2025-12-04 19:00:00,2025,12,4,19,3,Weekday,Dec,0.0369,0.1,46035,231,22.35,low,19:00,PK
8108,2025-12-04 20:00:00,2025,12,4,20,3,Weekday,Dec,0.2441,0.2441,46035,231,54.57,low,20:00,PK
8109,2025-12-04 21:00:00,2025,12,4,21,3,Weekday,Dec,0.4107,0.4107,46035,231,91.81,low,21:00,STD
8110,2025-12-04 22:00:00,2025,12,4,22,3,Weekday,Dec,0.1291,0.1291,46035,231,28.86,low,22:00,OP
8111,2025-12-04 23:00:00,2025,12,4,23,3,Weekday,Dec,0.0986,0.1,46035,231,22.35,low,23:00,OP
8112,2025-12-05 00:00:00,2025,12,5,0,4,Weekday,Dec,0.1105,0.1105,46035,231,24.71,low,00:00,OP
8113,2025-12-05 01:00:00,2025,12,5,1,4,Weekday,Dec,0.1022,0.1022,46035,231,22.85,low,01:00,OP
8114,2025-12-05 02:00:00,2025,12,5,2,4,Weekday,Dec,0.1079,0.1079,46035,231,24.12,low,02:00,OP
8115,2025-12-05 03:00:00,2025,12,5,3,4,Weekday,Dec,0.1285,0.1285,46035,231,28.72,low,03:00,OP
8116,2025-12-05 04:00:00,2025,12,5,4,4,Weekday,Dec,0.1432,0.1432,46035,231,32.01,low,04:00,OP
8117,2025-12-05 05:00:00,2025,12,5,5,4,Weekday,Dec,0.157,0.157,46035,231,35.1,low,05:00,OP
8118,2025-12-05 06:00:00,2025,12,5,6,4,Weekday,Dec,0.289,0.289,46035,231,64.61,low,06:00,STD
8119,2025-12-05 07:00:00,2025,12,5,7,4,Weekday,Dec,0.046,0.1,46035,231,22.35,low,07:00,PK
8120,2025-12-05 08:00:00,2025,12,5,8,4,Weekday,Dec,0.3365,0.3365,46035,231,75.22,low,08:00,PK
8121,2025-12-05 09:00:00,2025,12,5,9,4,Weekday,Dec,0.6077,0.6077,46035,231,135.85,low,09:00,STD
8122,2025-12-05 10:00:00,2025,12,5,10,4,Weekday,Dec,0.5644,0.5644,46035,231,126.17,low,10:00,STD
8123,2025-12-05 11:00:00,2025,12,5,11,4,Weekday,Dec,0.5577,0.5577,46035,231,124.67,low,11:00,STD
8124,2025-12-05 12:00:00,2025,12,5,12,4,Weekday,Dec,0.5319,0.5319,46035,231,118.91,low,12:00,STD
8125,2025-12-05 13:00:00,2025,12,5,13,4,Weekday,Dec,0.5076,0.5076,46035,231,113.48,low,13:00,STD
8126,2025-12-05 14:00:00,2025,12,5,14,4,Weekday,Dec,0.4855,0.4855,46035,231,108.53,low,14:00,STD
8127,2025-12-05 15:00:00,2025,12,5,15,4,Weekday,Dec,0.4967,0.4967,46035,231,111.04,low,15:00,STD
8128,2025-12-05 16:00:00,2025,12,5,16,4,Weekday,Dec,0.5252,0.5252,46035,231,117.41,low,16:00,STD
8129,2025-12-05 17:00:00,2025,12,5,17,4,Weekday,Dec,0.2875,0.2875,46035,231,64.27,low,17:00,STD
8130,2025-12-05 18:00:00,2025,12,5,18,4,Weekday,Dec,0.0394,0.1,46035,231,22.35,low,18:00,PK
8131,2025-12-05 19:00:00,2025,12,5,19,4,Weekday,Dec,0.0369,0.1,46035,231,22.35,low,19:00,PK
8132,2025-12-05 20:00:00,2025,12,5,20,4,Weekday,Dec,0.2441,0.2441,46035,231,54.57,low,20:00,PK
8133,2025-12-05 21:00:00,2025,12,5,21,4,Weekday,Dec,0.4107,0.4107,46035,231,91.81,low,21:00,STD
8134,2025-12-05 22:00:00,2025,12,5,22,4,Weekday,Dec,0.1291,0.1291,46035,231,28.86,low,22:00,OP
8135,2025-12-05 23:00:00,2025,12,5,23,4,Weekday,Dec,0.0986,0.1,46035,231,22.35,low,23:00,OP
8136,2025-12-06 00:00:00,2025,12,6,0,5,Sat,Dec,0.11,0.11,46035,231,24.59,low,00:00,OP
8137,2025-12-06 01:00:00,2025,12,6,1,5,Sat,Dec,0.1034,0.1034,46035,231,23.12,low,01:00,OP
8138,2025-12-06 02:00:00,2025,12,6,2,5,Sat,Dec,0.1073,0.1073,46035,231,23.99,low,02:00,OP
8139,2025-12-06 03:00:00,2025,12,6,3,5,Sat,Dec,0.1261,0.1261,46035,231,28.19,low,03:00,OP
8140,2025-12-06 04:00:00,2025,12,6,4,5,Sat,Dec,0.1426,0.1426,46035,231,31.87,low,04:00,OP
8141,2025-12-06 05:00:00,2025,12,6,5,5,Sat,Dec,0.1505,0.1505,46035,231,33.65,low,05:00,OP
8142,2025-12-06 06:00:00,2025,12,6,6,5,Sat,Dec,0.1655,0.1655,46035,231,37.0,low,06:00,OP
8143,2025-12-06 07:00:00,2025,12,6,7,5,Sat,Dec,0.3932,0.3932,46035,231,87.9,low,07:00,STD
8144,2025-12-06 08:00:00,2025,12,6,8,5,Sat,Dec,0.379,0.379,46035,231,84.73,low,08:00,STD
8145,2025-12-06 09:00:00,2025,12,6,9,5,Sat,Dec,0.3775,0.3775,46035,231,84.38,low,09:00,STD
8146,2025-12-06 10:00:00,2025,12,6,10,5,Sat,Dec,0.3608,0.3608,46035,231,80.65,low,10:00,STD
8147,2025-12-06 11:00:00,2025,12,6,11,5,Sat,Dec,0.3558,0.3558,46035,231,79.54,low,11:00,STD
8148,2025-12-06 12:00:00,2025,12,6,12,5,Sat,Dec,0.1722,0.1722,46035,231,38.5,low,12:00,OP
8149,2025-12-06 13:00:00,2025,12,6,13,5,Sat,Dec,0.1653,0.1653,46035,231,36.95,low,13:00,OP
8150,2025-12-06 14:00:00,2025,12,6,14,5,Sat,Dec,0.1541,0.1541,46035,231,34.45,low,14:00,OP
8151,2025-12-06 15:00:00,2025,12,6,15,5,Sat,Dec,0.1547,0.1547,46035,231,34.59,low,15:00,OP
8152,2025-12-06 16:00:00,2025,12,6,16,5,Sat,Dec,0.1634,0.1634,46035,231,36.53,low,16:00,OP
8153,2025-12-06 17:00:00,2025,12,6,17,5,Sat,Dec,0.3292,0.3292,46035,231,73.59,low,17:00,OP
8154,2025-12-06 18:00:00,2025,12,6,18,5,Sat,Dec,0.521,0.521,46035,231,116.46,low,18:00,STD
8155,2025-12-06 19:00:00,2025,12,6,19,5,Sat,Dec,0.3252,0.3252,46035,231,72.69,low,19:00,STD
8156,2025-12-06 20:00:00,2025,12,6,20,5,Sat,Dec,0.1437,0.1437,46035,231,32.12,low,20:00,OP
8157,2025-12-06 21:00:00,2025,12,6,21,5,Sat,Dec,0.1337,0.1337,46035,231,29.88,low,21:00,OP
8158,2025-12-06 22:00:00,2025,12,6,22,5,Sat,Dec,0.1291,0.1291,46035,231,28.86,low,22:00,OP
8159,2025-12-06 23:00:00,2025,12,6,23,5,Sat,Dec,0.0971,0.1,46035,231,22.35,low,23:00,OP
8160,2025-12-07 00:00:00,2025,12,7,0,6,Sun,Dec,0.11,0.11,46035,231,24.59,low,00:00,OP
8161,2025-12-07 01:00:00,2025,12,7,1,6,Sun,Dec,0.1034,0.1034,46035,231,23.12,low,01:00,OP
8162,2025-12-07 02:00:00,2025,12,7,2,6,Sun,Dec,0.1073,0.1073,46035,231,23.99,low,02:00,OP
8163,2025-12-07 03:00:00,2025,12,7,3,6,Sun,Dec,0.1261,0.1261,46035,231,28.19,low,03:00,OP
8164,2025-12-07 04:00:00,2025,12,7,4,6,Sun,Dec,0.1426,0.1426,46035,231,31.87,low,04:00,OP
8165,2025-12-07 05:00:00,2025,12,7,5,6,Sun,Dec,0.1505,0.1505,46035,231,33.65,low,05:00,OP
8166,2025-12-07 06:00:00,2025,12,7,6,6,Sun,Dec,0.1655,0.1655,46035,231,37.0,low,06:00,OP
8167,2025-12-07 07:00:00,2025,12,7,7,6,Sun,Dec,0.3932,0.3932,46035,231,87.9,low,07:00,OP
8168,2025-12-07 08:00:00,2025,12,7,8,6,Sun,Dec,0.379,0.379,46035,231,84.73,low,08:00,OP
8169,2025-12-07 09:00:00,2025,12,7,9,6,Sun,Dec,0.3775,0.3775,46035,231,84.38,low,09:00,OP
8170,2025-12-07 10:00:00,2025,12,7,10,6,Sun,Dec,0.3608,0.3608,46035,231,80.65,low,10:00,OP
8171,2025-12-07 11:00:00,2025,12,7,11,6,Sun,Dec,0.3558,0.3558,46035,231,79.54,low,11:00,OP
8172,2025-12-07 12:00:00,2025,12,7,12,6,Sun,Dec,0.1722,0.1722,46035,231,38.5,low,12:00,OP
8173,2025-12-07 13:00:00,2025,12,7,13,6,Sun,Dec,0.1653,0.1653,46035,231,36.95,low,13:00,OP
8174,2025-12-07 14:00:00,2025,12,7,14,6,Sun,Dec,0.1541,0.1541,46035,231,34.45,low,14:00,OP
8175,2025-12-07 15:00:00,2025,12,7,15,6,Sun,Dec,0.1547,0.1547,46035,231,34.59,low,15:00,OP
8176,2025-12-07 16:00:00,2025,12,7,16,6,Sun,Dec,0.1634,0.1634,46035,231,36.53,low,16:00,OP
8177,2025-12-07 17:00:00,2025,12,7,17,6,Sun,Dec,0.3292,0.3292,46035,231,73.59,low,17:00,OP
8178,2025-12-07 18:00:00,2025,12,7,18,6,Sun,Dec,0.521,0.521,46035,231,116.46,low,18:00,STD
8179,2025-12-07 19:00:00,2025,12,7,19,6,Sun,Dec,0.3252,0.3252,46035,231,72.69,low,19:00,STD
8180,2025-12-07 20:00:00,2025,12,7,20,6,Sun,Dec,0.1437,0.1437,46035,231,32.12,low,20:00,OP
8181,2025-12-07 21:00:00,2025,12,7,21,6,Sun,Dec,0.1337,0.1337,46035,231,29.88,low,21:00,OP
8182,2025-12-07 22:00:00,2025,12,7,22,6,Sun,Dec,0.1291,0.1291,46035,231,28.86,low,22:00,OP
8183,2025-12-07 23:00:00,2025,12,7,23,6,Sun,Dec,0.0971,0.1,46035,231,22.35,low,23:00,OP
8184,2025-12-08 00:00:00,2025,12,8,0,0,Weekday,Dec,0.1105,0.1105,46035,231,24.71,low,00:00,OP
8185,2025-12-08 01:00:00,2025,12,8,1,0,Weekday,Dec,0.1022,0.1022,46035,231,22.85,low,01:00,OP
8186,2025-12-08 02:00:00,2025,12,8,2,0,Weekday,Dec,0.1079,0.1079,46035,231,24.12,low,02:00,OP
8187,2025-12-08 03:00:00,2025,12,8,3,0,Weekday,Dec,0.1285,0.1285,46035,231,28.72,low,03:00,OP
8188,2025-12-08 04:00:00,2025,12,8,4,0,Weekday,Dec,0.1432,0.1432,46035,231,32.01,low,04:00,OP
8189,2025-12-08 05:00:00,2025,12,8,5,0,Weekday,Dec,0.157,0.157,46035,231,35.1,low,05:00,OP
8190,2025-12-08 06:00:00,2025,12,8,6,0,Weekday,Dec,0.289,0.289,46035,231,64.61,low,06:00,STD
8191,2025-12-08 07:00:00,2025,12,8,7,0,Weekday,Dec,0.046,0.1,46035,231,22.35,low,07:00,PK
8192,2025-12-08 08:00:00,2025,12,8,8,0,Weekday,Dec,0.3365,0.3365,46035,231,75.22,low,08:00,PK
8193,2025-12-08 09:00:00,2025,12,8,9,0,Weekday,Dec,0.6077,0.6077,46035,231,135.85,low,09:00,STD
8194,2025-12-08 10:00:00,2025,12,8,10,0,Weekday,Dec,0.5644,0.5644,46035,231,126.17,low,10:00,STD
8195,2025-12-08 11:00:00,2025,12,8,11,0,Weekday,Dec,0.5577,0.5577,46035,231,124.67,low,11:00,STD
8196,2025-12-08 12:00:00,2025,12,8,12,0,Weekday,Dec,0.5319,0.5319,46035,231,118.91,low,12:00,STD
8197,2025-12-08 13:00:00,2025,12,8,13,0,Weekday,Dec,0.5076,0.5076,46035,231,113.48,low,13:00,STD
8198,2025-12-08 14:00:00,2025,12,8,14,0,Weekday,Dec,0.4855,0.4855,46035,231,108.53,low,14:00,STD
8199,2025-12-08 15:00:00,2025,12,8,15,0,Weekday,Dec,0.4967,0.4967,46035,231,111.04,low,15:00,STD
8200,2025-12-08 16:00:00,2025,12,8,16,0,Weekday,Dec,0.5252,0.5252,46035,231,117.41,low,16:00,STD
8201,2025-12-08 17:00:00,2025,12,8,17,0,Weekday,Dec,0.2875,0.2875,46035,231,64.27,low,17:00,STD
8202,2025-12-08 18:00:00,2025,12,8,18,0,Weekday,Dec,0.0394,0.1,46035,231,22.35,low,18:00,PK
8203,2025-12-08 19:00:00,2025,12,8,19,0,Weekday,Dec,0.0369,0.1,46035,231,22.35,low,19:00,PK
8204,2025-12-08 20:00:00,2025,12,8,20,0,Weekday,Dec,0.2441,0.2441,46035,231,54.57,low,20:00,PK
8205,2025-12-08 21:00:00,2025,12,8,21,0,Weekday,Dec,0.4107,0.4107,46035,231,91.81,low,21:00,STD
8206,2025-12-08 22:00:00,2025,12,8,22,0,Weekday,Dec,0.1291,0.1291,46035,231,28.86,low,22:00,OP
8207,2025-12-08 23:00:00,2025,12,8,23,0,Weekday,Dec,0.0986,0.1,46035,231,22.35,low,23:00,OP
8208,2025-12-09 00:00:00,2025,12,9,0,1,Weekday,Dec,0.1105,0.1105,46035,231,24.71,low,00:00,OP
8209,2025-12-09 01:00:00,2025,12,9,1,1,Weekday,Dec,0.1022,0.1022,46035,231,22.85,low,01:00,OP
8210,2025-12-09 02:00:00,2025,12,9,2,1,Weekday,Dec,0.1079,0.1079,46035,231,24.12,low,02:00,OP
8211,2025-12-09 03:00:00,2025,12,9,3,1,Weekday,Dec,0.1285,0.1285,46035,231,28.72,low,03:00,OP
8212,2025-12-09 04:00:00,2025,12,9,4,1,Weekday,Dec,0.1432,0.1432,46035,231,32.01,low,04:00,OP
8213,2025-12-09 05:00:00,2025,12,9,5,1,Weekday,Dec,0.157,0.157,46035,231,35.1,low,05:00,OP
8214,2025-12-09 06:00:00,2025,12,9,6,1,Weekday,Dec,0.289,0.289,46035,231,64.61,low,06:00,STD
8215,2025-12-09 07:00:00,2025,12,9,7,1,Weekday,Dec,0.046,0.1,46035,231,22.35,low,07:00,PK
8216,2025-12-09 08:00:00,2025,12,9,8,1,Weekday,Dec,0.3365,0.3365,46035,231,75.22,low,08:00,PK
8217,2025-12-09 09:00:00,2025,12,9,9,1,Weekday,Dec,0.6077,0.6077,46035,231,135.85,low,09:00,STD
8218,2025-12-09 10:00:00,2025,12,9,10,1,Weekday,Dec,0.5644,0.5644,46035,231,126.17,low,10:00,STD
8219,2025-12-09 11:00:00,2025,12,9,11,1,Weekday,Dec,0.5577,0.5577,46035,231,124.67,low,11:00,STD
8220,2025-12-09 12:00:00,2025,12,9,12,1,Weekday,Dec,0.5319,0.5319,46035,231,118.91,low,12:00,STD
8221,2025-12-09 13:00:00,2025,12,9,13,1,Weekday,Dec,0.5076,0.5076,46035,231,113.48,low,13:00,STD
8222,2025-12-09 14:00:00,2025,12,9,14,1,Weekday,Dec,0.4855,0.4855,46035,231,108.53,low,14:00,STD
8223,2025-12-09 15:00:00,2025,12,9,15,1,Weekday,Dec,0.4967,0.4967,46035,231,111.04,low,15:00,STD
8224,2025-12-09 16:00:00,2025,12,9,16,1,Weekday,Dec,0.5252,0.5252,46035,231,117.41,low,16:00,STD
8225,2025-12-09 17:00:00,2025,12,9,17,1,Weekday,Dec,0.2875,0.2875,46035,231,64.27,low,17:00,STD
8226,2025-12-09 18:00:00,2025,12,9,18,1,Weekday,Dec,0.0394,0.1,46035,231,22.35,low,18:00,PK
8227,2025-12-09 19:00:00,2025,12,9,19,1,Weekday,Dec,0.0369,0.1,46035,231,22.35,low,19:00,PK
8228,2025-12-09 20:00:00,2025,12,9,20,1,Weekday,Dec,0.2441,0.2441,46035,231,54.57,low,20:00,PK
8229,2025-12-09 21:00:00,2025,12,9,21,1,Weekday,Dec,0.4107,0.4107,46035,231,91.81,low,21:00,STD
8230,2025-12-09 22:00:00,2025,12,9,22,1,Weekday,Dec,0.1291,0.1291,46035,231,28.86,low,22:00,OP
8231,2025-12-09 23:00:00,2025,12,9,23,1,Weekday,Dec,0.0986,0.1,46035,231,22.35,low,23:00,OP
8232,2025-12-10 00:00:00,2025,12,10,0,2,Weekday,Dec,0.1105,0.1105,46035,231,24.71,low,00:00,OP
8233,2025-12-10 01:00:00,2025,12,10,1,2,Weekday,Dec,0.1022,0.1022,46035,231,22.85,low,01:00,OP
8234,2025-12-10 02:00:00,2025,12,10,2,2,Weekday,Dec,0.1079,0.1079,46035,231,24.12,low,02:00,OP
8235,2025-12-10 03:00:00,2025,12,10,3,2,Weekday,Dec,0.1285,0.1285,46035,231,28.72,low,03:00,OP
8236,2025-12-10 04:00:00,2025,12,10,4,2,Weekday,Dec,0.1432,0.1432,46035,231,32.01,low,04:00,OP
8237,2025-12-10 05:00:00,2025,12,10,5,2,Weekday,Dec,0.157,0.157,46035,231,35.1,low,05:00,OP
8238,2025-12-10 06:00:00,2025,12,10,6,2,Weekday,Dec,0.289,0.289,46035,231,64.61,low,06:00,STD
8239,2025-12-10 07:00:00,2025,12,10,7,2,Weekday,Dec,0.046,0.1,46035,231,22.35,low,07:00,PK
8240,2025-12-10 08:00:00,2025,12,10,8,2,Weekday,Dec,0.3365,0.3365,46035,231,75.22,low,08:00,PK
8241,2025-12-10 09:00:00,2025,12,10,9,2,Weekday,Dec,0.6077,0.6077,46035,231,135.85,low,09:00,STD
8242,2025-12-10 10:00:00,2025,12,10,10,2,Weekday,Dec,0.5644,0.5644,46035,231,126.17,low,10:00,STD
8243,2025-12-10 11:00:00,2025,12,10,11,2,Weekday,Dec,0.5577,0.5577,46035,231,124.67,low,11:00,STD
8244,2025-12-10 12:00:00,2025,12,10,12,2,Weekday,Dec,0.5319,0.5319,46035,231,118.91,low,12:00,STD
8245,2025-12-10 13:00:00,2025,12,10,13,2,Weekday,Dec,0.5076,0.5076,46035,231,113.48,low,13:00,STD
8246,2025-12-10 14:00:00,2025,12,10,14,2,Weekday,Dec,0.4855,0.4855,46035,231,108.53,low,14:00,STD
8247,2025-12-10 15:00:00,2025,12,10,15,2,Weekday,Dec,0.4967,0.4967,46035,231,111.04,low,15:00,STD
8248,2025-12-10 16:00:00,2025,12,10,16,2,Weekday,Dec,0.5252,0.5252,46035,231,117.41,low,16:00,STD
8249,2025-12-10 17:00:00,2025,12,10,17,2,Weekday,Dec,0.2875,0.2875,46035,231,64.27,low,17:00,STD
8250,2025-12-10 18:00:00,2025,12,10,18,2,Weekday,Dec,0.0394,0.1,46035,231,22.35,low,18:00,PK
8251,2025-12-10 19:00:00,2025,12,10,19,2,Weekday,Dec,0.0369,0.1,46035,231,22.35,low,19:00,PK
8252,2025-12-10 20:00:00,2025,12,10,20,2,Weekday,Dec,0.2441,0.2441,46035,231,54.57,low,20:00,PK
8253,2025-12-10 21:00:00,2025,12,10,21,2,Weekday,Dec,0.4107,0.4107,46035,231,91.81,low,21:00,STD
8254,2025-12-10 22:00:00,2025,12,10,22,2,Weekday,Dec,0.1291,0.1291,46035,231,28.86,low,22:00,OP
8255,2025-12-10 23:00:00,2025,12,10,23,2,Weekday,Dec,0.0986,0.1,46035,231,22.35,low,23:00,OP
8256,2025-12-11 00:00:00,2025,12,11,0,3,Weekday,Dec,0.1105,0.1105,46035,231,24.71,low,00:00,OP
8257,2025-12-11 01:00:00,2025,12,11,1,3,Weekday,Dec,0.1022,0.1022,46035,231,22.85,low,01:00,OP
8258,2025-12-11 02:00:00,2025,12,11,2,3,Weekday,Dec,0.1079,0.1079,46035,231,24.12,low,02:00,OP
8259,2025-12-11 03:00:00,2025,12,11,3,3,Weekday,Dec,0.1285,0.1285,46035,231,28.72,low,03:00,OP
8260,2025-12-11 04:00:00,2025,12,11,4,3,Weekday,Dec,0.1432,0.1432,46035,231,32.01,low,04:00,OP
8261,2025-12-11 05:00:00,2025,12,11,5,3,Weekday,Dec,0.157,0.157,46035,231,35.1,low,05:00,OP
8262,2025-12-11 06:00:00,2025,12,11,6,3,Weekday,Dec,0.289,0.289,46035,231,64.61,low,06:00,STD
8263,2025-12-11 07:00:00,2025,12,11,7,3,Weekday,Dec,0.046,0.1,46035,231,22.35,low,07:00,PK
8264,2025-12-11 08:00:00,2025,12,11,8,3,Weekday,Dec,0.3365,0.3365,46035,231,75.22,low,08:00,PK
8265,2025-12-11 09:00:00,2025,12,11,9,3,Weekday,Dec,0.6077,0.6077,46035,231,135.85,low,09:00,STD
8266,2025-12-11 10:00:00,2025,12,11,10,3,Weekday,Dec,0.5644,0.5644,46035,231,126.17,low,10:00,STD
8267,2025-12-11 11:00:00,2025,12,11,11,3,Weekday,Dec,0.5577,0.5577,46035,231,124.67,low,11:00,STD
8268,2025-12-11 12:00:00,2025,12,11,12,3,Weekday,Dec,0.5319,0.5319,46035,231,118.91,low,12:00,STD
8269,2025-12-11 13:00:00,2025,12,11,13,3,Weekday,Dec,0.5076,0.5076,46035,231,113.48,low,13:00,STD
8270,2025-12-11 14:00:00,2025,12,11,14,3,Weekday,Dec,0.4855,0.4855,46035,231,108.53,low,14:00,STD
8271,2025-12-11 15:00:00,2025,12,11,15,3,Weekday,Dec,0.4967,0.4967,46035,231,111.04,low,15:00,STD
8272,2025-12-11 16:00:00,2025,12,11,16,3,Weekday,Dec,0.5252,0.5252,46035,231,117.41,low,16:00,STD
8273,2025-12-11 17:00:00,2025,12,11,17,3,Weekday,Dec,0.2875,0.2875,46035,231,64.27,low,17:00,STD
8274,2025-12-11 18:00:00,2025,12,11,18,3,Weekday,Dec,0.0394,0.1,46035,231,22.35,low,18:00,PK
8275,2025-12-11 19:00:00,2025,12,11,19,3,Weekday,Dec,0.0369,0.1,46035,231,22.35,low,19:00,PK
8276,2025-12-11 20:00:00,2025,12,11,20,3,Weekday,Dec,0.2441,0.2441,46035,231,54.57,low,20:00,PK
8277,2025-12-11 21:00:00,2025,12,11,21,3,Weekday,Dec,0.4107,0.4107,46035,231,91.81,low,21:00,STD
8278,2025-12-11 22:00:00,2025,12,11,22,3,Weekday,Dec,0.1291,0.1291,46035,231,28.86,low,22:00,OP
8279,2025-12-11 23:00:00,2025,12,11,23,3,Weekday,Dec,0.0986,0.1,46035,231,22.35,low,23:00,OP
8280,2025-12-12 00:00:00,2025,12,12,0,4,Weekday,Dec,0.1105,0.1105,46035,231,24.71,low,00:00,OP
8281,2025-12-12 01:00:00,2025,12,12,1,4,Weekday,Dec,0.1022,0.1022,46035,231,22.85,low,01:00,OP
8282,2025-12-12 02:00:00,2025,12,12,2,4,Weekday,Dec,0.1079,0.1079,46035,231,24.12,low,02:00,OP
8283,2025-12-12 03:00:00,2025,12,12,3,4,Weekday,Dec,0.1285,0.1285,46035,231,28.72,low,03:00,OP
8284,2025-12-12 04:00:00,2025,12,12,4,4,Weekday,Dec,0.1432,0.1432,46035,231,32.01,low,04:00,OP
8285,2025-12-12 05:00:00,2025,12,12,5,4,Weekday,Dec,0.157,0.157,46035,231,35.1,low,05:00,OP
8286,2025-12-12 06:00:00,2025,12,12,6,4,Weekday,Dec,0.289,0.289,46035,231,64.61,low,06:00,STD
8287,2025-12-12 07:00:00,2025,12,12,7,4,Weekday,Dec,0.046,0.1,46035,231,22.35,low,07:00,PK
8288,2025-12-12 08:00:00,2025,12,12,8,4,Weekday,Dec,0.3365,0.3365,46035,231,75.22,low,08:00,PK
8289,2025-12-12 09:00:00,2025,12,12,9,4,Weekday,Dec,0.6077,0.6077,46035,231,135.85,low,09:00,STD
8290,2025-12-12 10:00:00,2025,12,12,10,4,Weekday,Dec,0.5644,0.5644,46035,231,126.17,low,10:00,STD
8291,2025-12-12 11:00:00,2025,12,12,11,4,Weekday,Dec,0.5577,0.5577,46035,231,124.67,low,11:00,STD
8292,2025-12-12 12:00:00,2025,12,12,12,4,Weekday,Dec,0.5319,0.5319,46035,231,118.91,low,12:00,STD
8293,2025-12-12 13:00:00,2025,12,12,13,4,Weekday,Dec,0.5076,0.5076,46035,231,113.48,low,13:00,STD
8294,2025-12-12 14:00:00,2025,12,12,14,4,Weekday,Dec,0.4855,0.4855,46035,231,108.53,low,14:00,STD
8295,2025-12-12 15:00:00,2025,12,12,15,4,Weekday,Dec,0.4967,0.4967,46035,231,111.04,low,15:00,STD
8296,2025-12-12 16:00:00,2025,12,12,16,4,Weekday,Dec,0.5252,0.5252,46035,231,117.41,low,16:00,STD
8297,2025-12-12 17:00:00,2025,12,12,17,4,Weekday,Dec,0.2875,0.2875,46035,231,64.27,low,17:00,STD
8298,2025-12-12 18:00:00,2025,12,12,18,4,Weekday,Dec,0.0394,0.1,46035,231,22.35,low,18:00,PK
8299,2025-12-12 19:00:00,2025,12,12,19,4,Weekday,Dec,0.0369,0.1,46035,231,22.35,low,19:00,PK
8300,2025-12-12 20:00:00,2025,12,12,20,4,Weekday,Dec,0.2441,0.2441,46035,231,54.57,low,20:00,PK
8301,2025-12-12 21:00:00,2025,12,12,21,4,Weekday,Dec,0.4107,0.4107,46035,231,91.81,low,21:00,STD
8302,2025-12-12 22:00:00,2025,12,12,22,4,Weekday,Dec,0.1291,0.1291,46035,231,28.86,low,22:00,OP
8303,2025-12-12 23:00:00,2025,12,12,23,4,Weekday,Dec,0.0986,0.1,46035,231,22.35,low,23:00,OP
8304,2025-12-13 00:00:00,2025,12,13,0,5,Sat,Dec,0.11,0.11,46035,231,24.59,low,00:00,OP
8305,2025-12-13 01:00:00,2025,12,13,1,5,Sat,Dec,0.1034,0.1034,46035,231,23.12,low,01:00,OP
8306,2025-12-13 02:00:00,2025,12,13,2,5,Sat,Dec,0.1073,0.1073,46035,231,23.99,low,02:00,OP
8307,2025-12-13 03:00:00,2025,12,13,3,5,Sat,Dec,0.1261,0.1261,46035,231,28.19,low,03:00,OP
8308,2025-12-13 04:00:00,2025,12,13,4,5,Sat,Dec,0.1426,0.1426,46035,231,31.87,low,04:00,OP
8309,2025-12-13 05:00:00,2025,12,13,5,5,Sat,Dec,0.1505,0.1505,46035,231,33.65,low,05:00,OP
8310,2025-12-13 06:00:00,2025,12,13,6,5,Sat,Dec,0.1655,0.1655,46035,231,37.0,low,06:00,OP
8311,2025-12-13 07:00:00,2025,12,13,7,5,Sat,Dec,0.3932,0.3932,46035,231,87.9,low,07:00,STD
8312,2025-12-13 08:00:00,2025,12,13,8,5,Sat,Dec,0.379,0.379,46035,231,84.73,low,08:00,STD
8313,2025-12-13 09:00:00,2025,12,13,9,5,Sat,Dec,0.3775,0.3775,46035,231,84.38,low,09:00,STD
8314,2025-12-13 10:00:00,2025,12,13,10,5,Sat,Dec,0.3608,0.3608,46035,231,80.65,low,10:00,STD
8315,2025-12-13 11:00:00,2025,12,13,11,5,Sat,Dec,0.3558,0.3558,46035,231,79.54,low,11:00,STD
8316,2025-12-13 12:00:00,2025,12,13,12,5,Sat,Dec,0.1722,0.1722,46035,231,38.5,low,12:00,OP
8317,2025-12-13 13:00:00,2025,12,13,13,5,Sat,Dec,0.1653,0.1653,46035,231,36.95,low,13:00,OP
8318,2025-12-13 14:00:00,2025,12,13,14,5,Sat,Dec,0.1541,0.1541,46035,231,34.45,low,14:00,OP
8319,2025-12-13 15:00:00,2025,12,13,15,5,Sat,Dec,0.1547,0.1547,46035,231,34.59,low,15:00,OP
8320,2025-12-13 16:00:00,2025,12,13,16,5,Sat,Dec,0.1634,0.1634,46035,231,36.53,low,16:00,OP
8321,2025-12-13 17:00:00,2025,12,13,17,5,Sat,Dec,0.3292,0.3292,46035,231,73.59,low,17:00,OP
8322,2025-12-13 18:00:00,2025,12,13,18,5,Sat,Dec,0.521,0.521,46035,231,116.46,low,18:00,STD
8323,2025-12-13 19:00:00,2025,12,13,19,5,Sat,Dec,0.3252,0.3252,46035,231,72.69,low,19:00,STD
8324,2025-12-13 20:00:00,2025,12,13,20,5,Sat,Dec,0.1437,0.1437,46035,231,32.12,low,20:00,OP
8325,2025-12-13 21:00:00,2025,12,13,21,5,Sat,Dec,0.1337,0.1337,46035,231,29.88,low,21:00,OP
8326,2025-12-13 22:00:00,2025,12,13,22,5,Sat,Dec,0.1291,0.1291,46035,231,28.86,low,22:00,OP
8327,2025-12-13 23:00:00,2025,12,13,23,5,Sat,Dec,0.0971,0.1,46035,231,22.35,low,23:00,OP
8328,2025-12-14 00:00:00,2025,12,14,0,6,Sun,Dec,0.11,0.11,46035,231,24.59,low,00:00,OP
8329,2025-12-14 01:00:00,2025,12,14,1,6,Sun,Dec,0.1034,0.1034,46035,231,23.12,low,01:00,OP
8330,2025-12-14 02:00:00,2025,12,14,2,6,Sun,Dec,0.1073,0.1073,46035,231,23.99,low,02:00,OP
8331,2025-12-14 03:00:00,2025,12,14,3,6,Sun,Dec,0.1261,0.1261,46035,231,28.19,low,03:00,OP
8332,2025-12-14 04:00:00,2025,12,14,4,6,Sun,Dec,0.1426,0.1426,46035,231,31.87,low,04:00,OP
8333,2025-12-14 05:00:00,2025,12,14,5,6,Sun,Dec,0.1505,0.1505,46035,231,33.65,low,05:00,OP
8334,2025-12-14 06:00:00,2025,12,14,6,6,Sun,Dec,0.1655,0.1655,46035,231,37.0,low,06:00,OP
8335,2025-12-14 07:00:00,2025,12,14,7,6,Sun,Dec,0.3932,0.3932,46035,231,87.9,low,07:00,OP
8336,2025-12-14 08:00:00,2025,12,14,8,6,Sun,Dec,0.379,0.379,46035,231,84.73,low,08:00,OP
8337,2025-12-14 09:00:00,2025,12,14,9,6,Sun,Dec,0.3775,0.3775,46035,231,84.38,low,09:00,OP
8338,2025-12-14 10:00:00,2025,12,14,10,6,Sun,Dec,0.3608,0.3608,46035,231,80.65,low,10:00,OP
8339,2025-12-14 11:00:00,2025,12,14,11,6,Sun,Dec,0.3558,0.3558,46035,231,79.54,low,11:00,OP
8340,2025-12-14 12:00:00,2025,12,14,12,6,Sun,Dec,0.1722,0.1722,46035,231,38.5,low,12:00,OP
8341,2025-12-14 13:00:00,2025,12,14,13,6,Sun,Dec,0.1653,0.1653,46035,231,36.95,low,13:00,OP
8342,2025-12-14 14:00:00,2025,12,14,14,6,Sun,Dec,0.1541,0.1541,46035,231,34.45,low,14:00,OP
8343,2025-12-14 15:00:00,2025,12,14,15,6,Sun,Dec,0.1547,0.1547,46035,231,34.59,low,15:00,OP
8344,2025-12-14 16:00:00,2025,12,14,16,6,Sun,Dec,0.1634,0.1634,46035,231,36.53,low,16:00,OP
8345,2025-12-14 17:00:00,2025,12,14,17,6,Sun,Dec,0.3292,0.3292,46035,231,73.59,low,17:00,OP
8346,2025-12-14 18:00:00,2025,12,14,18,6,Sun,Dec,0.521,0.521,46035,231,116.46,low,18:00,STD
8347,2025-12-14 19:00:00,2025,12,14,19,6,Sun,Dec,0.3252,0.3252,46035,231,72.69,low,19:00,STD
8348,2025-12-14 20:00:00,2025,12,14,20,6,Sun,Dec,0.1437,0.1437,46035,231,32.12,low,20:00,OP
8349,2025-12-14 21:00:00,2025,12,14,21,6,Sun,Dec,0.1337,0.1337,46035,231,29.88,low,21:00,OP
8350,2025-12-14 22:00:00,2025,12,14,22,6,Sun,Dec,0.1291,0.1291,46035,231,28.86,low,22:00,OP
8351,2025-12-14 23:00:00,2025,12,14,23,6,Sun,Dec,0.0971,0.1,46035,231,22.35,low,23:00,OP
8352,2025-12-15 00:00:00,2025,12,15,0,0,Weekday,Dec,0.1105,0.1105,46035,231,24.71,low,00:00,OP
8353,2025-12-15 01:00:00,2025,12,15,1,0,Weekday,Dec,0.1022,0.1022,46035,231,22.85,low,01:00,OP
8354,2025-12-15 02:00:00,2025,12,15,2,0,Weekday,Dec,0.1079,0.1079,46035,231,24.12,low,02:00,OP
8355,2025-12-15 03:00:00,2025,12,15,3,0,Weekday,Dec,0.1285,0.1285,46035,231,28.72,low,03:00,OP
8356,2025-12-15 04:00:00,2025,12,15,4,0,Weekday,Dec,0.1432,0.1432,46035,231,32.01,low,04:00,OP
8357,2025-12-15 05:00:00,2025,12,15,5,0,Weekday,Dec,0.157,0.157,46035,231,35.1,low,05:00,OP
8358,2025-12-15 06:00:00,2025,12,15,6,0,Weekday,Dec,0.289,0.289,46035,231,64.61,low,06:00,STD
8359,2025-12-15 07:00:00,2025,12,15,7,0,Weekday,Dec,0.046,0.1,46035,231,22.35,low,07:00,PK
8360,2025-12-15 08:00:00,2025,12,15,8,0,Weekday,Dec,0.3365,0.3365,46035,231,75.22,low,08:00,PK
8361,2025-12-15 09:00:00,2025,12,15,9,0,Weekday,Dec,0.6077,0.6077,46035,231,135.85,low,09:00,STD
8362,2025-12-15 10:00:00,2025,12,15,10,0,Weekday,Dec,0.5644,0.5644,46035,231,126.17,low,10:00,STD
8363,2025-12-15 11:00:00,2025,12,15,11,0,Weekday,Dec,0.5577,0.5577,46035,231,124.67,low,11:00,STD
8364,2025-12-15 12:00:00,2025,12,15,12,0,Weekday,Dec,0.5319,0.5319,46035,231,118.91,low,12:00,STD
8365,2025-12-15 13:00:00,2025,12,15,13,0,Weekday,Dec,0.5076,0.5076,46035,231,113.48,low,13:00,STD
8366,2025-12-15 14:00:00,2025,12,15,14,0,Weekday,Dec,0.4855,0.4855,46035,231,108.53,low,14:00,STD
8367,2025-12-15 15:00:00,2025,12,15,15,0,Weekday,Dec,0.4967,0.4967,46035,231,111.04,low,15:00,STD
8368,2025-12-15 16:00:00,2025,12,15,16,0,Weekday,Dec,0.5252,0.5252,46035,231,117.41,low,16:00,STD
8369,2025-12-15 17:00:00,2025,12,15,17,0,Weekday,Dec,0.2875,0.2875,46035,231,64.27,low,17:00,STD
8370,2025-12-15 18:00:00,2025,12,15,18,0,Weekday,Dec,0.0394,0.1,46035,231,22.35,low,18:00,PK
8371,2025-12-15 19:00:00,2025,12,15,19,0,Weekday,Dec,0.0369,0.1,46035,231,22.35,low,19:00,PK
8372,2025-12-15 20:00:00,2025,12,15,20,0,Weekday,Dec,0.2441,0.2441,46035,231,54.57,low,20:00,PK
8373,2025-12-15 21:00:00,2025,12,15,21,0,Weekday,Dec,0.4107,0.4107,46035,231,91.81,low,21:00,STD
8374,2025-12-15 22:00:00,2025,12,15,22,0,Weekday,Dec,0.1291,0.1291,46035,231,28.86,low,22:00,OP
8375,2025-12-15 23:00:00,2025,12,15,23,0,Weekday,Dec,0.0986,0.1,46035,231,22.35,low,23:00,OP
8376,2025-12-16 00:00:00,2025,12,16,0,1,Weekday,Dec,0.1105,0.1105,46035,231,24.71,low,00:00,OP
8377,2025-12-16 01:00:00,2025,12,16,1,1,Weekday,Dec,0.1022,0.1022,46035,231,22.85,low,01:00,OP
8378,2025-12-16 02:00:00,2025,12,16,2,1,Weekday,Dec,0.1079,0.1079,46035,231,24.12,low,02:00,OP
8379,2025-12-16 03:00:00,2025,12,16,3,1,Weekday,Dec,0.1285,0.1285,46035,231,28.72,low,03:00,OP
8380,2025-12-16 04:00:00,2025,12,16,4,1,Weekday,Dec,0.1432,0.1432,46035,231,32.01,low,04:00,OP
8381,2025-12-16 05:00:00,2025,12,16,5,1,Weekday,Dec,0.157,0.157,46035,231,35.1,low,05:00,OP
8382,2025-12-16 06:00:00,2025,12,16,6,1,Weekday,Dec,0.289,0.289,46035,231,64.61,low,06:00,STD
8383,2025-12-16 07:00:00,2025,12,16,7,1,Weekday,Dec,0.046,0.1,46035,231,22.35,low,07:00,PK
8384,2025-12-16 08:00:00,2025,12,16,8,1,Weekday,Dec,0.3365,0.3365,46035,231,75.22,low,08:00,PK
8385,2025-12-16 09:00:00,2025,12,16,9,1,Weekday,Dec,0.6077,0.6077,46035,231,135.85,low,09:00,STD
8386,2025-12-16 10:00:00,2025,12,16,10,1,Weekday,Dec,0.5644,0.5644,46035,231,126.17,low,10:00,STD
8387,2025-12-16 11:00:00,2025,12,16,11,1,Weekday,Dec,0.5577,0.5577,46035,231,124.67,low,11:00,STD
8388,2025-12-16 12:00:00,2025,12,16,12,1,Weekday,Dec,0.5319,0.5319,46035,231,118.91,low,12:00,STD
8389,2025-12-16 13:00:00,2025,12,16,13,1,Weekday,Dec,0.5076,0.5076,46035,231,113.48,low,13:00,STD
8390,2025-12-16 14:00:00,2025,12,16,14,1,Weekday,Dec,0.4855,0.4855,46035,231,108.53,low,14:00,STD
8391,2025-12-16 15:00:00,2025,12,16,15,1,Weekday,Dec,0.4967,0.4967,46035,231,111.04,low,15:00,STD
8392,2025-12-16 16:00:00,2025,12,16,16,1,Weekday,Dec,0.5252,0.5252,46035,231,117.41,low,16:00,STD
8393,2025-12-16 17:00:00,2025,12,16,17,1,Weekday,Dec,0.2875,0.2875,46035,231,64.27,low,17:00,STD
8394,2025-12-16 18:00:00,2025,12,16,18,1,Weekday,Dec,0.0394,0.1,46035,231,22.35,low,18:00,PK
8395,2025-12-16 19:00:00,2025,12,16,19,1,Weekday,Dec,0.0369,0.1,46035,231,22.35,low,19:00,PK
8396,2025-12-16 20:00:00,2025,12,16,20,1,Weekday,Dec,0.2441,0.2441,46035,231,54.57,low,20:00,PK
8397,2025-12-16 21:00:00,2025,12,16,21,1,Weekday,Dec,0.4107,0.4107,46035,231,91.81,low,21:00,STD
8398,2025-12-16 22:00:00,2025,12,16,22,1,Weekday,Dec,0.1291,0.1291,46035,231,28.86,low,22:00,OP
8399,2025-12-16 23:00:00,2025,12,16,23,1,Weekday,Dec,0.0986,0.1,46035,231,22.35,low,23:00,OP
8400,2025-12-17 00:00:00,2025,12,17,0,2,Weekday,Dec,0.1105,0.1105,46035,231,24.71,low,00:00,OP
8401,2025-12-17 01:00:00,2025,12,17,1,2,Weekday,Dec,0.1022,0.1022,46035,231,22.85,low,01:00,OP
8402,2025-12-17 02:00:00,2025,12,17,2,2,Weekday,Dec,0.1079,0.1079,46035,231,24.12,low,02:00,OP
8403,2025-12-17 03:00:00,2025,12,17,3,2,Weekday,Dec,0.1285,0.1285,46035,231,28.72,low,03:00,OP
8404,2025-12-17 04:00:00,2025,12,17,4,2,Weekday,Dec,0.1432,0.1432,46035,231,32.01,low,04:00,OP
8405,2025-12-17 05:00:00,2025,12,17,5,2,Weekday,Dec,0.157,0.157,46035,231,35.1,low,05:00,OP
8406,2025-12-17 06:00:00,2025,12,17,6,2,Weekday,Dec,0.289,0.289,46035,231,64.61,low,06:00,STD
8407,2025-12-17 07:00:00,2025,12,17,7,2,Weekday,Dec,0.046,0.1,46035,231,22.35,low,07:00,PK
8408,2025-12-17 08:00:00,2025,12,17,8,2,Weekday,Dec,0.3365,0.3365,46035,231,75.22,low,08:00,PK
8409,2025-12-17 09:00:00,2025,12,17,9,2,Weekday,Dec,0.6077,0.6077,46035,231,135.85,low,09:00,STD
8410,2025-12-17 10:00:00,2025,12,17,10,2,Weekday,Dec,0.5644,0.5644,46035,231,126.17,low,10:00,STD
8411,2025-12-17 11:00:00,2025,12,17,11,2,Weekday,Dec,0.5577,0.5577,46035,231,124.67,low,11:00,STD
8412,2025-12-17 12:00:00,2025,12,17,12,2,Weekday,Dec,0.5319,0.5319,46035,231,118.91,low,12:00,STD
8413,2025-12-17 13:00:00,2025,12,17,13,2,Weekday,Dec,0.5076,0.5076,46035,231,113.48,low,13:00,STD
8414,2025-12-17 14:00:00,2025,12,17,14,2,Weekday,Dec,0.4855,0.4855,46035,231,108.53,low,14:00,STD
8415,2025-12-17 15:00:00,2025,12,17,15,2,Weekday,Dec,0.4967,0.4967,46035,231,111.04,low,15:00,STD
8416,2025-12-17 16:00:00,2025,12,17,16,2,Weekday,Dec,0.5252,0.5252,46035,231,117.41,low,16:00,STD
8417,2025-12-17 17:00:00,2025,12,17,17,2,Weekday,Dec,0.2875,0.2875,46035,231,64.27,low,17:00,STD
8418,2025-12-17 18:00:00,2025,12,17,18,2,Weekday,Dec,0.0394,0.1,46035,231,22.35,low,18:00,PK
8419,2025-12-17 19:00:00,2025,12,17,19,2,Weekday,Dec,0.0369,0.1,46035,231,22.35,low,19:00,PK
8420,2025-12-17 20:00:00,2025,12,17,20,2,Weekday,Dec,0.2441,0.2441,46035,231,54.57,low,20:00,PK
8421,2025-12-17 21:00:00,2025,12,17,21,2,Weekday,Dec,0.4107,0.4107,46035,231,91.81,low,21:00,STD
8422,2025-12-17 22:00:00,2025,12,17,22,2,Weekday,Dec,0.1291,0.1291,46035,231,28.86,low,22:00,OP
8423,2025-12-17 23:00:00,2025,12,17,23,2,Weekday,Dec,0.0986,0.1,46035,231,22.35,low,23:00,OP
8424,2025-12-18 00:00:00,2025,12,18,0,3,Weekday,Dec,0.1105,0.1105,46035,231,24.71,low,00:00,OP
8425,2025-12-18 01:00:00,2025,12,18,1,3,Weekday,Dec,0.1022,0.1022,46035,231,22.85,low,01:00,OP
8426,2025-12-18 02:00:00,2025,12,18,2,3,Weekday,Dec,0.1079,0.1079,46035,231,24.12,low,02:00,OP
8427,2025-12-18 03:00:00,2025,12,18,3,3,Weekday,Dec,0.1285,0.1285,46035,231,28.72,low,03:00,OP
8428,2025-12-18 04:00:00,2025,12,18,4,3,Weekday,Dec,0.1432,0.1432,46035,231,32.01,low,04:00,OP
8429,2025-12-18 05:00:00,2025,12,18,5,3,Weekday,Dec,0.157,0.157,46035,231,35.1,low,05:00,OP
8430,2025-12-18 06:00:00,2025,12,18,6,3,Weekday,Dec,0.289,0.289,46035,231,64.61,low,06:00,STD
8431,2025-12-18 07:00:00,2025,12,18,7,3,Weekday,Dec,0.046,0.1,46035,231,22.35,low,07:00,PK
8432,2025-12-18 08:00:00,2025,12,18,8,3,Weekday,Dec,0.3365,0.3365,46035,231,75.22,low,08:00,PK
8433,2025-12-18 09:00:00,2025,12,18,9,3,Weekday,Dec,0.6077,0.6077,46035,231,135.85,low,09:00,STD
8434,2025-12-18 10:00:00,2025,12,18,10,3,Weekday,Dec,0.5644,0.5644,46035,231,126.17,low,10:00,STD
8435,2025-12-18 11:00:00,2025,12,18,11,3,Weekday,Dec,0.5577,0.5577,46035,231,124.67,low,11:00,STD
8436,2025-12-18 12:00:00,2025,12,18,12,3,Weekday,Dec,0.5319,0.5319,46035,231,118.91,low,12:00,STD
8437,2025-12-18 13:00:00,2025,12,18,13,3,Weekday,Dec,0.5076,0.5076,46035,231,113.48,low,13:00,STD
8438,2025-12-18 14:00:00,2025,12,18,14,3,Weekday,Dec,0.4855,0.4855,46035,231,108.53,low,14:00,STD
8439,2025-12-18 15:00:00,2025,12,18,15,3,Weekday,Dec,0.4967,0.4967,46035,231,111.04,low,15:00,STD
8440,2025-12-18 16:00:00,2025,12,18,16,3,Weekday,Dec,0.5252,0.5252,46035,231,117.41,low,16:00,STD
8441,2025-12-18 17:00:00,2025,12,18,17,3,Weekday,Dec,0.2875,0.2875,46035,231,64.27,low,17:00,STD
8442,2025-12-18 18:00:00,2025,12,18,18,3,Weekday,Dec,0.0394,0.1,46035,231,22.35,low,18:00,PK
8443,2025-12-18 19:00:00,2025,12,18,19,3,Weekday,Dec,0.0369,0.1,46035,231,22.35,low,19:00,PK
8444,2025-12-18 20:00:00,2025,12,18,20,3,Weekday,Dec,0.2441,0.2441,46035,231,54.57,low,20:00,PK
8445,2025-12-18 21:00:00,2025,12,18,21,3,Weekday,Dec,0.4107,0.4107,46035,231,91.81,low,21:00,STD
8446,2025-12-18 22:00:00,2025,12,18,22,3,Weekday,Dec,0.1291,0.1291,46035,231,28.86,low,22:00,OP
8447,2025-12-18 23:00:00,2025,12,18,23,3,Weekday,Dec,0.0986,0.1,46035,231,22.35,low,23:00,OP
8448,2025-12-19 00:00:00,2025,12,19,0,4,Weekday,Dec,0.1105,0.1105,46035,231,24.71,low,00:00,OP
8449,2025-12-19 01:00:00,2025,12,19,1,4,Weekday,Dec,0.1022,0.1022,46035,231,22.85,low,01:00,OP
8450,2025-12-19 02:00:00,2025,12,19,2,4,Weekday,Dec,0.1079,0.1079,46035,231,24.12,low,02:00,OP
8451,2025-12-19 03:00:00,2025,12,19,3,4,Weekday,Dec,0.1285,0.1285,46035,231,28.72,low,03:00,OP
8452,2025-12-19 04:00:00,2025,12,19,4,4,Weekday,Dec,0.1432,0.1432,46035,231,32.01,low,04:00,OP
8453,2025-12-19 05:00:00,2025,12,19,5,4,Weekday,Dec,0.157,0.157,46035,231,35.1,low,05:00,OP
8454,2025-12-19 06:00:00,2025,12,19,6,4,Weekday,Dec,0.289,0.289,46035,231,64.61,low,06:00,STD
8455,2025-12-19 07:00:00,2025,12,19,7,4,Weekday,Dec,0.046,0.1,46035,231,22.35,low,07:00,PK
8456,2025-12-19 08:00:00,2025,12,19,8,4,Weekday,Dec,0.3365,0.3365,46035,231,75.22,low,08:00,PK
8457,2025-12-19 09:00:00,2025,12,19,9,4,Weekday,Dec,0.6077,0.6077,46035,231,135.85,low,09:00,STD
8458,2025-12-19 10:00:00,2025,12,19,10,4,Weekday,Dec,0.5644,0.5644,46035,231,126.17,low,10:00,STD
8459,2025-12-19 11:00:00,2025,12,19,11,4,Weekday,Dec,0.5577,0.5577,46035,231,124.67,low,11:00,STD
8460,2025-12-19 12:00:00,2025,12,19,12,4,Weekday,Dec,0.5319,0.5319,46035,231,118.91,low,12:00,STD
8461,2025-12-19 13:00:00,2025,12,19,13,4,Weekday,Dec,0.5076,0.5076,46035,231,113.48,low,13:00,STD
8462,2025-12-19 14:00:00,2025,12,19,14,4,Weekday,Dec,0.4855,0.4855,46035,231,108.53,low,14:00,STD
8463,2025-12-19 15:00:00,2025,12,19,15,4,Weekday,Dec,0.4967,0.4967,46035,231,111.04,low,15:00,STD
8464,2025-12-19 16:00:00,2025,12,19,16,4,Weekday,Dec,0.5252,0.5252,46035,231,117.41,low,16:00,STD
8465,2025-12-19 17:00:00,2025,12,19,17,4,Weekday,Dec,0.2875,0.2875,46035,231,64.27,low,17:00,STD
8466,2025-12-19 18:00:00,2025,12,19,18,4,Weekday,Dec,0.0394,0.1,46035,231,22.35,low,18:00,PK
8467,2025-12-19 19:00:00,2025,12,19,19,4,Weekday,Dec,0.0369,0.1,46035,231,22.35,low,19:00,PK
8468,2025-12-19 20:00:00,2025,12,19,20,4,Weekday,Dec,0.2441,0.2441,46035,231,54.57,low,20:00,PK
8469,2025-12-19 21:00:00,2025,12,19,21,4,Weekday,Dec,0.4107,0.4107,46035,231,91.81,low,21:00,STD
8470,2025-12-19 22:00:00,2025,12,19,22,4,Weekday,Dec,0.1291,0.1291,46035,231,28.86,low,22:00,OP
8471,2025-12-19 23:00:00,2025,12,19,23,4,Weekday,Dec,0.0986,0.1,46035,231,22.35,low,23:00,OP
8472,2025-12-20 00:00:00,2025,12,20,0,5,Sat,Dec,0.11,0.11,46035,231,24.59,low,00:00,OP
8473,2025-12-20 01:00:00,2025,12,20,1,5,Sat,Dec,0.1034,0.1034,46035,231,23.12,low,01:00,OP
8474,2025-12-20 02:00:00,2025,12,20,2,5,Sat,Dec,0.1073,0.1073,46035,231,23.99,low,02:00,OP
8475,2025-12-20 03:00:00,2025,12,20,3,5,Sat,Dec,0.1261,0.1261,46035,231,28.19,low,03:00,OP
8476,2025-12-20 04:00:00,2025,12,20,4,5,Sat,Dec,0.1426,0.1426,46035,231,31.87,low,04:00,OP
8477,2025-12-20 05:00:00,2025,12,20,5,5,Sat,Dec,0.1505,0.1505,46035,231,33.65,low,05:00,OP
8478,2025-12-20 06:00:00,2025,12,20,6,5,Sat,Dec,0.1655,0.1655,46035,231,37.0,low,06:00,OP
8479,2025-12-20 07:00:00,2025,12,20,7,5,Sat,Dec,0.3932,0.3932,46035,231,87.9,low,07:00,STD
8480,2025-12-20 08:00:00,2025,12,20,8,5,Sat,Dec,0.379,0.379,46035,231,84.73,low,08:00,STD
8481,2025-12-20 09:00:00,2025,12,20,9,5,Sat,Dec,0.3775,0.3775,46035,231,84.38,low,09:00,STD
8482,2025-12-20 10:00:00,2025,12,20,10,5,Sat,Dec,0.3608,0.3608,46035,231,80.65,low,10:00,STD
8483,2025-12-20 11:00:00,2025,12,20,11,5,Sat,Dec,0.3558,0.3558,46035,231,79.54,low,11:00,STD
8484,2025-12-20 12:00:00,2025,12,20,12,5,Sat,Dec,0.1722,0.1722,46035,231,38.5,low,12:00,OP
8485,2025-12-20 13:00:00,2025,12,20,13,5,Sat,Dec,0.1653,0.1653,46035,231,36.95,low,13:00,OP
8486,2025-12-20 14:00:00,2025,12,20,14,5,Sat,Dec,0.1541,0.1541,46035,231,34.45,low,14:00,OP
8487,2025-12-20 15:00:00,2025,12,20,15,5,Sat,Dec,0.1547,0.1547,46035,231,34.59,low,15:00,OP
8488,2025-12-20 16:00:00,2025,12,20,16,5,Sat,Dec,0.1634,0.1634,46035,231,36.53,low,16:00,OP
8489,2025-12-20 17:00:00,2025,12,20,17,5,Sat,Dec,0.3292,0.3292,46035,231,73.59,low,17:00,OP
8490,2025-12-20 18:00:00,2025,12,20,18,5,Sat,Dec,0.521,0.521,46035,231,116.46,low,18:00,STD
8491,2025-12-20 19:00:00,2025,12,20,19,5,Sat,Dec,0.3252,0.3252,46035,231,72.69,low,19:00,STD
8492,2025-12-20 20:00:00,2025,12,20,20,5,Sat,Dec,0.1437,0.1437,46035,231,32.12,low,20:00,OP
8493,2025-12-20 21:00:00,2025,12,20,21,5,Sat,Dec,0.1337,0.1337,46035,231,29.88,low,21:00,OP
8494,2025-12-20 22:00:00,2025,12,20,22,5,Sat,Dec,0.1291,0.1291,46035,231,28.86,low,22:00,OP
8495,2025-12-20 23:00:00,2025,12,20,23,5,Sat,Dec,0.0971,0.1,46035,231,22.35,low,23:00,OP
8496,2025-12-21 00:00:00,2025,12,21,0,6,Sun,Dec,0.11,0.11,46035,231,24.59,low,00:00,OP
8497,2025-12-21 01:00:00,2025,12,21,1,6,Sun,Dec,0.1034,0.1034,46035,231,23.12,low,01:00,OP
8498,2025-12-21 02:00:00,2025,12,21,2,6,Sun,Dec,0.1073,0.1073,46035,231,23.99,low,02:00,OP
8499,2025-12-21 03:00:00,2025,12,21,3,6,Sun,Dec,0.1261,0.1261,46035,231,28.19,low,03:00,OP
8500,2025-12-21 04:00:00,2025,12,21,4,6,Sun,Dec,0.1426,0.1426,46035,231,31.87,low,04:00,OP
8501,2025-12-21 05:00:00,2025,12,21,5,6,Sun,Dec,0.1505,0.1505,46035,231,33.65,low,05:00,OP
8502,2025-12-21 06:00:00,2025,12,21,6,6,Sun,Dec,0.1655,0.1655,46035,231,37.0,low,06:00,OP
8503,2025-12-21 07:00:00,2025,12,21,7,6,Sun,Dec,0.3932,0.3932,46035,231,87.9,low,07:00,OP
8504,2025-12-21 08:00:00,2025,12,21,8,6,Sun,Dec,0.379,0.379,46035,231,84.73,low,08:00,OP
8505,2025-12-21 09:00:00,2025,12,21,9,6,Sun,Dec,0.3775,0.3775,46035,231,84.38,low,09:00,OP
8506,2025-12-21 10:00:00,2025,12,21,10,6,Sun,Dec,0.3608,0.3608,46035,231,80.65,low,10:00,OP
8507,2025-12-21 11:00:00,2025,12,21,11,6,Sun,Dec,0.3558,0.3558,46035,231,79.54,low,11:00,OP
8508,2025-12-21 12:00:00,2025,12,21,12,6,Sun,Dec,0.1722,0.1722,46035,231,38.5,low,12:00,OP
8509,2025-12-21 13:00:00,2025,12,21,13,6,Sun,Dec,0.1653,0.1653,46035,231,36.95,low,13:00,OP
8510,2025-12-21 14:00:00,2025,12,21,14,6,Sun,Dec,0.1541,0.1541,46035,231,34.45,low,14:00,OP
8511,2025-12-21 15:00:00,2025,12,21,15,6,Sun,Dec,0.1547,0.1547,46035,231,34.59,low,15:00,OP
8512,2025-12-21 16:00:00,2025,12,21,16,6,Sun,Dec,0.1634,0.1634,46035,231,36.53,low,16:00,OP
8513,2025-12-21 17:00:00,2025,12,21,17,6,Sun,Dec,0.3292,0.3292,46035,231,73.59,low,17:00,OP
8514,2025-12-21 18:00:00,2025,12,21,18,6,Sun,Dec,0.521,0.521,46035,231,116.46,low,18:00,STD
8515,2025-12-21 19:00:00,2025,12,21,19,6,Sun,Dec,0.3252,0.3252,46035,231,72.69,low,19:00,STD
8516,2025-12-21 20:00:00,2025,12,21,20,6,Sun,Dec,0.1437,0.1437,46035,231,32.12,low,20:00,OP
8517,2025-12-21 21:00:00,2025,12,21,21,6,Sun,Dec,0.1337,0.1337,46035,231,29.88,low,21:00,OP
8518,2025-12-21 22:00:00,2025,12,21,22,6,Sun,Dec,0.1291,0.1291,46035,231,28.86,low,22:00,OP
8519,2025-12-21 23:00:00,2025,12,21,23,6,Sun,Dec,0.0971,0.1,46035,231,22.35,low,23:00,OP
8520,2025-12-22 00:00:00,2025,12,22,0,0,Weekday,Dec,0.1105,0.1105,46035,231,24.71,low,00:00,OP
8521,2025-12-22 01:00:00,2025,12,22,1,0,Weekday,Dec,0.1022,0.1022,46035,231,22.85,low,01:00,OP
8522,2025-12-22 02:00:00,2025,12,22,2,0,Weekday,Dec,0.1079,0.1079,46035,231,24.12,low,02:00,OP
8523,2025-12-22 03:00:00,2025,12,22,3,0,Weekday,Dec,0.1285,0.1285,46035,231,28.72,low,03:00,OP
8524,2025-12-22 04:00:00,2025,12,22,4,0,Weekday,Dec,0.1432,0.1432,46035,231,32.01,low,04:00,OP
8525,2025-12-22 05:00:00,2025,12,22,5,0,Weekday,Dec,0.157,0.157,46035,231,35.1,low,05:00,OP
8526,2025-12-22 06:00:00,2025,12,22,6,0,Weekday,Dec,0.289,0.289,46035,231,64.61,low,06:00,STD
8527,2025-12-22 07:00:00,2025,12,22,7,0,Weekday,Dec,0.046,0.1,46035,231,22.35,low,07:00,PK
8528,2025-12-22 08:00:00,2025,12,22,8,0,Weekday,Dec,0.3365,0.3365,46035,231,75.22,low,08:00,PK
8529,2025-12-22 09:00:00,2025,12,22,9,0,Weekday,Dec,0.6077,0.6077,46035,231,135.85,low,09:00,STD
8530,2025-12-22 10:00:00,2025,12,22,10,0,Weekday,Dec,0.5644,0.5644,46035,231,126.17,low,10:00,STD
8531,2025-12-22 11:00:00,2025,12,22,11,0,Weekday,Dec,0.5577,0.5577,46035,231,124.67,low,11:00,STD
8532,2025-12-22 12:00:00,2025,12,22,12,0,Weekday,Dec,0.5319,0.5319,46035,231,118.91,low,12:00,STD
8533,2025-12-22 13:00:00,2025,12,22,13,0,Weekday,Dec,0.5076,0.5076,46035,231,113.48,low,13:00,STD
8534,2025-12-22 14:00:00,2025,12,22,14,0,Weekday,Dec,0.4855,0.4855,46035,231,108.53,low,14:00,STD
8535,2025-12-22 15:00:00,2025,12,22,15,0,Weekday,Dec,0.4967,0.4967,46035,231,111.04,low,15:00,STD
8536,2025-12-22 16:00:00,2025,12,22,16,0,Weekday,Dec,0.5252,0.5252,46035,231,117.41,low,16:00,STD
8537,2025-12-22 17:00:00,2025,12,22,17,0,Weekday,Dec,0.2875,0.2875,46035,231,64.27,low,17:00,STD
8538,2025-12-22 18:00:00,2025,12,22,18,0,Weekday,Dec,0.0394,0.1,46035,231,22.35,low,18:00,PK
8539,2025-12-22 19:00:00,2025,12,22,19,0,Weekday,Dec,0.0369,0.1,46035,231,22.35,low,19:00,PK
8540,2025-12-22 20:00:00,2025,12,22,20,0,Weekday,Dec,0.2441,0.2441,46035,231,54.57,low,20:00,PK
8541,2025-12-22 21:00:00,2025,12,22,21,0,Weekday,Dec,0.4107,0.4107,46035,231,91.81,low,21:00,STD
8542,2025-12-22 22:00:00,2025,12,22,22,0,Weekday,Dec,0.1291,0.1291,46035,231,28.86,low,22:00,OP
8543,2025-12-22 23:00:00,2025,12,22,23,0,Weekday,Dec,0.0986,0.1,46035,231,22.35,low,23:00,OP
8544,2025-12-23 00:00:00,2025,12,23,0,1,Weekday,Dec,0.1105,0.1105,46035,231,24.71,low,00:00,OP
8545,2025-12-23 01:00:00,2025,12,23,1,1,Weekday,Dec,0.1022,0.1022,46035,231,22.85,low,01:00,OP
8546,2025-12-23 02:00:00,2025,12,23,2,1,Weekday,Dec,0.1079,0.1079,46035,231,24.12,low,02:00,OP
8547,2025-12-23 03:00:00,2025,12,23,3,1,Weekday,Dec,0.1285,0.1285,46035,231,28.72,low,03:00,OP
8548,2025-12-23 04:00:00,2025,12,23,4,1,Weekday,Dec,0.1432,0.1432,46035,231,32.01,low,04:00,OP
8549,2025-12-23 05:00:00,2025,12,23,5,1,Weekday,Dec,0.157,0.157,46035,231,35.1,low,05:00,OP
8550,2025-12-23 06:00:00,2025,12,23,6,1,Weekday,Dec,0.289,0.289,46035,231,64.61,low,06:00,STD
8551,2025-12-23 07:00:00,2025,12,23,7,1,Weekday,Dec,0.046,0.1,46035,231,22.35,low,07:00,PK
8552,2025-12-23 08:00:00,2025,12,23,8,1,Weekday,Dec,0.3365,0.3365,46035,231,75.22,low,08:00,PK
8553,2025-12-23 09:00:00,2025,12,23,9,1,Weekday,Dec,0.6077,0.6077,46035,231,135.85,low,09:00,STD
8554,2025-12-23 10:00:00,2025,12,23,10,1,Weekday,Dec,0.5644,0.5644,46035,231,126.17,low,10:00,STD
8555,2025-12-23 11:00:00,2025,12,23,11,1,Weekday,Dec,0.5577,0.5577,46035,231,124.67,low,11:00,STD
8556,2025-12-23 12:00:00,2025,12,23,12,1,Weekday,Dec,0.5319,0.5319,46035,231,118.91,low,12:00,STD
8557,2025-12-23 13:00:00,2025,12,23,13,1,Weekday,Dec,0.5076,0.5076,46035,231,113.48,low,13:00,STD
8558,2025-12-23 14:00:00,2025,12,23,14,1,Weekday,Dec,0.4855,0.4855,46035,231,108.53,low,14:00,STD
8559,2025-12-23 15:00:00,2025,12,23,15,1,Weekday,Dec,0.4967,0.4967,46035,231,111.04,low,15:00,STD
8560,2025-12-23 16:00:00,2025,12,23,16,1,Weekday,Dec,0.5252,0.5252,46035,231,117.41,low,16:00,STD
8561,2025-12-23 17:00:00,2025,12,23,17,1,Weekday,Dec,0.2875,0.2875,46035,231,64.27,low,17:00,STD
8562,2025-12-23 18:00:00,2025,12,23,18,1,Weekday,Dec,0.0394,0.1,46035,231,22.35,low,18:00,PK
8563,2025-12-23 19:00:00,2025,12,23,19,1,Weekday,Dec,0.0369,0.1,46035,231,22.35,low,19:00,PK
8564,2025-12-23 20:00:00,2025,12,23,20,1,Weekday,Dec,0.2441,0.2441,46035,231,54.57,low,20:00,PK
8565,2025-12-23 21:00:00,2025,12,23,21,1,Weekday,Dec,0.4107,0.4107,46035,231,91.81,low,21:00,STD
8566,2025-12-23 22:00:00,2025,12,23,22,1,Weekday,Dec,0.1291,0.1291,46035,231,28.86,low,22:00,OP
8567,2025-12-23 23:00:00,2025,12,23,23,1,Weekday,Dec,0.0986,0.1,46035,231,22.35,low,23:00,OP
8568,2025-12-24 00:00:00,2025,12,24,0,2,Weekday,Dec,0.1105,0.1105,46035,231,24.71,low,00:00,OP
8569,2025-12-24 01:00:00,2025,12,24,1,2,Weekday,Dec,0.1022,0.1022,46035,231,22.85,low,01:00,OP
8570,2025-12-24 02:00:00,2025,12,24,2,2,Weekday,Dec,0.1079,0.1079,46035,231,24.12,low,02:00,OP
8571,2025-12-24 03:00:00,2025,12,24,3,2,Weekday,Dec,0.1285,0.1285,46035,231,28.72,low,03:00,OP
8572,2025-12-24 04:00:00,2025,12,24,4,2,Weekday,Dec,0.1432,0.1432,46035,231,32.01,low,04:00,OP
8573,2025-12-24 05:00:00,2025,12,24,5,2,Weekday,Dec,0.157,0.157,46035,231,35.1,low,05:00,OP
8574,2025-12-24 06:00:00,2025,12,24,6,2,Weekday,Dec,0.289,0.289,46035,231,64.61,low,06:00,STD
8575,2025-12-24 07:00:00,2025,12,24,7,2,Weekday,Dec,0.046,0.1,46035,231,22.35,low,07:00,PK
8576,2025-12-24 08:00:00,2025,12,24,8,2,Weekday,Dec,0.3365,0.3365,46035,231,75.22,low,08:00,PK
8577,2025-12-24 09:00:00,2025,12,24,9,2,Weekday,Dec,0.6077,0.6077,46035,231,135.85,low,09:00,STD
8578,2025-12-24 10:00:00,2025,12,24,10,2,Weekday,Dec,0.5644,0.5644,46035,231,126.17,low,10:00,STD
8579,2025-12-24 11:00:00,2025,12,24,11,2,Weekday,Dec,0.5577,0.5577,46035,231,124.67,low,11:00,STD
8580,2025-12-24 12:00:00,2025,12,24,12,2,Weekday,Dec,0.5319,0.5319,46035,231,118.91,low,12:00,STD
8581,2025-12-24 13:00:00,2025,12,24,13,2,Weekday,Dec,0.5076,0.5076,46035,231,113.48,low,13:00,STD
8582,2025-12-24 14:00:00,2025,12,24,14,2,Weekday,Dec,0.4855,0.4855,46035,231,108.53,low,14:00,STD
8583,2025-12-24 15:00:00,2025,12,24,15,2,Weekday,Dec,0.4967,0.4967,46035,231,111.04,low,15:00,STD
8584,2025-12-24 16:00:00,2025,12,24,16,2,Weekday,Dec,0.5252,0.5252,46035,231,117.41,low,16:00,STD
8585,2025-12-24 17:00:00,2025,12,24,17,2,Weekday,Dec,0.2875,0.2875,46035,231,64.27,low,17:00,STD
8586,2025-12-24 18:00:00,2025,12,24,18,2,Weekday,Dec,0.0394,0.1,46035,231,22.35,low,18:00,PK
8587,2025-12-24 19:00:00,2025,12,24,19,2,Weekday,Dec,0.0369,0.1,46035,231,22.35,low,19:00,PK
8588,2025-12-24 20:00:00,2025,12,24,20,2,Weekday,Dec,0.2441,0.2441,46035,231,54.57,low,20:00,PK
8589,2025-12-24 21:00:00,2025,12,24,21,2,Weekday,Dec,0.4107,0.4107,46035,231,91.81,low,21:00,STD
8590,2025-12-24 22:00:00,2025,12,24,22,2,Weekday,Dec,0.1291,0.1291,46035,231,28.86,low,22:00,OP
8591,2025-12-24 23:00:00,2025,12,24,23,2,Weekday,Dec,0.0986,0.1,46035,231,22.35,low,23:00,OP
8592,2025-12-25 00:00:00,2025,12,25,0,3,Weekday,Dec,0.1105,0.1105,46035,231,24.71,low,00:00,OP
8593,2025-12-25 01:00:00,2025,12,25,1,3,Weekday,Dec,0.1022,0.1022,46035,231,22.85,low,01:00,OP
8594,2025-12-25 02:00:00,2025,12,25,2,3,Weekday,Dec,0.1079,0.1079,46035,231,24.12,low,02:00,OP
8595,2025-12-25 03:00:00,2025,12,25,3,3,Weekday,Dec,0.1285,0.1285,46035,231,28.72,low,03:00,OP
8596,2025-12-25 04:00:00,2025,12,25,4,3,Weekday,Dec,0.1432,0.1432,46035,231,32.01,low,04:00,OP
8597,2025-12-25 05:00:00,2025,12,25,5,3,Weekday,Dec,0.157,0.157,46035,231,35.1,low,05:00,OP
8598,2025-12-25 06:00:00,2025,12,25,6,3,Weekday,Dec,0.289,0.289,46035,231,64.61,low,06:00,STD
8599,2025-12-25 07:00:00,2025,12,25,7,3,Weekday,Dec,0.046,0.1,46035,231,22.35,low,07:00,PK
8600,2025-12-25 08:00:00,2025,12,25,8,3,Weekday,Dec,0.3365,0.3365,46035,231,75.22,low,08:00,PK
8601,2025-12-25 09:00:00,2025,12,25,9,3,Weekday,Dec,0.6077,0.6077,46035,231,135.85,low,09:00,STD
8602,2025-12-25 10:00:00,2025,12,25,10,3,Weekday,Dec,0.5644,0.5644,46035,231,126.17,low,10:00,STD
8603,2025-12-25 11:00:00,2025,12,25,11,3,Weekday,Dec,0.5577,0.5577,46035,231,124.67,low,11:00,STD
8604,2025-12-25 12:00:00,2025,12,25,12,3,Weekday,Dec,0.5319,0.5319,46035,231,118.91,low,12:00,STD
8605,2025-12-25 13:00:00,2025,12,25,13,3,Weekday,Dec,0.5076,0.5076,46035,231,113.48,low,13:00,STD
8606,2025-12-25 14:00:00,2025,12,25,14,3,Weekday,Dec,0.4855,0.4855,46035,231,108.53,low,14:00,STD
8607,2025-12-25 15:00:00,2025,12,25,15,3,Weekday,Dec,0.4967,0.4967,46035,231,111.04,low,15:00,STD
8608,2025-12-25 16:00:00,2025,12,25,16,3,Weekday,Dec,0.5252,0.5252,46035,231,117.41,low,16:00,STD
8609,2025-12-25 17:00:00,2025,12,25,17,3,Weekday,Dec,0.2875,0.2875,46035,231,64.27,low,17:00,STD
8610,2025-12-25 18:00:00,2025,12,25,18,3,Weekday,Dec,0.0394,0.1,46035,231,22.35,low,18:00,PK
8611,2025-12-25 19:00:00,2025,12,25,19,3,Weekday,Dec,0.0369,0.1,46035,231,22.35,low,19:00,PK
8612,2025-12-25 20:00:00,2025,12,25,20,3,Weekday,Dec,0.2441,0.2441,46035,231,54.57,low,20:00,PK
8613,2025-12-25 21:00:00,2025,12,25,21,3,Weekday,Dec,0.4107,0.4107,46035,231,91.81,low,21:00,STD
8614,2025-12-25 22:00:00,2025,12,25,22,3,Weekday,Dec,0.1291,0.1291,46035,231,28.86,low,22:00,OP
8615,2025-12-25 23:00:00,2025,12,25,23,3,Weekday,Dec,0.0986,0.1,46035,231,22.35,low,23:00,OP
8616,2025-12-26 00:00:00,2025,12,26,0,4,Weekday,Dec,0.1105,0.1105,46035,231,24.71,low,00:00,OP
8617,2025-12-26 01:00:00,2025,12,26,1,4,Weekday,Dec,0.1022,0.1022,46035,231,22.85,low,01:00,OP
8618,2025-12-26 02:00:00,2025,12,26,2,4,Weekday,Dec,0.1079,0.1079,46035,231,24.12,low,02:00,OP
8619,2025-12-26 03:00:00,2025,12,26,3,4,Weekday,Dec,0.1285,0.1285,46035,231,28.72,low,03:00,OP
8620,2025-12-26 04:00:00,2025,12,26,4,4,Weekday,Dec,0.1432,0.1432,46035,231,32.01,low,04:00,OP
8621,2025-12-26 05:00:00,2025,12,26,5,4,Weekday,Dec,0.157,0.157,46035,231,35.1,low,05:00,OP
8622,2025-12-26 06:00:00,2025,12,26,6,4,Weekday,Dec,0.289,0.289,46035,231,64.61,low,06:00,STD
8623,2025-12-26 07:00:00,2025,12,26,7,4,Weekday,Dec,0.046,0.1,46035,231,22.35,low,07:00,PK
8624,2025-12-26 08:00:00,2025,12,26,8,4,Weekday,Dec,0.3365,0.3365,46035,231,75.22,low,08:00,PK
8625,2025-12-26 09:00:00,2025,12,26,9,4,Weekday,Dec,0.6077,0.6077,46035,231,135.85,low,09:00,STD
8626,2025-12-26 10:00:00,2025,12,26,10,4,Weekday,Dec,0.5644,0.5644,46035,231,126.17,low,10:00,STD
8627,2025-12-26 11:00:00,2025,12,26,11,4,Weekday,Dec,0.5577,0.5577,46035,231,124.67,low,11:00,STD
8628,2025-12-26 12:00:00,2025,12,26,12,4,Weekday,Dec,0.5319,0.5319,46035,231,118.91,low,12:00,STD
8629,2025-12-26 13:00:00,2025,12,26,13,4,Weekday,Dec,0.5076,0.5076,46035,231,113.48,low,13:00,STD
8630,2025-12-26 14:00:00,2025,12,26,14,4,Weekday,Dec,0.4855,0.4855,46035,231,108.53,low,14:00,STD
8631,2025-12-26 15:00:00,2025,12,26,15,4,Weekday,Dec,0.4967,0.4967,46035,231,111.04,low,15:00,STD
8632,2025-12-26 16:00:00,2025,12,26,16,4,Weekday,Dec,0.5252,0.5252,46035,231,117.41,low,16:00,STD
8633,2025-12-26 17:00:00,2025,12,26,17,4,Weekday,Dec,0.2875,0.2875,46035,231,64.27,low,17:00,STD
8634,2025-12-26 18:00:00,2025,12,26,18,4,Weekday,Dec,0.0394,0.1,46035,231,22.35,low,18:00,PK
8635,2025-12-26 19:00:00,2025,12,26,19,4,Weekday,Dec,0.0369,0.1,46035,231,22.35,low,19:00,PK
8636,2025-12-26 20:00:00,2025,12,26,20,4,Weekday,Dec,0.2441,0.2441,46035,231,54.57,low,20:00,PK
8637,2025-12-26 21:00:00,2025,12,26,21,4,Weekday,Dec,0.4107,0.4107,46035,231,91.81,low,21:00,STD
8638,2025-12-26 22:00:00,2025,12,26,22,4,Weekday,Dec,0.1291,0.1291,46035,231,28.86,low,22:00,OP
8639,2025-12-26 23:00:00,2025,12,26,23,4,Weekday,Dec,0.0986,0.1,46035,231,22.35,low,23:00,OP
8640,2025-12-27 00:00:00,2025,12,27,0,5,Sat,Dec,0.11,0.11,46035,231,24.59,low,00:00,OP
8641,2025-12-27 01:00:00,2025,12,27,1,5,Sat,Dec,0.1034,0.1034,46035,231,23.12,low,01:00,OP
8642,2025-12-27 02:00:00,2025,12,27,2,5,Sat,Dec,0.1073,0.1073,46035,231,23.99,low,02:00,OP
8643,2025-12-27 03:00:00,2025,12,27,3,5,Sat,Dec,0.1261,0.1261,46035,231,28.19,low,03:00,OP
8644,2025-12-27 04:00:00,2025,12,27,4,5,Sat,Dec,0.1426,0.1426,46035,231,31.87,low,04:00,OP
8645,2025-12-27 05:00:00,2025,12,27,5,5,Sat,Dec,0.1505,0.1505,46035,231,33.65,low,05:00,OP
8646,2025-12-27 06:00:00,2025,12,27,6,5,Sat,Dec,0.1655,0.1655,46035,231,37.0,low,06:00,OP
8647,2025-12-27 07:00:00,2025,12,27,7,5,Sat,Dec,0.3932,0.3932,46035,231,87.9,low,07:00,STD
8648,2025-12-27 08:00:00,2025,12,27,8,5,Sat,Dec,0.379,0.379,46035,231,84.73,low,08:00,STD
8649,2025-12-27 09:00:00,2025,12,27,9,5,Sat,Dec,0.3775,0.3775,46035,231,84.38,low,09:00,STD
8650,2025-12-27 10:00:00,2025,12,27,10,5,Sat,Dec,0.3608,0.3608,46035,231,80.65,low,10:00,STD
8651,2025-12-27 11:00:00,2025,12,27,11,5,Sat,Dec,0.3558,0.3558,46035,231,79.54,low,11:00,STD
8652,2025-12-27 12:00:00,2025,12,27,12,5,Sat,Dec,0.1722,0.1722,46035,231,38.5,low,12:00,OP
8653,2025-12-27 13:00:00,2025,12,27,13,5,Sat,Dec,0.1653,0.1653,46035,231,36.95,low,13:00,OP
8654,2025-12-27 14:00:00,2025,12,27,14,5,Sat,Dec,0.1541,0.1541,46035,231,34.45,low,14:00,OP
8655,2025-12-27 15:00:00,2025,12,27,15,5,Sat,Dec,0.1547,0.1547,46035,231,34.59,low,15:00,OP
8656,2025-12-27 16:00:00,2025,12,27,16,5,Sat,Dec,0.1634,0.1634,46035,231,36.53,low,16:00,OP
8657,2025-12-27 17:00:00,2025,12,27,17,5,Sat,Dec,0.3292,0.3292,46035,231,73.59,low,17:00,OP
8658,2025-12-27 18:00:00,2025,12,27,18,5,Sat,Dec,0.521,0.521,46035,231,116.46,low,18:00,STD
8659,2025-12-27 19:00:00,2025,12,27,19,5,Sat,Dec,0.3252,0.3252,46035,231,72.69,low,19:00,STD
8660,2025-12-27 20:00:00,2025,12,27,20,5,Sat,Dec,0.1437,0.1437,46035,231,32.12,low,20:00,OP
8661,2025-12-27 21:00:00,2025,12,27,21,5,Sat,Dec,0.1337,0.1337,46035,231,29.88,low,21:00,OP
8662,2025-12-27 22:00:00,2025,12,27,22,5,Sat,Dec,0.1291,0.1291,46035,231,28.86,low,22:00,OP
8663,2025-12-27 23:00:00,2025,12,27,23,5,Sat,Dec,0.0971,0.1,46035,231,22.35,low,23:00,OP
8664,2025-12-28 00:00:00,2025,12,28,0,6,Sun,Dec,0.11,0.11,46035,231,24.59,low,00:00,OP
8665,2025-12-28 01:00:00,2025,12,28,1,6,Sun,Dec,0.1034,0.1034,46035,231,23.12,low,01:00,OP
8666,2025-12-28 02:00:00,2025,12,28,2,6,Sun,Dec,0.1073,0.1073,46035,231,23.99,low,02:00,OP
8667,2025-12-28 03:00:00,2025,12,28,3,6,Sun,Dec,0.1261,0.1261,46035,231,28.19,low,03:00,OP
8668,2025-12-28 04:00:00,2025,12,28,4,6,Sun,Dec,0.1426,0.1426,46035,231,31.87,low,04:00,OP
8669,2025-12-28 05:00:00,2025,12,28,5,6,Sun,Dec,0.1505,0.1505,46035,231,33.65,low,05:00,OP
8670,2025-12-28 06:00:00,2025,12,28,6,6,Sun,Dec,0.1655,0.1655,46035,231,37.0,low,06:00,OP
8671,2025-12-28 07:00:00,2025,12,28,7,6,Sun,Dec,0.3932,0.3932,46035,231,87.9,low,07:00,OP
8672,2025-12-28 08:00:00,2025,12,28,8,6,Sun,Dec,0.379,0.379,46035,231,84.73,low,08:00,OP
8673,2025-12-28 09:00:00,2025,12,28,9,6,Sun,Dec,0.3775,0.3775,46035,231,84.38,low,09:00,OP
8674,2025-12-28 10:00:00,2025,12,28,10,6,Sun,Dec,0.3608,0.3608,46035,231,80.65,low,10:00,OP
8675,2025-12-28 11:00:00,2025,12,28,11,6,Sun,Dec,0.3558,0.3558,46035,231,79.54,low,11:00,OP
8676,2025-12-28 12:00:00,2025,12,28,12,6,Sun,Dec,0.1722,0.1722,46035,231,38.5,low,12:00,OP
8677,2025-12-28 13:00:00,2025,12,28,13,6,Sun,Dec,0.1653,0.1653,46035,231,36.95,low,13:00,OP
8678,2025-12-28 14:00:00,2025,12,28,14,6,Sun,Dec,0.1541,0.1541,46035,231,34.45,low,14:00,OP
8679,2025-12-28 15:00:00,2025,12,28,15,6,Sun,Dec,0.1547,0.1547,46035,231,34.59,low,15:00,OP
8680,2025-12-28 16:00:00,2025,12,28,16,6,Sun,Dec,0.1634,0.1634,46035,231,36.53,low,16:00,OP
8681,2025-12-28 17:00:00,2025,12,28,17,6,Sun,Dec,0.3292,0.3292,46035,231,73.59,low,17:00,OP
8682,2025-12-28 18:00:00,2025,12,28,18,6,Sun,Dec,0.521,0.521,46035,231,116.46,low,18:00,STD
8683,2025-12-28 19:00:00,2025,12,28,19,6,Sun,Dec,0.3252,0.3252,46035,231,72.69,low,19:00,STD
8684,2025-12-28 20:00:00,2025,12,28,20,6,Sun,Dec,0.1437,0.1437,46035,231,32.12,low,20:00,OP
8685,2025-12-28 21:00:00,2025,12,28,21,6,Sun,Dec,0.1337,0.1337,46035,231,29.88,low,21:00,OP
8686,2025-12-28 22:00:00,2025,12,28,22,6,Sun,Dec,0.1291,0.1291,46035,231,28.86,low,22:00,OP
8687,2025-12-28 23:00:00,2025,12,28,23,6,Sun,Dec,0.0971,0.1,46035,231,22.35,low,23:00,OP
8688,2025-12-29 00:00:00,2025,12,29,0,0,Weekday,Dec,0.1105,0.1105,46035,231,24.71,low,00:00,OP
8689,2025-12-29 01:00:00,2025,12,29,1,0,Weekday,Dec,0.1022,0.1022,46035,231,22.85,low,01:00,OP
8690,2025-12-29 02:00:00,2025,12,29,2,0,Weekday,Dec,0.1079,0.1079,46035,231,24.12,low,02:00,OP
8691,2025-12-29 03:00:00,2025,12,29,3,0,Weekday,Dec,0.1285,0.1285,46035,231,28.72,low,03:00,OP
8692,2025-12-29 04:00:00,2025,12,29,4,0,Weekday,Dec,0.1432,0.1432,46035,231,32.01,low,04:00,OP
8693,2025-12-29 05:00:00,2025,12,29,5,0,Weekday,Dec,0.157,0.157,46035,231,35.1,low,05:00,OP
8694,2025-12-29 06:00:00,2025,12,29,6,0,Weekday,Dec,0.289,0.289,46035,231,64.61,low,06:00,STD
8695,2025-12-29 07:00:00,2025,12,29,7,0,Weekday,Dec,0.046,0.1,46035,231,22.35,low,07:00,PK
8696,2025-12-29 08:00:00,2025,12,29,8,0,Weekday,Dec,0.3365,0.3365,46035,231,75.22,low,08:00,PK
8697,2025-12-29 09:00:00,2025,12,29,9,0,Weekday,Dec,0.6077,0.6077,46035,231,135.85,low,09:00,STD
8698,2025-12-29 10:00:00,2025,12,29,10,0,Weekday,Dec,0.5644,0.5644,46035,231,126.17,low,10:00,STD
8699,2025-12-29 11:00:00,2025,12,29,11,0,Weekday,Dec,0.5577,0.5577,46035,231,124.67,low,11:00,STD
8700,2025-12-29 12:00:00,2025,12,29,12,0,Weekday,Dec,0.5319,0.5319,46035,231,118.91,low,12:00,STD
8701,2025-12-29 13:00:00,2025,12,29,13,0,Weekday,Dec,0.5076,0.5076,46035,231,113.48,low,13:00,STD
8702,2025-12-29 14:00:00,2025,12,29,14,0,Weekday,Dec,0.4855,0.4855,46035,231,108.53,low,14:00,STD
8703,2025-12-29 15:00:00,2025,12,29,15,0,Weekday,Dec,0.4967,0.4967,46035,231,111.04,low,15:00,STD
8704,2025-12-29 16:00:00,2025,12,29,16,0,Weekday,Dec,0.5252,0.5252,46035,231,117.41,low,16:00,STD
8705,2025-12-29 17:00:00,2025,12,29,17,0,Weekday,Dec,0.2875,0.2875,46035,231,64.27,low,17:00,STD
8706,2025-12-29 18:00:00,2025,12,29,18,0,Weekday,Dec,0.0394,0.1,46035,231,22.35,low,18:00,PK
8707,2025-12-29 19:00:00,2025,12,29,19,0,Weekday,Dec,0.0369,0.1,46035,231,22.35,low,19:00,PK
8708,2025-12-29 20:00:00,2025,12,29,20,0,Weekday,Dec,0.2441,0.2441,46035,231,54.57,low,20:00,PK
8709,2025-12-29 21:00:00,2025,12,29,21,0,Weekday,Dec,0.4107,0.4107,46035,231,91.81,low,21:00,STD
8710,2025-12-29 22:00:00,2025,12,29,22,0,Weekday,Dec,0.1291,0.1291,46035,231,28.86,low,22:00,OP
8711,2025-12-29 23:00:00,2025,12,29,23,0,Weekday,Dec,0.0986,0.1,46035,231,22.35,low,23:00,OP
8712,2025-12-30 00:00:00,2025,12,30,0,1,Weekday,Dec,0.1105,0.1105,46035,231,24.71,low,00:00,OP
8713,2025-12-30 01:00:00,2025,12,30,1,1,Weekday,Dec,0.1022,0.1022,46035,231,22.85,low,01:00,OP
8714,2025-12-30 02:00:00,2025,12,30,2,1,Weekday,Dec,0.1079,0.1079,46035,231,24.12,low,02:00,OP
8715,2025-12-30 03:00:00,2025,12,30,3,1,Weekday,Dec,0.1285,0.1285,46035,231,28.72,low,03:00,OP
8716,2025-12-30 04:00:00,2025,12,30,4,1,Weekday,Dec,0.1432,0.1432,46035,231,32.01,low,04:00,OP
8717,2025-12-30 05:00:00,2025,12,30,5,1,Weekday,Dec,0.157,0.157,46035,231,35.1,low,05:00,OP
8718,2025-12-30 06:00:00,2025,12,30,6,1,Weekday,Dec,0.289,0.289,46035,231,64.61,low,06:00,STD
8719,2025-12-30 07:00:00,2025,12,30,7,1,Weekday,Dec,0.046,0.1,46035,231,22.35,low,07:00,PK
8720,2025-12-30 08:00:00,2025,12,30,8,1,Weekday,Dec,0.3365,0.3365,46035,231,75.22,low,08:00,PK
8721,2025-12-30 09:00:00,2025,12,30,9,1,Weekday,Dec,0.6077,0.6077,46035,231,135.85,low,09:00,STD
8722,2025-12-30 10:00:00,2025,12,30,10,1,Weekday,Dec,0.5644,0.5644,46035,231,126.17,low,10:00,STD
8723,2025-12-30 11:00:00,2025,12,30,11,1,Weekday,Dec,0.5577,0.5577,46035,231,124.67,low,11:00,STD
8724,2025-12-30 12:00:00,2025,12,30,12,1,Weekday,Dec,0.5319,0.5319,46035,231,118.91,low,12:00,STD
8725,2025-12-30 13:00:00,2025,12,30,13,1,Weekday,Dec,0.5076,0.5076,46035,231,113.48,low,13:00,STD
8726,2025-12-30 14:00:00,2025,12,30,14,1,Weekday,Dec,0.4855,0.4855,46035,231,108.53,low,14:00,STD
8727,2025-12-30 15:00:00,2025,12,30,15,1,Weekday,Dec,0.4967,0.4967,46035,231,111.04,low,15:00,STD
8728,2025-12-30 16:00:00,2025,12,30,16,1,Weekday,Dec,0.5252,0.5252,46035,231,117.41,low,16:00,STD
8729,2025-12-30 17:00:00,2025,12,30,17,1,Weekday,Dec,0.2875,0.2875,46035,231,64.27,low,17:00,STD
8730,2025-12-30 18:00:00,2025,12,30,18,1,Weekday,Dec,0.0394,0.1,46035,231,22.35,low,18:00,PK
8731,2025-12-30 19:00:00,2025,12,30,19,1,Weekday,Dec,0.0369,0.1,46035,231,22.35,low,19:00,PK
8732,2025-12-30 20:00:00,2025,12,30,20,1,Weekday,Dec,0.2441,0.2441,46035,231,54.57,low,20:00,PK
8733,2025-12-30 21:00:00,2025,12,30,21,1,Weekday,Dec,0.4107,0.4107,46035,231,91.81,low,21:00,STD
8734,2025-12-30 22:00:00,2025,12,30,22,1,Weekday,Dec,0.1291,0.1291,46035,231,28.86,low,22:00,OP
8735,2025-12-30 23:00:00,2025,12,30,23,1,Weekday,Dec,0.0986,0.1,46035,231,22.35,low,23:00,OP
8736,2025-12-31 00:00:00,2025,12,31,0,2,Weekday,Dec,0.1105,0.1105,46035,231,24.71,low,00:00,OP
8737,2025-12-31 01:00:00,2025,12,31,1,2,Weekday,Dec,0.1022,0.1022,46035,231,22.85,low,01:00,OP
8738,2025-12-31 02:00:00,2025,12,31,2,2,Weekday,Dec,0.1079,0.1079,46035,231,24.12,low,02:00,OP
8739,2025-12-31 03:00:00,2025,12,31,3,2,Weekday,Dec,0.1285,0.1285,46035,231,28.72,low,03:00,OP
8740,2025-12-31 04:00:00,2025,12,31,4,2,Weekday,Dec,0.1432,0.1432,46035,231,32.01,low,04:00,OP
8741,2025-12-31 05:00:00,2025,12,31,5,2,Weekday,Dec,0.157,0.157,46035,231,35.1,low,05:00,OP
8742,2025-12-31 06:00:00,2025,12,31,6,2,Weekday,Dec,0.289,0.289,46035,231,64.61,low,06:00,STD
8743,2025-12-31 07:00:00,2025,12,31,7,2,Weekday,Dec,0.046,0.1,46035,231,22.35,low,07:00,PK
8744,2025-12-31 08:00:00,2025,12,31,8,2,Weekday,Dec,0.3365,0.3365,46035,231,75.22,low,08:00,PK
8745,2025-12-31 09:00:00,2025,12,31,9,2,Weekday,Dec,0.6077,0.6077,46035,231,135.85,low,09:00,STD
8746,2025-12-31 10:00:00,2025,12,31,10,2,Weekday,Dec,0.5644,0.5644,46035,231,126.17,low,10:00,STD
8747,2025-12-31 11:00:00,2025,12,31,11,2,Weekday,Dec,0.5577,0.5577,46035,231,124.67,low,11:00,STD
8748,2025-12-31 12:00:00,2025,12,31,12,2,Weekday,Dec,0.5319,0.5319,46035,231,118.91,low,12:00,STD
8749,2025-12-31 13:00:00,2025,12,31,13,2,Weekday,Dec,0.5076,0.5076,46035,231,113.48,low,13:00,STD
8750,2025-12-31 14:00:00,2025,12,31,14,2,Weekday,Dec,0.4855,0.4855,46035,231,108.53,low,14:00,STD
8751,2025-12-31 15:00:00,2025,12,31,15,2,Weekday,Dec,0.4967,0.4967,46035,231,111.04,low,15:00,STD
8752,2025-12-31 16:00:00,2025,12,31,16,2,Weekday,Dec,0.5252,0.5252,46035,231,117.41,low,16:00,STD
8753,2025-12-31 17:00:00,2025,12,31,17,2,Weekday,Dec,0.2875,0.2875,46035,231,64.27,low,17:00,STD
8754,2025-12-31 18:00:00,2025,12,31,18,2,Weekday,Dec,0.0394,0.1,46035,231,22.35,low,18:00,PK
8755,2025-12-31 19:00:00,2025,12,31,19,2,Weekday,Dec,0.0369,0.1,46035,231,22.35,low,19:00,PK
8756,2025-12-31 20:00:00,2025,12,31,20,2,Weekday,Dec,0.2441,0.2441,46035,231,54.57,low,20:00,PK
8757,2025-12-31 21:00:00,2025,12,31,21,2,Weekday,Dec,0.4107,0.4107,46035,231,91.81,low,21:00,STD
8758,2025-12-31 22:00:00,2025,12,31,22,2,Weekday,Dec,0.1291,0.1291,46035,231,28.86,low,22:00,OP
8759,2025-12-31 23:00:00,2025,12,31,23,2,Weekday,Dec,0.0986,0.1,46035,231,22.35,low,23:00,OP
